آخر	ʔaːxir	97
آخر	ʔaːxar	97
آدم	ʔaːdam	7
آمن	ʔaːmana	5
آمن	ʔaːmin	5
آمن	ʔaːmanu	5
آمن	ʔaːmana	5
آمن	ʔaːman	5
آمن	ʔaːmunu	5
آمن	ʔaːmuna	5
آمن	ʔaːmun	5
آمين	ʔaːmiːna	2
آية	ʔaːja	5
أ	ʔ	2
أب	ʔab	3
أبدا	ʔabadan	1
أبرز	ʔabraz	26
أبرز	baraza	26
أبرز	ʔabruza	26
أبرز	ʔabruz	26
أبريل	ʔabriːl	12
أتاح	ʔataːħa	1
أتون	ʔattuːn	2
أثاث	ʔaθaːθ	1
أثناء	ʔaθnaːʔ	46
أثناء	ʔaθnaːʔa	46
أثيوبيا	ʔaθijuːbijaː	2
أجاب	ʔad͡ʒaːba	7
أجاب	ʔud͡ʒaːbu	7
أجزاء	ʔad͡ʒzaːʔ	3
أجمع	ʔad͡ʒmaʕa	2
أجمع	ʔad͡ʒmaʕ	2
أجمع	ʔad͡ʒmaʕ	2
أجنبي	ʔad͡ʒnabijj	4
أحب	ʔaħabba	7
أحب	ʔaħabb	7
أحبك	ʔuħibbuka	3
أحبك	ʔuħibbuki	3
أحجم	ʔaħd͡ʒama	1
أحد	ʔaħad	105
أحسن	ʔaħsana	8
أحسن	ʔaħsan	8
أحسن	ʔaħsunu	8
أحسن	ʔaħsuna	8
أحسن	ʔaħsun	8
أحسن	ʔuħassinu	8
أحسن	ʔuħassina	8
أحسن	ʔuħassin	8
أحسن	ʔuħassanu	8
أحسن	ʔuħassana	8
أحسن	ʔuħassan	8
أحمر	ʔaħmar	2
أحمق	ʔaħmaq	1
أخ	ʔax	1
أخت	ʔuxt	2
أخذ	ʔaxaða	13
أخذ	ʔaxxaða	13
أخذ	ʔaxð	13
أخلاقي	ʔaxlaːqijj	1
أدار	ʔadaːra	3
أدان	ʔadaːna	1
أدب	ʔadab	4
أدب	ʔaddaba	4
أدبي	ʔadabijj	2
أدبي	ʔaddibiː	2
أدهش	ʔadhaʃa	1
أدهش	ʔudhiʃu	1
أدهش	ʔudhiʃa	1
أدهش	ʔudhiʃ	1
أدهش	ʔadhiʃ	1
أدهش	ʔudhaʃu	1
أدهش	ʔudhaʃa	1
أدهش	ʔudhaʃ	1
أذربيجان	ʔaðarbajd͡ʒaːn	4
أذن	ʔuðun	2
أذن	ʔaðina	2
أذن	ʔaðana	2
أذن	ʔaððana	2
أذن	ʔaðan	2
أذن	ʔaðn	2
أراد	ʔaraːda	14
أربعة	ʔarbaʕa	26
أربعة	ʔarbiʕa	26
أردني	ʔurdunnijj	1
أرض	ʔardˤ	20
أرضي	ʔardˤijj	2
أركان	ʔarkaːn	4
أزرق	ʔazraq	2
أزرق	ʔazraɡ	2
أزرق	ʔazraɡ	2
أساس	ʔasaːs	20
أساسي	ʔasaːsijj	6
أسباب	ʔasbaːb	22
أسباب	ʔasbaːb	22
أسبوعي	ʔusbuːʕijj	1
أستاذ	ʔustaːð	13
أستاذ	ʔustaːz	13
أستراليا	ʔusturaːlijaː	6
أسرة	ʔusra	8
أسرة	ʔasirra	8
أسري	ʔusrijj	1
أسطوانة	ʔustˤuwaːnah	1
أسطورة	ʔustˤuːra	1
أسفر	ʔasfara	8
أسلوب	ʔusluːb	12
أسماء	ʔasmaːʔ	12
أسهل	ʔashal	5
أسهل	ʔashulu	5
أسهل	ʔashula	5
أسهل	ʔashul	5
أسهل	ʔusahhilu	5
أسهل	ʔusahhila	5
أسهل	ʔusahhil	5
أسهل	ʔusahhalu	5
أسهل	ʔusahhala	5
أسهل	ʔusahhal	5
أسوأ	ʔaswaʔ	6
أسوة	ʔuswa	1
أسود	ʔaswad	3
أسود	ʔusuːd	3
أسود	ʔaswad	3
أسير	ʔasiːr	3
أضاع	ʔadˤaːʕa	1
أضاف	ʔadˤaːfa	11
أطفال	ʔatˤfaːl	11
أعطى	ʔaʕtˤaː	7
أعقد	ʔaʕqad	1
أعقد	ʔaʕɡad	1
أعقد	ʔaʕɡad	1
أعلن	ʔaʕlana	48
أعلى	ʔaʕlaː	34
أعلى	ʔaʕlaː	34
أعلى	ʔuʕlaː	34
أعلى	ʔuʕlaː	34
أعلى	ʔuʕlaː	34
أعلى	ʔuʕlaː	34
أعلى	ʔaʕlaː	34
أعلى	ʔaʕlaː	34
أعمى	ʔaʕmaː	1
أعمى	ʔaʕmaː	1
أعمى	ʔuʕammaː	1
أغبر	ʔaɣbar	1
أغسطس	ʔaɣustˤus	14
أغلب	ʔaɣlab	10
أغلب	ʔaɣlabu	10
أغلب	ʔaɣlaba	10
أغلب	ʔaɣlab	10
أغلب	ʔaɣlibu	10
أغلب	ʔaɣliba	10
أغلب	ʔaɣlib	10
أغلب	ʔuɣlabu	10
أغلب	ʔuɣlaba	10
أغلب	ʔuɣlab	10
أغلب	ʔuɣallibu	10
أغلب	ʔuɣalliba	10
أغلب	ʔuɣallib	10
أغلب	ʔuɣallabu	10
أغلب	ʔuɣallaba	10
أغلب	ʔuɣallab	10
أفاد	ʔafaːda	10
أفرغ	ʔafraɣa	1
أفرغ	ʔafraɣ	1
أفريقيا	ʔafriːqijaː	14
أفغانستان	ʔafɣaːnistaːn	15
أقر	ʔaqarra	4
أقرأ	ʔaqraʔa	3
أقرب	ʔaqrab	7
أقرب	ʔaqraba	7
أكتوبر	ʔoktoːbir	22
أكسجين	ʔuksid͡ʒiːn	2
أكل	ʔakala	3
أكل	ʔakkala	3
أكل	ʔakl	3
أكل	ʔukul	3
أكل	ʔukl	3
ألا	ʔallaː	29
ألا	ʔalaː	29
ألا	ʔalaː	29
ألا	ʔalaː	29
ألف	ʔalif	93
ألقى	ʔalqaː	3
ألم	ʔalam	7
ألمانيا	ʔalmaːnijaː	25
أليس	ʔaljas	5
أم	ʔamma	68
أم	ʔumm	68
أم	ʔamm	68
أم	ʔam	68
أما	ʔammaː	101
أمازيغي	ʔamaːziːɣijj	1
أمامي	ʔamaːmijj	2
أمريكا	ʔamriːkaː	34
أمريكي	ʔamriːkijj	6
أمس	ʔamsi	74
أمس	ʔams	74
أمس	ʔamassu	74
أمس	ʔamassa	74
أمس	ʔamassi	74
أمس	ʔumassu	74
أمس	ʔumassa	74
أمس	ʔumassi	74
أمضى	ʔamdˤaː	1
أمير	ʔamiːr	26
أميرة	æmiːra	1
أن	ʔan	2088
أن	ʔanna	2088
أن	ʔanna	2088
أن	ʔann	2088
أنا	ʔana	63
أنا	ʔanaː	63
أنت	ʔanta	33
أنت	ʔanta	33
أنت	ʔanti	33
أنت	ʔanti	33
أنتم	ʔantum	10
أنف	ʔanf	2
أنف	ʔanfu	2
أنف	ʔunfa	2
أنف	ʔanfi	2
أنملة	ʔanmala	1
أنموذج	ʔunmuːðad͡ʒ	1
أنور	ʔanwar	6
أهبة	ʔuhba	2
أهدى	ʔahdaː	1
أهلا	ʔahlan	2
أو	ʔaw	511
أوج	ʔawd͡ʒ	2
أوجد	ʔawd͡ʒada	1
أوجد	ʔuːd͡ʒadu	1
أوجد	ʔuːd͡ʒada	1
أوجد	ʔuːd͡ʒad	1
أودى	ʔawdaː	1
أوركسترا	ʔorkestraː	1
أوروبا	ʔurubbaː	34
أوروبي	ʔuːruːbbijj	2
أوضح	ʔawdˤaħa	12
أوغندا	ʔuɣandaː	1
أوقف	ʔawqafa	2
أوكرانيا	ʔukraːnijaː	7
أولئك	ʔulaːʔika	13
أولى	ʔawlaː	12
أولى	ʔawlaː	12
أولى	ʔuːlaː	12
أولى	ʔulaː	12
أولى	ʔuːlaː	12
أيام	ʔæjjæːm	44
أين	ʔajna	21
أين	ʔajn	21
أين	ʔajjana	21
إبراهيم	ʔibraːhiːm	23
إبريل	ʔibriːl	2
إثيوبيا	ʔiθjuːbijaː	1
إحدى	ʔiħdaː	22
إحسان	ʔiħsaːn	3
إدريس	ʔidriːs	1
إذ	ʔið	61
إذا	ʔiðaː	131
إذا	ʔiðan	131
إذاعة	ʔiðaːʕa	3
إرتريا	ʔiritrijaː	1
إرهاب	ʔirhaːb	3
إرهابي	ʔirhaːbijj	6
إزاء	ʔizaːʔa	5
إسبانيا	ʔisbaːnijaː	5
إستاد	ʔistaːd	1
إسرائيل	ʔisraːʔiːl	58
إسرائيلي	ʔisraːʔiːlijj	6
إسلام	ʔislaːm	3
إشبيلية	ʔiʃbiːlija	1
إعلام	ʔiʕlaːm	11
إعلامي	ʔiʕlaːmijj	1
إفادة	ʔifaːda	1
إفريقيا	ʔifriːqijaː	11
إقالة	ʔiqaːlah	1
إقامة	ʔiqaːma	16
إكليل	ʔikliːl	1
إلى	ʔilaː	1614
إلى	ʔilan	1614
إما	ʔimmaː	7
إن	ʔin	416
إن	ʔinna	416
إن	ʔin	416
إناء	ʔinaːʔ	1
إنجلترا	ʔinɡilteraː	2
إنجليزي	ʔinɡliːzijj	1
إنجليزي	ʔind͡ʒiliːzijj	1
إندونيسيا	ʔinduːniːsijaː	7
إنسان	ʔinsaːn	13
إي	ʔiː	4
إيجاد	ʔiːd͡ʒaːd	9
إيران	ʔiːraːn	59
إيطاليا	ʔiːtˤaːlijaː	10
إيمان	ʔiːmaːn	3
ا	ʔalif	3
ا	ʔ	3
ا	aː	3
ائتلاف	iʔtilaːf	5
ابتعد	ibtaʕada	2
ابن	ibn	30
ابن	ibni	30
اتحاد	ittiħaːd	19
اتضح	ittadˤaħa	1
اتهام	ittihaːm	9
اثنان	ʔiθnaːn	6
احتراق	iħtiraːq	1
اختطاف	ixtitˤaːf	6
ارتاح	irtaːħa	2
استحوذ	istaħwaða	1
استدعاء	istidʕaːʔ	3
استدعى	istadʕaː	4
استرجع	istard͡ʒaʕa	1
استعان	istaʕaːna	2
استكشاف	istikʃaːf	3
استمرار	istimraːr	22
استنكر	istankara	2
اسم	ism	34
اسم	isim	34
اسم	usmu	34
اعتبر	iʕtabara	7
اعتداء	iʕtidaːʔ	7
اعتدى	iʕtadaː	1
اعتذر	ʔaʕtaðir	1
اعتقد	iʕtaqada	11
اعتقل	iʕtaqala	4
افغانستان	afɣaːnistaːn	5
اقتضى	iqtadˤaː	1
الآن	alʔaːna	101
الآن	alʔaːn	101
الأحد	alʔaħad	46
الأربعاء	alʔarbiʕaːʔ	50
الأرجنتين	alʔard͡ʒantiːn	3
الأردن	alʔurdunn	16
الأردن	alʔurdun	16
الأندلس	alʔandalus	3
الأندلس	alʔandulus	3
الإسلام	alʔislaːm	31
الإمارات	alʔimaːraːt	44
الاثنين	ʔaliθnajni	47
البحرين	albaħrajn	37
البرازيل	albaraːziːl	8
البرتغال	alburtuɣaːl	3
التقط	iltaqatˤa	1
الثلاثاء	aθθulaːθaːʔ	52
الثلاثاء	aθθalaːθaːʔ	52
الجزائر	ald͡ʒazaːʔir	51
الجزائر	eɡɡazajer	51
الجمعة	ald͡ʒumuʕa	53
الجمعة	ald͡ʒumʕa	53
الخميس	alxamiːs	72
الدنمارك	addanmaːrk	3
الذي	allaðiː	745
السبت	assabt	66
السعودية	assuʕuːdijja	122
السفن	assufun	8
السلفادور	assalfaːduːr	1
السودان	assuːdaːn	54
السويد	assuwajd	10
الصومال	asˤsˤuːmaːl	7
الصين	asˤsˤiːn	68
العبرية	alʕibrijja	1
العراق	alʕiraːq	84
الفرات	alfuraːt	1
الفلبين	alfilibbiːn	5
القدس	alquds	50
القرآن	alqurʔaːn	26
القطيف	alqatˀiːf	2
القطيف	ɪlqətˀif	2
الكاميرون	alkaːmiːruːn	3
الكويت	alkuwajt	36
اللات	allaːt	1
الله	aɫɫaːh	347
الله	aɫɫaːh	347
الله	aɫɫaːhu	347
المرء	almarʔ	10
المسيح	almasiːħ	3
المغرب	almaɣrib	21
المكسيك	almaksiːk	3
النرويج	annurwiːd͡ʒ	1
النرويج	annurweːɡ	1
النمسا	annamsaː	1
النمسا	annimsaː	1
النيجر	anniːd͡ʒar	6
النيجر	anniːɡar	6
الهند	alhind	10
اليابان	aljaːbaːn	10
اليمن	aljaman	67
اليونان	aljuːnaːn	12
امتحان	imtiħaːn	3
امرأة	ʔimraʔa	22
امرؤ	umruʔ	1
انتظم	intaðˤama	1
انتفاضة	intifaːdˤa	4
انتقد	intaqada	1
انتمى	intamaː	1
انتهاك	intihaːk	3
انتهى	intahaː	6
انخرط	inxaratˤa	1
انخفاض	inxifaːdˤ	9
انخفض	inxafadˤa	2
اندلع	indalaʕa	1
انشق	inʃaqqa	1
انشقاق	inʃiqaːq	1
انقراض	inqiraːdˤ	1
انقلاب	inqilaːb	4
انقلب	inqalaba	1
اهتز	ihtazza	1
ب	baːʔ	28
ب	b	28
ب	bi	28
بؤر	buʔar	2
بؤرة	buʔra	2
بئر	biʔr	1
باب	baːb	24
باب	bɛːp	24
بابا	baːbaː	9
باحث	baːħaθa	3
بارد	baːrid	1
بارز	baːriz	4
بارز	baːraza	4
بازار	bazaːr	1
باستمرار	bistimraːr	9
باع	baːʕa	1
باكستان	baːkistaːn	14
بال	baːla	5
بال	bōl	5
بال	bōl	5
بالتوفيق	bittawfiːqi	4
بحاح	buħaːħ	1
بحار	baħħaːr	1
بحث	baħaθa	19
بحث	baħθ	19
بحر	baħr	7
بحر	baħħara	7
بحر	baħira	7
بحر	baħara	7
بحر	baħar	7
بحري	baħrijj	1
بحريني	baħrajnijj	3
بحيرة	buħajra	2
بدأ	badaʔa	37
بدر	badr	9
بدلة	badla	1
بدوي	badawijj	1
براءة	baraːʔa	4
برج	burd͡ʒ	5
برج	barid͡ʒa	5
برج	barad͡ʒ	5
برجل	bard͡ʒal	1
برقية	barqijja	6
برلمان	barlamaːn	6
برنامج	barnaːmad͡ʒ	52
بري	barriː	2
بريطاني	bariːtˤaːnijj	1
بريطاني	biriːtˤaːnijj	1
بس	bassa	22
بس	bass	22
بسبب	bisababi	113
بسكرة	biskara	1
بصير	basˤiːr	1
بطالة	bitˤaːla	2
بطالة	batˤaːla	2
بطانة	bitˤaːna	1
بطن	batˤana	2
بطن	batˤtˤana	2
بطن	batˤn	2
بطن	batˤin	2
بعض	baʕdˤ	189
بعيد	baʕiːd	19
بغداد	baɣdaːd	28
بقر	baqar	1
بقص	baqsˤ	1
بقص	buqsˤ	1
بقي	baqija	10
بقي	biɡi	10
بقي	biɡi	10
بقية	baqijja	8
بلان	ballaːn	2
بلجيكا	bild͡ʒiːkaː	2
بلجيكا	bald͡ʒiːkaː	2
بلجيكا	beld͡ʒiːkaː	2
بلغاريا	bulɣaːrijaː	3
بن	bn	165
بن	bunn	165
بن	bin	165
بن	binna	165
بناية	binaːja	3
بنت	bint	2
بنت	bintu	2
بنت	binta	2
بنت	binti	2
بنت	banat	2
بند	band	1
بندر	bandar	4
بنما	banamaː	1
بوابة	bawwaːba	4
بورصة	buːrsˤa	9
بورما	burmaː	1
بوصلة	buːsˤula	1
بوصلة	buːsˤila	1
بوصلة	bawsˤala	1
بوصلة	buːsˤla	1
بوصلة	bosˤla	1
بوصلة	buːsˤleː	1
بولندا	bulandaː	1
بولندا	boːlandaː	1
بولندا	poːlandaː	1
بوليفيا	buːliːfijaː	1
بيت	bajt	29
بيت	beːt	29
بيت	bajjata	29
بيت	biːta	29
بيرو	beːruː	2
بيض	bajdˤ	3
بيض	bajjadˤa	3
بيض	biːdˤ	3
بيلاروسيا	belaruːsjaː	1
بين	bajna	557
ت	taːʔ	4
ت	t	4
تأخير	taʔxiːr	3
تاء	taːʔ	1
تاب	taːba	1
تاج	taːd͡ʒ	3
تاريخ	taːriːx	51
تايلاند	taːjland	1
تايلند	taːjland	1
تجارة	tid͡ʒaːra	6
تجدد	tad͡ʒaddada	2
تجدد	tad͡ʒaddud	2
تجربة	tad͡ʒriba	23
تجنب	tad͡ʒannaba	6
تجنب	tad͡ʒannub	6
تحالف	taħaːluf	13
تحت	taħtu	100
تحت	taħta	100
تحدى	taħaddaː	1
تحذير	taħðiːr	1
تحرير	tæħriːr	18
تحريض	taħriːdˤ	1
تحكم	taħakkama	4
تحكم	taħakkum	4
تحيز	taħawwaza	1
تدخين	tadxiːn	1
تدريب	tadriːb	9
تدمير	tadmiːr	13
تراب	turaːb	5
تراوح	taraːwaħa	3
تراوح	taraːwuħ	3
تربة	turba	2
ترجمة	tard͡ʒama	7
ترك	taraka	11
ترك	tark	11
ترك	tarraka	11
ترك	turk	11
تركيا	turkijjaː	48
تركيب	tarkiːb	3
ترميم	tarmiːm	3
تزامن	tazaːmana	1
تزامن	tazaːmun	1
تزويد	tazwiːd	2
تساءل	tasaːʔala	4
تسريب	tasriːb	3
تسع	tisʕ	4
تسعة	tisʕa	4
تسلل	tasallala	6
تسلم	tasallama	5
تسلم	tasallum	5
تشيلي	tʃiːliː	3
تشيلي	tʃiːlijj	3
تصدير	tasˤdiːr	8
تصغير	tasˤɣiːr	1
تصميم	tasˤmiːm	9
تصوير	tasˤwiːr	9
تضرر	tadˤarrara	1
تضرر	tadˤarrur	1
تضمن	tadˤammana	6
تضمن	tadˤammun	6
تطبيق	tatˤbiːq	30
تعادل	taʕaːdala	6
تعالى	taʕaːlaː	8
تعريف	taʕriːf	3
تعشق	taʕaʃʃaqa	1
تعليق	taʕliːq	10
تعليم	taʕliːm	8
تغريدة	taɣriːda	3
تفاجأ	tafaːd͡ʒaʔa	2
تفاوض	tafaːwadˤa	1
تفاوض	tafaːwudˤ	1
تفرغ	tafarraɣa	1
تفرغ	tafarruɣ	1
تفريغ	tafriːɣ	2
تفسير	tafsiːr	10
تفوق	tafawwaqa	4
تفوق	tafawwuq	4
تقبض	taqabbadˤa	1
تقدر	taqaddara	7
تقدم	taqaddama	52
تقدم	taqaddum	52
تقدمي	taqaddumijj	1
تقديم	taqdiːm	48
تقرأ	taqarraʔa	2
تقرر	taqarrara	4
تكشف	takaʃʃafa	19
تكفيري	takfiːrijj	1
تكلم	takallama	4
تكلم	takallum	4
تل	tall	6
تلا	talaː	1
تلفون	tilifuːn	2
تلفون	telefoːn	2
تلفون	talifoːn	2
تلفون	tulfuːna	2
تلفون	tulfawna	2
تلقى	talaqqaː	6
تلك	tilka	148
تلميذ	tilmiːð	4
تم	tamma	170
تماسك	tamaːsaka	2
تماسك	tamaːsuk	2
تمرد	tamarrada	2
تمرد	tamarrud	2
تمييز	tamjiːz	2
تناقض	tanaːqadˤa	1
تناقض	tanaːqudˤ	1
تنزانيا	tanzaːnjaː	1
تنفس	tanaffasa	1
تنفس	tanaffus	1
تنفس	tanfasu	1
تنفس	tanfasa	1
تنفس	tanfas	1
تنفس	tanfusu	1
تنفس	tanfusa	1
تنفس	tanfus	1
تنفس	tunfasu	1
تنفس	tunfasa	1
تنفس	tunfas	1
تنفس	tunaffisu	1
تنفس	tunaffisa	1
تنفس	tunaffis	1
تنفس	tunaffasu	1
تنفس	tunaffasa	1
تنفس	tunaffas	1
تنفيذ	tanfiːð	44
تهدد	tahaddada	12
تهديد	tahdiːd	6
توازى	tawaːzaː	1
تواضع	tawaːdˤaʕa	3
تواضع	tawaːdˤuʕ	3
تواطؤ	tawaːtˤuʔ	3
توبة	tawba	1
توبة	tobɐ	1
توبة	tobɐ	1
توج	tawwad͡ʒa	1
توجو	toːɡoː	1
توضح	tawadˤdˤaħa	4
توظيف	tawðˤiːf	2
توعية	tawʕija	4
توفى	tawaffaː	2
توفيق	tawfiːq	4
توقف	tawaqqafa	22
توقف	tawaqquf	22
توقيف	tawqiːf	8
تومان	tuːmaːn	1
تونس	tuːnis	26
تونس	tuːnus	26
تين	tiːn	1
ثانوي	θaːnawijj	1
ثقافة	θaqaːfa	14
ثقافة	saɡaːfa	14
ثقافي	θaqaːfijj	4
ثقة	θiqa	12
ثقيل	θaqiːl	1
ثلاثة	θalaːθa	56
ثلاثون	θalaːθuːna	1
ثم	θumma	131
ثم	θamma	131
ثمانية	θamaːnija	9
ثور	θawr	1
ثور	θoːr	1
ثورة	θawra	16
ج	d͡ʒiːm	4
ج	d͡ʒ	4
جاء	d͡ʒaːʔa	62
جاب	d͡ʒaːba	1
جاب	d͡ʒaːbin	1
جاد	d͡ʒaːda	2
جار	ɡɑr	3
جام	d͡ʒaːm	2
جامع	d͡ʒaːmiʕ	5
جامع	ɡaːmiʕ	5
جامع	ɡaːmiʕ	5
جامع	d͡ʒaːmaʕa	5
جامعة	d͡ʒaːmiʕa	53
جبان	d͡ʒabaːn	1
جبان	d͡ʒabbaːn	1
جبل	d͡ʒabal	16
جبل	d͡ʒabala	16
جبل	d͡ʒabl	16
جثة	d͡ʒuθθa	11
جثمان	d͡ʒuθmaːn	6
جحر	d͡ʒuħr	1
جدا	d͡ʒiddan	42
جدد	d͡ʒaddada	3
جدد	d͡ʒadad	3
جدد	d͡ʒudad	3
جدول	d͡ʒadwal	11
جدوى	d͡ʒadwaː	9
جديد	d͡ʒadiːd	74
جديد	ɡadiːd	74
جراحة	d͡ʒiraːħa	4
جريدة	d͡ʒariːda	80
جزء	d͡ʒuzʔ	22
جزيرة	d͡ʒaziːra	19
جزيرة	ɡaziːra	19
جعفر	d͡ʒaʕfar	3
جلاد	d͡ʒallaːd	1
جلب	d͡ʒalaba	2
جلد	d͡ʒild	1
جلس	d͡ʒalasa	2
جما	d͡ʒamman	1
جمال	ɡɑmɛːl	13
جمال	ɡimɛːl	13
جمع	d͡ʒamaʕa	22
جمع	d͡ʒammaʕa	22
جمع	d͡ʒamʕ	22
جمعة	d͡ʒumʕa	7
جمعي	d͡ʒamʕijj	2
جمعي	d͡ʒammiʕiː	2
جمل	d͡ʒumal	1
جمل	ɡomɛl	1
جمل	d͡ʒamal	1
جمل	ɡæmɛl	1
جملة	d͡ʒumla	7
جمهور	d͡ʒumhuːr	8
جمهورية	d͡ʒumhuːrijja	10
جميع	d͡ʒamiːʕ	111
جميل	d͡ʒamiːl	11
جميل	ɡamiːl	11
جناح	d͡ʒanaːħ	7
جناح	d͡ʒunaːħ	7
جنب	d͡ʒanaba	7
جنب	d͡ʒuniba	7
جنب	d͡ʒannaba	7
جنب	d͡ʒanb	7
جنب	d͡ʒanab	7
جنة	d͡ʒanna	2
جنوب	d͡ʒanuːb	61
جنوب	ɡanuːb	61
جنوب	d͡ʒunuːb	61
جنوب	d͡ʒunuːb	61
جنى	d͡ʒanaː	1
جنيه	d͡ʒunajh	14
جنيه	ɡuneːh	14
جهاد	d͡ʒihaːd	4
جهاد	d͡ʒahaːd	4
جهد	ɡɛd	8
جواب	d͡ʒawaːb	3
جواد	d͡ʒawaːd	3
جورجيا	d͡ʒord͡ʒijaː	1
جوي	d͡ʒawwijj	9
جيد	d͡ʒajjid	14
جيد	d͡ʒiːd	14
جيش	d͡ʒajʃ	9
جيش	ɡeːʃ	9
جيش	d͡ʒeːʃ	9
جيم	d͡ʒiːm	1
جين	d͡ʒiːn	4
حائط	ħaːʔitˤ	1
حاجة	ħaːd͡ʒa	18
حاجز	ħaːd͡ʒiz	9
حاد	ħaːdd	3
حادث	ħaːdaθa	15
حادث	ħaːdiθ	15
حادثة	ħaːdiθa	7
حارس	ħaːris	10
حاز	ħaːza	1
حافلة	ħaːfila	6
حالة	ħaːla	64
حالة	ħaːlata	64
حامض	ħɑːmid	2
حب	ħabba	15
حب	ħubb	15
حب	ħibb	15
حب	ħabb	15
حبيبي	ħabiːbiː	1
حج	ħad͡ʒd͡ʒa	2
حج	ħad͡ʒd͡ʒ	2
حج	ħaɡɡ	2
حج	ħaʒʒ	2
حجاب	ħidʒaːb	2
حجاب	ħɪɡæːb	2
حجاب	ħɪʒæːb	2
حجة	ħud͡ʒd͡ʒa	7
حجة	ħid͡ʒd͡ʒa	7
حجم	ħad͡ʒm	28
حجم	ħad͡ʒama	28
حدا	ħadaː	3
حدد	ħaddada	3
حديث	ħadiːθ	13
حديقة	ħadiːqa	5
حديقة	ħadiːɡa	5
حديقة	ħadiːɡa	5
حر	ħurr	8
حر	ħarr	8
حربة	ħarba	2
حرص	ħirsˤ	8
حرص	ħarasˤa	8
حرف	ħarafa	13
حرف	ħarrafa	13
حرف	ħarf	13
حرف	ħurf	13
حرق	ħaraqa	6
حرق	ħarraqa	6
حرق	ħarq	6
حرية	ħurrijja	10
حسنا	ħasanan	1
حسنا	ħasunnaː	1
حسنا	ħassannaː	1
حسناء	ħasnaːʔ	1
حصاد	ħasˤsˤaːd	1
حصاد	ħasˤaːd	1
حصاد	ħisˤaːd	1
حصان	ħisˤaːn	4
حصل	ħasˤala	20
حصل	ħasˤsˤala	20
حصل	ħasˤal	20
حظيرة	ħaðˤiːra	1
حفر	ħafara	2
حفر	ħafr	2
حفيد	ħafiːd	2
حق	ħaqqa	41
حق	ħuqqa	41
حق	ħaqq	41
حق	ħuqq	41
حقا	ħaqqan	3
حقبة	ħiqba	4
حقق	ħaqqaqa	15
حقق	ħuqaq	15
حقل	ħaql	5
حقيقة	ħaqiːqa	21
حكمة	ħikma	1
حكمة	ħakama	1
حكومة	ħukuːma	48
حكومي	ħukuːmijj	7
حلبة	ħulba	4
حليب	ħaliːb	5
حمار	ħimaːr	1
حمار	ħammaːr	1
حمام	ħammaːm	2
حمام	ħamaːm	2
حمام	ħimaːm	2
حمل	ħamala	9
حمل	ħammala	9
حمل	ħaml	9
حمل	ħiml	9
حمل	ħamal	9
حملة	ħamla	26
حنجرة	ħand͡ʒara	1
حوار	ħiwaːr	25
حوض	ħawdˤ	2
حياة	ħajaːh	26
حياة	hɑyɛː	26
حيوان	ħajawaːn	1
خ	xaːʔ	1
خ	x	1
خاتم	xaːtam	1
خادم	xaːdim	19
خارج	xaːrid͡ʒ	48
خارجي	xaːrid͡ʒijj	2
خاف	xaːfa	1
خال	xɛːl	1
خباز	xabbaːz	1
خبر	xabara	9
خبر	xabura	9
خبر	xabbara	9
خبر	xabar	9
خبر	xibr	9
خبر	xubr	9
خبز	xabaza	3
خبز	xubz	3
خبز	xubuz	3
خبز	xubuz	3
خبز	xabz	3
خراب	xaraːb	3
خرافي	xuraːfijj	1
خرج	xarad͡ʒa	10
خرج	xaraɡ	10
خرج	xaraɡ	10
خرج	xard͡ʒ	10
خرج	xurd͡ʒ	10
خريطة	xariːtˤa	5
خصص	xasˤsˤasˤa	1
خصوص	xusˤuːsˤ	2
خطة	xutˤtˤa	27
خطف	xatˤifa	3
خطف	xatˤafa	3
خطف	xatˤf	3
خطيئة	xatˤiːʔa	1
خلاص	xalaːsˤ	2
خلاص	χɐɫɑsˤ	2
خلاص	χɐɫɑsˤ	2
خلفي	xalfijj	1
خلق	xalaqa	14
خلق	xaluqa	14
خلق	xaliqa	14
خلق	xalaqa	14
خلق	xaluqa	14
خلق	xallaqa	14
خلق	xalq	14
خلق	xalaq	14
خلق	xuluq	14
خلق	xulq	14
خلق	xilaq	14
خلية	xalijja	9
خليجي	xaliːd͡ʒijj	1
خليفة	xaliːfa	18
خمسة	xamsa	35
خمسون	xamsuːna	1
خوف	xawf	3
خيار	xijaːr	9
خيالي	xajaːlijj	2
خير	xajr	18
خير	xiːr	18
خير	xeːr	18
خير	xiːr	18
خير	xeːr	18
خيط	xajtˤ	3
خيمة	xajma	4
د	daːl	8
د	d	8
داء	daːʔ	4
دائرة	daːʔirah	13
داخل	daːxala	86
داخل	daːxil	86
داخل	daːxila	86
داليا	daːlijaː	1
داود	daːwuːd	6
داوود	daːwuːd	1
دخان	duxaːn	4
دخان	duxxaːn	4
دخل	daxala	13
دخل	daxxala	13
دخل	daxl	13
دخل	daxal	13
دراجة	darraːd͡ʒa	2
درجة	darad͡ʒa	23
درجة	durad͡ʒa	23
درجة	durd͡ʒa	23
درجة	durad͡ʒd͡ʒa	23
درس	darasa	6
درس	darrasa	6
درس	dars	6
دستور	dustuːr	6
دستوري	dustuːrijj	1
دعا	daʕaː	18
دعاء	duʕaːʔ	1
دفاع	difaːʕ	7
دفتر	daftar	4
دقيق	daqiːq	8
دقيق	daɡiːɡ	8
دقيقة	daqiːqa	23
دقيقة	daɡiːɡa	23
دقيقة	daɡiːɡa	23
دكان	dukkaːn	1
دكتور	doktoːr	4
دكتور	duktuːr	4
دليل	daliːl	10
دم	damma	4
دم	damm	4
دم	dam	4
دم	dimm	4
دم	dum	4
دماغ	dimaːɣ	3
دمج	damad͡ʒa	6
دمية	dumja	1
دنيا	dunjaː	1
دهشة	dahʃa	1
دوخة	dawxa	1
دودة	duːda	1
دورة	dawra	21
دوري	dawrijj	31
دولار	doːlaːr	106
دولة	dawla	101
دون	duːna	138
دون	dawwana	138
ديب	diːb	2
دير	deːr	17
ديسمبر	diːsimbir	20
ديسمبر	diːsambir	20
ديسمبر	diːsambar	20
ديك	diːk	1
ديك	diːk	1
دين	diːn	12
دين	dajjin	12
دين	dajjana	12
دين	dajn	12
دين	deːn	12
دين	diːna	12
دينار	diːnaːr	13
ذاكرة	ðaːkira	7
ذراع	ðiraːʕ	1
ذرة	ðarra	2
ذرة	ðarra	2
ذرة	zarra	2
ذرة	ðarra	2
ذرة	zarra	2
ذرة	ðura	2
ذرة	dura	2
ذرة	dura	2
ذرية	ðurrijjah	1
ذريعة	ðariːʕa	2
ذكر	ðakara	19
ذكر	ðakkara	19
ذكر	ðikr	19
ذكر	ðakar	19
ذكر	ðakar	19
ذلك	ðaːlika	324
ذنب	ðanab	1
ذنب	ðanaba	1
ذنب	ðannaba	1
ذنب	ðanb	1
ذهب	ðahaba	11
ذهب	ðahhaba	11
ذهب	ðahab	11
ذو	ðuː	4
ذوب	ðawwaba	1
ذيل	deːl	2
رأس	raʔasa	43
رأس	raʔs	43
رأس	raːs	43
رأس	ras	43
رأس	raːs	43
رأس	ras	43
رأى	raʔaː	11
رأي	raʔj	46
رؤوس	ruʔuːs	2
رئاسي	riʔaːsijj	1
رئيسي	raʔiːsijj	8
رائع	raːʔiʕ	8
رابع	raːbiʕ	2
راحة	raːħa	4
راع	raːʕin	2
راع	raːʕa	2
راكب	rækib	2
رام	raːma	9
رب	rabba	7
رب	rabb	7
رب	rubb	7
رب	rubba	7
رب	rabbi	7
ربما	rubbamaː	30
ربيع	rabiːʕ	12
رجل	rad͡ʒila	33
رجل	rad͡ʒd͡ʒala	33
رجل	rad͡ʒul	33
رجل	rɑːɡel	33
رجل	rɑʒɪl	33
رجل	rɑːɡel	33
رجل	rɑʒɪl	33
رجل	rid͡ʒl	33
رجل	rad͡ʒil	33
رجل	rad͡ʒl	33
رح	ruħ	1
رحب	raħiba	7
رحب	raħuba	7
رحب	raħħaba	7
رحب	raħb	7
رحب	ruħb	7
رحب	raħab	7
رحمة	raħma	6
رحيق	raħiːq	1
رحيم	raħiːm	1
رخيص	raxiːsˤ	1
رد	radda	15
رد	radd	15
رد	rid	15
رذاذ	raðaːð	2
رسالة	risaːla	32
رسول	rasuːl	9
رضا	ridˤan	7
رعد	raʕd	2
رفقة	rifqa	4
رفقة	rufqa	4
رفيق	rafiːq	3
رقم	raqm	29
رقم	raqam	29
رقم	raʔam	29
رقم	raɡim	29
رقم	raɡam	29
رقم	raʔam	29
رقم	raɡim	29
رقم	raɡam	29
رقيق	raqiːq	2
ركلات	rakalaːt	3
ركلة	rakla	5
رماد	ramaːd	2
رمال	rimaːl	2
رمز	rɑms	5
رمضان	ramadˤaːn	25
روبوت	roːboːt	3
روح	ruːħ	9
روح	rawħ	9
روسيا	ruːsijaː	53
روسيا	ruːsjaː	53
رياضي	rijaːdˤijj	1
ريال	rijaːl	63
ريح	riːħ	1
ريح	riːh	1
ريح	rajjiħ	1
ريح	riːħa	1
ريفي	riːfijj	1
ز	zaːj	1
ز	z	1
زائف	zaːʔif	1
زار	zaːra	8
زحف	zaħafa	1
زحف	zaħf	1
زخات	zaxxaːt	1
زراعة	ziraːʕa	5
زراعي	ziraːʕijj	1
زرع	zaraʕa	4
زرع	zarʕ	4
زكريا	zakarijjaː	2
زمام	zimaːm	3
زمان	zamaːn	8
زمن	zaman	14
زميل	zamiːl	1
زوج	zawd͡ʒ	3
زوج	zawwad͡ʒa	3
زوجة	zawd͡ʒa	8
زوجة	zoːd͡ʒa	8
زوجة	zoːd͡ʒa	8
زياد	zijaːd	2
زيارة	zijaːra	39
زيت	zajt	5
زيت	zeyt	5
سؤال	suʔaːl	25
سؤال	suʔʔaːl	25
سابق	saːbiq	25
ساحة	saːħa	18
ساد	saːda	3
ساعة	saːʕa	26
ساعة	seʕɑ	26
ساعد	saːʕada	3
ساعد	saːʕid	3
ساهر	saːhara	4
ساهم	saːhama	6
سبب	sabbaba	24
سبب	sabab	24
سبتمبر	sibtimbir	15
سبتمبر	sibtambir	15
سبتمبر	sabtambar	15
سبعة	sabʕa	14
سبعون	sabʕuːna	1
ستار	sitaːr	1
ستة	sitta	25
سحابة	saħaːbah	3
سراح	saraːħ	7
سريع	sariːʕ	6
سطح	satˤħ	11
سعد	suʕd	23
سعى	saʕaː	2
سعي	saʕj	2
سعي	suʕija	2
سعيد	sɑʕiːd	23
سفير	safiːr	11
سفينة	safiːna	5
سقف	saqf	10
سكران	sakraːn	2
سكن	sakana	6
سكن	sakkana	6
سكن	sakan	6
سلاح	silaːħ	21
سلاف	sulaːf	1
سلامة	salaːma	11
سلة	salla	3
سلسلة	silsila	26
سلطان	sʊltˤɑːn	12
سلطة	sultˤa	16
سلطة	salatˤa	16
سلعة	silʕa	1
سلوفينيا	sloveːnijaː	1
سليمان	sulajmaːn	12
سماء	samaːʔ	6
سماوي	samaːwijj	1
سمع	samiʕa	2
سمع	sammaʕa	2
سمع	samʕ	2
سمعي	samʕijj	1
سمك	samak	1
سمور	sammuːr	1
سميت	samiːt	1
سن	sanna	17
سن	sann	17
سن	sinn	17
سنة	sana	57
سنة	sina	57
سنة	sunna	57
سنت	sant	2
سنت	sannat	2
سنت	sunnat	2
سني	sunnijj	3
سني	sʊnni	3
سني	sanijj	3
سهل	sahl	4
سهل	sahula	4
سهل	sahhala	4
سهلا	sahlan	1
سوء	sawʔ	12
سوء	suːʔ	12
سورة	suːra	2
سورة	sawra	2
سوريا	suːrijaː	110
سوريا	suːrijjaː	110
سوق	suːq	29
سوق	suːʔ	29
سوق	suːɡ	29
سوق	suːɡ	29
سوق	sawq	29
سوق	suːq	29
سوق	sawwaqa	29
سويسرا	swiːsraː	5
سويسرا	suwiːsraː	5
سيء	siːʔa	1
سياج	sijaːd͡ʒ	1
سيادة	sijaːda	8
سيارة	sajjaːra	24
سياسة	sijaːsa	18
سيد	sajjid	18
سيراليون	siːraːlijuːn	1
سيطر	sajtˤara	9
سيف	sajf	7
سيف	seːf	7
سيف	siːf	7
سينما	siːnamaː	4
ش	ʃiːn	2
ش	ʃ	2
شاء	ʃaːʔa	8
شاء	ʃaːʔ	8
شاب	ʃaːba	9
شارع	ʃaːriʕ	9
شاشة	ʃaːʃah	6
شاع	ʃaːʕa	2
شاكر	ʃaːkir	6
شام	ʃaːma	1
شاي	ʃaːj	1
شباك	ʃubbaːk	1
شباك	ʃibaːk	1
شبح	ʃabaħ	1
شبح	ʃabaħa	1
شبح	ʃubiħa	1
شبح	ʃabuħa	1
شبح	ʃabħ	1
شتاء	ʃitaːʔ	2
شتم	ʃatama	2
شجاع	ʃudʒɑːʕ	3
شجرة	ʃad͡ʒara	6
شخص	ʃaxasˤa	70
شخص	ʃaxxasˤa	70
شخص	ʃaxsˤ	70
شدة	ʃidda	1
شدة	ʃadda	1
شدد	ʃaddada	6
شرب	ʃariba	1
شرب	ʃurb	1
شرطة	ʃurtˤa	30
شرطة	ʃartˤa	30
شرق	ʃarq	39
شرق	ʃarʔ	39
شرق	ʃarɡ	39
شركة	ʃarika	101
شركة	ʃirka	101
شريعة	ʃariːʕa	3
شريك	ʃariːk	10
شعب	ʃaʕb	13
شعب	ʃiʕb	13
شعب	ʃuʕab	13
شعبة	ʃuʕba	4
شعبة	ʃiʕba	4
شعبي	ʃaʕbijj	3
شعبية	ʃaʕbijja	10
شعر	ʃaʕara	7
شعر	ʃaʕar	7
شعر	ʃiʕr	7
شعر	ʃuʕur	7
شقة	ʃaqqa	2
شقة	ʃiɡɡa	2
شقة	ʃiqqa	2
شقة	ʃiqqa	2
شقة	ʃuqqa	2
شقة	ʃuqqa	2
شكرا	ʃukran	7
شكري	ʃukrijj	3
شلال	ʃallaːl	1
شلة	ʃalla	1
شلة	ʃilla	1
شمال	ʃimaːl	57
شمال	ʃamaːl	57
شمالي	ʃamaːlijj	7
شمس	ʃams	2
شمس	ʃammasa	2
شمس	ʃamasa	2
شمس	ʃamisa	2
شمس	ʃamasa	2
شمس	ʃamas	2
شمسية	ʃamsijja	1
شهادة	ʃahaːda	16
شهر	ʃahara	51
شهر	ʃahhara	51
شهر	ʃahr	51
شي	ʃajj	17
شيء	ʃajʔ	71
شيء	ʃiːʔa	71
شيخ	ʃajx	9
شيخ	ʃiːɣ	9
شيخ	ʃiːɣ	9
شيطاني	ʃajtˤaːnijj	1
شيعة	ʃiːʕa	2
شيم	ʃiːm	1
شيم	ʃajjama	1
ص	sˤaːd	2
ص	sˤ	2
صاج	sˤaːd͡ʒ	1
صاحب	sˤaːħib	39
صالح	sˤaːliħ	33
صبر	sˤabara	2
صبر	sˤabbara	2
صبر	sˤabr	2
صبر	sˤabir	2
صبي	sˤabijj	1
صبي	sˤubbiː	1
صحة	sˤiħħa	16
صحة	sˤiħħatun	16
صحراء	sˤaħraːʔ	4
صحى	sˤaħħaː	1
صحي	sˤiħħijj	6
صحي	sˤaħija	6
صحيح	sˤaħiːħ	13
صحيفة	sˤaħiːfa	68
صدر	sˤadara	22
صدر	sˤudira	22
صدر	sˤaddara	22
صدر	sˤadr	22
صدق	sˤadaqa	2
صدق	sˤadːaqa	2
صدق	sˤidq	2
صدقة	sˤadaqa	1
صديق	sˤadiːq	4
صراع	sˤiraːʕ	12
صربيا	sˤirbijaː	3
صعب	sˤaʕb	12
صعب	sˤaʕʕaba	12
صغر	sˤaɣura	1
صغر	sˤaɣara	1
صغر	sˤaɣɣara	1
صغر	sˤiɣar	1
صغير	sˤaɣiːr	8
صف	sˤaff	7
صفة	sˤifa	6
صفة	sˤuffa	6
صفحة	sˤafħa	22
صفر	sˤafar	6
صفر	sˤifr	6
صفع	sˤafaʕa	1
صفعة	sˤafʕa	1
صقر	sˤaqr	2
صلاة	sˤalaːh	10
صلاة	sˤalaːt	10
صلى	sˤallaː	16
صمام	sˤimaːm	1
صمم	sˤammama	2
صندوق	sˤunduːq	20
صندوق	sˤanduːq	20
صودا	sˤoːdaː	1
صورة	sˤuːra	33
صيد	sˤajd	2
صيف	sˤajf	6
صيني	sˤiːnijj	2
ضاع	dˤaːʕa	2
ضب	dˤabb	1
ضباب	dˤabaːb	1
ضباب	dˤibaːb	1
ضبط	dˤabatˤa	13
ضحك	dˤaħik	2
ضحك	dˤiħk	2
ضحك	dˤaħk	2
ضحك	dˤaħika	2
ضحك	dˤaħħaka	2
ضرب	dˤaraba	14
ضرب	dˤariba	14
ضرب	dˤuriba	14
ضرب	dˤaruba	14
ضرب	dˤarraba	14
ضرب	dˤarb	14
ضرب	dˤarab	14
ضربة	dˤarba	12
ضريبة	dˤariːba	3
ضريح	dˤariːħ	2
ضعيف	dˤɑʕiːf	3
ضمان	dˤamaːn	7
ضمن	dˤamina	77
ضمن	dˤammana	77
ضمن	dˤimn	77
ضمن	dˤimna	77
ضمير	dˤamiːr	2
ضيق	dˤajjiq	2
ضيق	dˤajq	2
ضيق	dˤiːq	2
ضيق	dˤajjaqa	2
طائر	tˤaːʔir	1
طائرة	tˤaːʔira	25
طائفة	tˤaːʔifa	3
طارق	tˤaːriq	4
طاقة	tˤaːqa	6
طاقم	tˤaːqim	4
طاقم	tˤaːqam	4
طالب	tˤaːlib	21
طاولة	tˤaːwila	5
طب	tˤibː	2
طباخ	tˤabbaːx	1
طبقة	tˤabaqa	4
طبي	tˤibbijj	8
طرطور	tˤartˤuːr	1
طرطور	tˤurtˤuːr	1
طريق	tˤariːq	58
طريقة	tˤariːqa	19
طعن	tˤaʕana	3
طعن	tˤaʕn	3
طعن	tˤuʕna	3
طعن	tˤiʕna	3
طفل	tˤifl	14
طقس	tˤaqs	2
طقس	tˤaqs	2
طقس	tˤaʔs	2
طقس	tˤaɡs	2
طقس	tˤaqisˤ	2
طقس	tˤaʔəs	2
طلع	tˤalaʕa	3
طلع	tˤalaʕa	3
طلع	tˤaliʕa	3
طلع	tˤalaʕa	3
طه	tˤaːhaː	5
طويل	tˤawiːl	12
طيارة	tˤajjaːra	2
طير	tˤajr	1
طير	tˤiːra	1
ظبي	ðˤabj	2
ظهر	ðˤahara	17
ظهر	ðˤahhara	17
ظهر	ðˤahr	17
ظهر	dˤahar	17
ظهر	dˤahar	17
ظهر	ðˤuhr	17
ظهر	dˤuhur	17
ظهر	dˤuhur	17
ع	ʕajn	4
ع	ʕ	4
عائلة	ʕaːʔila	15
عاد	ʕaːda	16
عاد	ʕaːd	16
عاد	ʕaːd	16
عادات	ʕaːdaːt	8
عادة	ʕaːda	13
عادة	ʕaːdatan	13
عار	ʕaːrin	3
عار	ʕaːra	3
عار	ʕaːr	3
عاش	ʕaːʃa	5
عاصمة	ʕaːsˤima	16
عاطف	ʕaːtˤif	3
عال	ʕaːlin	3
عالي	ʕɑli	3
عام	ʕaːm	219
عام	ʕaːmm	219
عامل	ʕaːmala	9
عامل	ʕaːmil	9
عانى	ʕaːnaː	2
عبادة	ʕibaːda	2
عبد	ʕabd	129
عبد	ʕabada	129
عبد	ʕabbada	129
عبوة	ʕubuwwah	6
عبوة	ʕubuːwah	6
عبودية	ʕubuːdijːa	2
عبودية	ʕʊbuːdɛjːə	2
عتب	ʕataba	1
عجب	ʕad͡ʒiba	2
عجب	ʕad͡ʒd͡ʒaba	2
عجب	ʕud͡ʒb	2
عجب	ʕad͡ʒab	2
عجلة	ʕad͡ʒala	2
عجلة	ʕid͡ʒala	2
عجلة	ʕad͡ʒila	2
عجيب	ʕad͡ʒiːb	2
عدد	ʕadad	157
عدد	ʕaddada	157
عدو	ʕaduww	3
عراك	ʕiraːk	1
عربة	ʕaraba	2
عربي	ʕarabijj	10
عربية	ʕarabijja	19
عرف	ʕarafa	6
عرف	ʕarrafa	6
عرف	ɣurf	6
عرقي	ʕirqijj	2
عريض	ʕariːdˤ	1
عرين	ʕariːn	1
عزا	ʕazaː	1
عزب	ʕazaba	1
عشرة	ʕaʃara	40
عشرون	ʕiʃruːn	2
عصيان	ʕisˤjaːn	1
عصير	ʕasˤiːr	1
عض	ʕadˤdˤa	1
عض	ʕadˤdˤ	1
عضوية	ʕudˤwijja	7
عطلة	ʕutˤla	4
عظمى	ʕuðˤmaː	1
عظيم	ʕaðˤiːm	5
عقل	ʕaql	6
عقيدة	ʕaqiːda	3
عل	ʕalla	1
علامة	ʕalaːma	6
علل	ʕallala	1
علم	ʕalima	15
علم	ʕallama	15
علم	ʕilm	15
علم	ʕalam	15
علم	ʔɑlɑm	15
علم	ʕaːlam	15
علني	ʕalanijj	1
على	ʕalaː	3233
على	ʕalaː	3233
على	ʕulan	3233
علي	ʕalija	126
علي	ʕaliː	126
علي	ʕalj	126
علي	ʕulija	126
علي	ʕulija	126
عم	ʕamm	3
عمان	ʕumaːn	10
عمان	ʕammaːn	10
عمرة	ʕumra	1
عمرو	ʕamr	9
عمود	ʕamuːd	1
عميد	ʕamiːd	3
عن	ʕɑn	1231
عنابة	ʕunnaːba	1
عنبر	ʕanbar	1
عندما	ʕindamaː	127
عنصر	ʕunsˤur	6
عنق	ʕunuq	4
عنق	ʕunq	4
عنق	ʕunaq	4
عنق	ɑ̃ŋq	4
عنق	ɑ̃ŋq	4
عنق	ʕunuq	4
عنق	ʕanaq	4
عنق	ʕunuq	4
عنوان	ʕunwaːn	40
عنيف	ʕaniːf	5
عود	ʕuːd	1
عود	ʕawd	1
عيان	ʕajjaːn	4
عيان	ʕijaːn	4
عيد	ʕiːd	25
عيد	ʕajjada	25
عيد	ʕijad	25
عيد	ʕiːda	25
عيسى	ʕiːsaː	13
عيش	ʕajʃ	1
عين	ʕajjana	22
عين	ʕajn	22
عين	ʕẽjn	22
عين	ʕen	22
عين	ʕẽjn	22
عين	ʕen	22
عين	ʕajn	22
عيني	ʕajnijj	1
غ	ɣajn	1
غ	ɣ	1
غاب	ɣaːba	3
غادر	ɣaːdara	2
غار	ɣaːra	1
غارة	ɣaːra	3
غاز	ɣaːz	6
غالب	ɣaːlib	3
غالبية	ɣaːlibijja	6
غانا	ɣaːnaː	6
غاية	ɣaːja	5
غبار	ɣubaːr	1
غبي	ɣabija	1
غدا	ɣadan	6
غرامة	ɣaraːma	6
غرب	ɣaraba	41
غرب	ɣaruba	41
غرب	ɣarraba	41
غرب	ɣarb	41
غرب	ɣarab	41
غرب	ɣurb	41
غربة	ɣurba	1
غربة	ʁʊrbɐ	1
غربة	ʁʊrbɐ	1
غرفة	ɣurfa	17
غرق	ɣariqa	1
غرق	ɣiriɡ	1
غرق	ɣiriɡ	1
غرق	ɣarraq	1
غرق	ɣarraɡ	1
غرق	ɣarraɡ	1
غريب	ɣariːb	5
غسل	ɣasala	4
غضب	ɣadˤiba	10
غضب	ɣudˤiba	10
غضب	ɣadˤab	10
غضب	alɣadˤab	10
غضب	ɣadˤib	10
غلا	ɣalaː	1
غلاء	ɣalaːʔ	2
غلبة	ɣalaba	1
غلبة	ɣulubba	1
غلبة	ɣalubba	1
غلبة	ɣalaba	1
غني	ɣanijj	2
غني	ɣanniː	2
غني	ɣunnija	2
غنيمة	ɣaniːma	1
غيبة	ɣajba	2
غيبة	ɣiːba	2
غير	ɣujur	282
غير	ɣajr	282
غير	ɣajjara	282
غيور	ɣajuːr	1
ف	faːʔ	6
ف	f	6
فاجأ	faːd͡ʒaʔa	2
فاسد	faːsid	2
فاعل	faːʕil	2
فانوس	faːnuːs	1
فبراير	fibraːjir	39
فتاة	fataːh	4
فتح	fataħa	33
فتح	fatħ	33
فتحة	fatħa	1
فتوى	fatwaː	3
فحم	faħm	2
فخار	faxxaːr	1
فداء	fidaːʔ	1
فداحة	fadaːħa	1
فراشة	faraːʃa	1
فرحة	færħæt	5
فرشاة	furʃaːh	1
فرع	faraʕa	13
فرع	farraʕa	13
فرع	farʕ	13
فرع	faraʕ	13
فرعون	firʕawn	3
فرنسا	faransaː	73
فريق	fariːq	58
فريق	firiːd͡ʒ	58
فسح	fasuħa	1
فسح	fasaħa	1
فسح	fassaħa	1
فسح	fasħ	1
فصيل	fasˤiːl	2
فصيلة	fasˤiːla	2
فضاء	fadˤaːʔ	6
فعل	faʕala	35
فعل	faʕʕala	35
فعل	fiʕl	35
فعل	faʕl	35
فعلا	fiʕlan	9
فقير	faqiːr	1
فك	fakk	4
فكرة	fikra	30
فلان	fulaːn	3
فلان	flɑn	3
فلان	flɑn	3
فلسطين	filastˤiːn	34
فلسطين	falastˤiːn	34
فلم	fɪlm	19
فلو	filw	2
فلو	faluww	2
فلو	fuluww	2
فنان	fannaːn	2
فندق	funduq	4
فنزويلا	fenzuweːlaː	1
فنلندا	finlandaː	2
فهم	fahm	24
فهم	fahima	24
فوج	fawd͡ʒ	2
فوج	ʔafwaːd͡ʒ	2
فور	fawr	8
فور	fawra	8
فورا	fawran	2
فوري	fawrijj	1
فوضى	fawdˤaː	5
في	fiː	7213
فيتنام	vijetnaːm	1
فيديو	fiːdjuː	21
فيديو	fidjuː	21
فيديو	fiːdijuː	21
فيديو	fidijuː	21
فيديو	viːdjoː	21
فيديو	vidjoː	21
فيديو	viːdijoː	21
فيديو	vidijoː	21
فيديو	vidjuː	21
فيل	fiːl	1
فيل	fiːl	1
فيلم	fɪlm	22
فيلم	fiːlm	22
فيما	fiːmaː	121
قائد	qaːʔid	29
قائمة	qaːʔima	41
قابلة	qæːblæ	8
قابلة	qæːblæ	8
قابلة	ɡaːbla	8
قابلة	ʔabla	8
قابلة	ʔaːble	8
قابلة	ʔeːbla	8
قابلة	qæːblæ	8
قابلة	qæːblæ	8
قابلة	qaːbla	8
قاتل	qaːtala	4
قاتل	ɡaːtal	4
قاتل	ɡaːtal	4
قاتل	qaːtil	4
قاتل	ɡaːtil	4
قارب	qaːrib	2
قارب	ʔaːreb	2
قارب	ɡaːrib	2
قارب	ʔaːreb	2
قارب	ɡaːrib	2
قاسم	qaːsim	7
قاسم	ɡaːsim	7
قاسي	qaːsiː	1
قاعة	qaːʕa	4
قاعة	ʔaːʕa	4
قاعة	ɡaːʕa	4
قاعة	qaːʕa	4
قاعة	ʔaːʕa	4
قاعة	ɡaːʕa	4
قاعة	qaːʕa	4
قاعدة	qaːʕida	16
قافلة	qaːfila	1
قال	qaːla	173
قال	ʔaːl	173
قال	ɡaːl	173
قال	ɡaːl	173
قال	qaːla	173
قالب	qaːlab	2
قالب	qaːlib	2
قام	qaːma	45
قام	qōm	45
قام	ɡaːm	45
قام	qōm	45
قام	ɡaːm	45
قاموس	qaːmuːs	1
قانون	qaːnuːn	38
قبر	qabara	2
قبر	ɡabar	2
قبر	ɡabar	2
قبر	qabr	2
قبر	ɡabur	2
قبر	ɡabir	2
قبر	ɡabur	2
قبر	ɡabir	2
قبر	qubbar	2
قبر	ɡubbar	2
قبر	ɡubbar	2
قبيلة	qabiːla	7
قتل	qatala	42
قتل	qattala	42
قتل	qatl	42
قتل	qitl	42
قد	qadda	292
قد	qadd	292
قد	qad	292
قد	qudd	292
قد	qud	292
قدم	qadama	26
قدم	qadima	26
قدم	qaduma	26
قدم	qaddama	26
قدم	qadam	26
قدم	qadm	26
قدم	qidam	26
قدم	qidm	26
قدم	qudum	26
قدوم	qadduːm	3
قدوم	qaduːm	3
قدوم	qajduːm	3
قديم	qadiːm	5
قديم	ɡadiːm	5
قديم	ɡadiːm	5
قذيفة	qaðiːfa	3
قرأ	qaraʔa	2
قراءة	qiraːʔa	9
قراءة	ʔiræːʔæ	9
قرب	qaruba	38
قرب	qariba	38
قرب	qarraba	38
قرب	qurb	38
قرب	qurba	38
قرر	qarrara	11
قرر	ɡarrar	11
قرر	ɡarrar	11
قرص	qarasˤa	1
قرص	qarsˤ	1
قرص	qursˤ	1
قرصنة	qarsˤana	1
قرن	qarn	6
قرن	qarana	6
قرن	qarn	6
قريب	qariːb	14
قريبا	qariːban	11
قرية	qarja	29
قرية	qarijja	29
قسم	qasama	16
قسم	qassama	16
قسم	qisam	16
قسم	qasm	16
قسم	qism	16
قسوة	qaswa	1
قصير	qasˤiːr	3
قطار	qitˤaːr	2
قطع	qatˤaʕa	16
قطع	qatˤtˤaʕa	16
قطع	qutˤaʕ	16
قطع	qatˤaʕ	16
قطع	qitˤaʕ	16
قطع	qatˤʕ	16
قطعة	qitˤʕa	6
قطعة	qutˤʕa	6
قطعة	qatˤaʕa	6
قلب	qalb	17
قلب	qalaba	17
قلعة	qalʕa	1
قلعة	qilʕa	1
قلم	qalama	2
قلم	qallama	2
قلم	qalam	2
قلم	ʔalam	2
قلم	qələm	2
قلم	ɡalam	2
قلم	ʔalam	2
قلم	ʔalam	2
قلم	qələm	2
قلم	ɡalam	2
قلم	ʔalam	2
قلم	qalm	2
قليل	qaliːl	5
قمة	qimma	27
قمرة	qamara	2
قمرة	qamara	2
قمرة	qamra	2
قنبر	ɡəmbri	1
قنديل	qindiːl	1
قنديل	qandiːl	1
قنصلية	qunsˤulijja	1
قوة	quwwa	49
قول	qawl	10
قوم	qowm	1
قوي	qɑwɪjæ	5
قيراط	qiːraːtˤ	1
قيمة	qiːma	27
ك	kaːf	3
ك	kæf	3
ك	k	3
كأس	kaʔs	46
كأن	kaʔanna	1
كاذب	kaːðib	1
كازاخستان	kaːzaːxistaːn	1
كاف	kaːfin	8
كاف	kaːf	8
كافر	kaːfir	1
كامل	kaːmil	32
كان	kaːna	419
كبد	kabbada	1
كبد	kabid	1
كبر	kabura	3
كبير	kabiːr	89
كبير	kibɑːr	89
كتاب	kitaːb	26
كتاب	kuttaːb	26
كتب	kataba	25
كتب	kattaba	25
كتب	kutub	25
كتب	kitaːb	25
كتلة	kutla	5
كثير	kaθiːr	27
كثيرا	kaθiːran	31
كثيرا	kaθiːraː	31
كذاب	kaððaːb	1
كذاب	kazzaːb	1
كرة	kura	42
كرة	karra	42
كرسي	kursijj	2
كره	kariha	1
كره	karuha	1
كره	karraha	1
كره	karh	1
كره	kurh	1
كره	karih	1
كرواتيا	kuruwaːtijaː	1
كلب	kalb	3
كلمة	kalima	37
كليب	klib	7
كم	kam	22
كم	kamm	22
كم	kum	22
كمبيوتر	kambjuːtar	4
كندا	kanadaː	2
كنيسة	kaniːsa	9
كهرباء	kahrabaːʔ	7
كهرباء	kahrubaːʔ	7
كوب	kuːb	4
كوبا	kuːbaː	2
كوخ	kuːx	1
كوريا	koːrijaː	19
كوريا	kuːrijaː	19
كوسا	kuːsaː	2
كوستاريكا	kostariːkaː	1
كولومبيا	kolombijaː	5
كون	kawn	7
كون	kawwana	7
كويكب	kuwajkib	1
كيف	kajfa	84
كيف	kajf	84
كيف	kajjafa	84
كيلوغرام	kiːluɣraːm	1
كيلوغرام	kiluɣraːm	1
كيلوغرام	kiluɡraːm	1
كيلومتر	kiːlomiter	3
كينيا	keːnijaː	5
ل	laːm	7
ل	l	7
ل	ɫ	7
ل	li	7
ل	li	7
ل	la	7
ل	li	7
لأن	liʔanna	69
لأن	liʔan	69
لا	laː	894
لائحة	laːʔiħa	10
لاحق	laːħaqa	8
لاحق	laːħiq	8
لام	laːma	1
لام	laːm	1
لباس	libaːs	2
لبان	lubaːn	1
لبان	lawbaːn	1
لبن	laban	1
لبنان	lubnaːn	66
لجأ	lad͡ʒaʔa	1
لجئ	lad͡ʒaʔa	1
لجوء	lud͡ʒuːʔ	2
لحاء	liħaːʔ	1
لحم	laħm	3
لحم	laħama	3
لحم	laħima	3
لحم	laħħama	3
لسان	lisaːn	10
لسان	lsaːn	10
لعل	laʕalla	2
لعل	laʕl	2
لعنة	laʕna	1
لغة	luɣa	17
لقاح	laqaːħ	1
لكم	lakama	17
لكن	laːkinna	212
لكن	laːkin	212
للغاية	lilɣaːja	22
لله	lillaːh	14
لله	lillaːhi	14
لله	laɫɫaːh	14
لم	lam	418
لم	lima	418
لم	lum	418
لن	lan	123
لها	lahaː	151
لهجة	lahd͡ʒa	1
لهجة	lahɡa	1
لهجة	ləhd͡ʒə	1
لهجة	lahʒe	1
لهجة	lahɡa	1
لهجة	ləhd͡ʒə	1
لهجة	lahʒe	1
لهذا	lihæːðæː	52
لو	law	72
لواء	liwaːʔ	7
لواء	lawwaːʔ	7
لوحة	lawħa	11
لون	lawn	3
لون	lawwana	3
ليبيا	liːbijaː	44
ليت	lajta	3
ليرة	lajra	7
ليس	lajsa	122
ليس	lajisa	122
ليل	lajl	7
ليل	leːl	7
ليلة	lajla	9
م	miːm	14
م	m	14
مأساة	maʔsaːh	2
مأوى	maʔwan	2
مؤتمر	muʔtamar	48
مؤسس	muʔassis	4
مؤسس	muʔassas	4
مؤسسة	muʔassasa	34
مؤسسة	muʔassisa	34
مؤلف	muʔallif	3
مؤلف	muʔallaf	3
مؤمن	muʔmin	1
مؤمن	muʔman	1
مئة	miʔa	10
مئة	maːʔa	10
ما	maː	882
ماء	maːʔ	5
مائدة	maːʔida	2
مات	maːta	8
مات	mōt	8
ماجد	maːd͡ʒid	9
ماذا	maːðaː	49
مار	maːr	3
مارس	maːrasa	86
مارس	maːrs	86
مارس	maːris	86
مارس	maːrs	86
ماسورة	maːsuːra	1
مال	maːl	6
مالك	maːlik	18
ماليزيا	malajzijaː	2
مايو	maːjuː	26
مبارك	mubaːrik	17
مبارك	mubaːrak	17
مباشر	mubaːʃir	9
مباشر	mubaːʃar	9
مبكر	mubakkir	3
متجر	matd͡ʒar	8
متسامح	mutasaːmiħ	1
متصل	muttasˤil	2
متعة	mutʕa	2
متوسط	mutawassitˤ	9
متى	mataː	17
متى	mattaː	17
متين	matiːn	1
مثل	maθala	152
مثل	maθθala	152
مثل	miθl	152
مثل	maθal	152
مثل	muθul	152
مثل	miθlu	152
مثل	miθla	152
مثل	miθli	152
مثل	muθl	152
مجرد	mud͡ʒarrad	22
مجلة	mad͡ʒalla	20
مجلس	mad͡ʒlis	177
مجموع	mad͡ʒmuːʕ	5
مجنون	mad͡ʒnuːn	2
محادثة	muħaːdaθa	1
محادثة	muħaːdiθa	1
محاسبة	muħaːsaba	3
محاصرة	muħaːsˤara	1
محاضرة	muħaːdˤira	4
محاضرة	muħaːdˤara	4
محافظ	muħaːfiðˤ	14
محافظ	muħaːfaðˤ	14
محافظ	maħaːfiðˤ	14
محافظة	muħaːfaðˤa	55
محافظة	muħaːfiðˤa	55
محاكمة	muħaːkama	13
محام	muħaːmin	1
محاور	muħaːwir	7
محاور	maħaːwir	7
محترف	muħtarif	3
محجوب	maħd͡ʒuːb	4
محدث	muħaddiθ	2
محسن	muħassin	7
محسن	muħassan	7
محسن	muħsin	7
محطة	maħatˤtˤa	10
محل	maħall	9
محلي	muħalli	6
محمد	muħammad	191
محمد	maħmad	191
محمد	maħmid	191
محنة	miħna	3
محيط	muħiːtˤ	8
مخاطر	maxaːtˤir	8
مخبأ	maxbaʔ	4
مختبر	muxtabar	2
مختلف	muxtalif	60
مخدر	muxaddir	1
مخرج	maxrad͡ʒ	10
مخرج	muxrid͡ʒ	10
مخصصات	muxasˤsˤasˤaːt	2
مخلص	maxlasˤ	1
مخلص	muxallisˤ	1
مخلص	muxlisˤ	1
مخيم	muxajjam	11
مداخل	mudaːxil	3
مداخل	mudaːxal	3
مداخل	madaːxil	3
مداخلة	mudaːxala	2
مدة	mudda	26
مدة	madda	26
مدة	muddata	26
مدرسة	madrasa	15
مدرسة	mudarrisa	15
مدرسة	mudarrasa	15
مدغشقر	madaɣaʃqar	1
مدفع	midfaʕ	1
مدني	madanijj	9
مدهش	mudhiʃ	2
مدهش	mudhaʃ	2
مدير	mudiːr	64
مدينة	madiːna	144
مذكرة	muðakkara	14
مذكرة	muðakkira	14
مراجع	muraːd͡ʒiʕ	3
مراجع	muraːd͡ʒaʕ	3
مراسل	muraːsil	11
مرة	marra	57
مرة	marratan	57
مرة	murra	57
مرحبا	marħaban	2
مرحبا	marħabaː	2
مرحلة	marħala	37
مرفأ	marfaʔ	1
مرفوع	marfuːʕ	1
مركب	markab	1
مريض	mariːdˤ	1
مريض	mariːðˤ	1
مريم	marjam	3
مزمن	muzmin	1
مسابقة	musaːbaqa	8
مساحة	massaːħa	16
مساحة	misaːħa	16
مسار	masaːr	9
مساهمة	musaːhama	3
مستشفى	mustaʃfan	24
مسجد	masd͡ʒid	11
مسجد	masɡid	11
مسجد	masɡid	11
مسح	masaħa	2
مسح	masħ	2
مسح	massaħa	2
مسرح	masraħ	6
مسعى	masʕan	3
مسلسل	musalsil	12
مسلسل	musalsal	12
مسلم	muslim	10
مسلم	musallam	10
مشتريات	muʃtarajaːt	1
مشرق	maʃraq	2
مشرق	maʃriq	2
مشرق	maʃruq	2
مصر	misˤr	138
مصر	masˤr	138
مصر	musˤr	138
مصر	misˤr	138
مصر	masˤur	138
مصطلح	musˤtˤalaħ	3
مصنع	masˤnaʕ	5
مصنع	masˤnaʕun	5
مضمار	midˤmaːr	2
مضمون	madˤmuːn	2
مطار	matˤaːr	20
مطعم	matˤʕam	6
مظلة	maðˤalla	5
مظلة	miðˤalla	5
مع	maʕa	901
معاينة	muʕaːjana	1
معبد	maʕbad	2
معتبر	muʕtabir	1
معتبر	muʕtabar	1
معجزة	mʊʕd͡ʒɪza	2
معجم	muʕd͡ʒam	1
معركة	maʕraka	15
معقل	maʕqil	5
معلم	muʕallam	4
معلم	muʕallim	4
معلم	maʕlam	4
معلم	muʕlim	4
معمار	miʕmaːr	1
معنى	maʕnan	21
معنى	maʕnaː	21
معهد	maʕhad	10
معين	maʕiːn	7
معين	muʕajjin	7
معين	muʕajjan	7
مغلف	muɣallaf	1
مغناطيسي	maɣnatˤiːsijj	2
مغناطيسي	miɣnatˤiːsijj	2
مفاجأة	mufaːd͡ʒaʔa	7
مفرغ	mufarriɣ	1
مفرغ	mufarraɣ	1
مفرغ	mufriɣ	1
مفرغ	mufraɣ	1
مفروغ	mafruːɣ	1
مفهوم	mafhuːm	12
مقابلة	muqaːbalah	12
مقارنة	muqaːrana	30
مقاعد	maqaːʕid	3
مقالة	maqaːla	3
مقدار	miqdaːr	2
مقدونيا	maqduːnijaː	1
مقدونيا	maqdoːnijaː	1
مقص	miqasˤsˤ	1
مقصود	maqsˤuːd	1
مقطع	maqtˤaʕ	4
مقطعية	maqtˤaʕijja	1
مقعد	maqʕad	4
مقولة	maquːla	3
مقولة	mɐquːlə	3
مكان	makaːn	32
مكة	makka	11
مكتب	maktab	36
مكتبة	maktaba	2
مكون	mukawwin	2
ملاحظة	mulaːħaðˤa	3
ملاك	mullaːk	3
ملاك	malak	3
ملجأ	mald͡ʒaʔ	1
ملعقة	milʕaqa	1
ملك	malik	11
ملك	mulk	11
ملك	milk	11
ملك	malaka	11
ملك	mallaka	11
ملك	malak	11
ملك	malk	11
ملك	mullak	11
ملل	mallala	1
مليار	miljaːr	58
ممارسة	mumaːrasa	16
ممتلكات	mumtalakaːt	4
من	mann	5118
من	min	5118
من	man	5118
من	manna	5118
منارة	manaːra	1
منبر	minbar	2
منتدى	muntadaː	5
منتصف	muntasˤaf	19
منتظم	muntaðˤim	3
منتظم	muntaðˤam	3
منزل	manzil	16
منصب	mansˤib	14
منطقة	mintˤaqa	92
منطقة	mentˤɑʔɑ	92
منطقة	məntˤəqə	92
منطقة	məntˤəɡə	92
مهاجم	muhaːd͡ʒim	4
مهارة	mahaːra	2
مهرجان	mihrad͡ʒaːn	20
مهرجان	mahrad͡ʒaːn	20
مهلة	muhla	3
مهنة	mihna	3
موت	mawt	3
موجود	mawd͡ʒuːd	6
موريتانيا	muːriːtaːnijaː	6
موسى	muːsaː	13
موسى	muːsaː	13
موسى	muːsan	13
موسيقى	muːsiːqaː	2
موضوع	mawdˤuːʕ	31
موظف	muwaðˤðˤaf	7
موقع	mawqiʕ	97
موقع	muwaqqiʕ	97
موقف	mawqif	28
موقف	mawɡif	28
موقف	mawɡif	28
موكب	mawkib	2
مولى	mawlan	1
مي	majj	2
ميانمار	mijaːnmaːr	1
ميدان	majdaːn	7
ميزان	miːzaːn	4
ميناء	miːnaːʔ	6
ميناء	miːnaːʔ	6
ن	nuːn	1
ن	n	1
ناحية	naːħija	32
نار	naːr	12
نار	nɑːr	12
نافذة	naːfiða	4
نام	naːma	2
ناموس	naːmuːs	1
نبي	nabijj	1
نجاح	nad͡ʒaːħ	20
نحل	nɑɦl	2
نحن	naħnu	47
نحن	naħnu	47
نحن	naħni	47
نحن	nuħna	47
نخاع	nuxaːʕ	1
ندد	naddada	1
ندوات	nadawaːt	2
ندوة	nadwa	3
ندوة	nuduwwa	3
نذير	naðiːr	1
نساء	nasaːʔ	21
نساء	nisaːʔ	21
نسخ	nasaxa	1
نسخ	nasx	1
نسخة	nusxa	7
نسوان	niswaːn	2
نشرة	naʃra	6
نص	nasˤsˤ	12
نصاب	nasˤsˤaːb	3
نظارة	naðˤðˤaːra	1
نظام	niðˤaːm	62
نظامي	niðˤaːmijj	1
نظامي	naðˤðˤaːmijj	1
نظر	naðˤara	14
نظر	naðˤðˤara	14
نظر	naðˤar	14
نظر	niðˤr	14
نظرية	naðˤarijja	5
نظير	naðˤiːr	2
نعامة	naʕaːma	1
نعل	naʕala	1
نعل	naʕila	1
نعل	naʕʕala	1
نعل	naʕl	1
نعل	naʕal	1
نعم	naʕam	22
نعيم	naʕiːm	1
نفاد	nafaːd	1
نقدا	naqdan	1
نقض	naqadˤa	3
نقض	naqqadˤa	3
نقض	naqdˤi	3
نقض	nuqdˤa	3
نقطة	nuqtˤa	84
نمط	namatˤ	2
نموذج	namuːðad͡ʒ	4
نهائي	nihaːʔijj	12
نهاية	nihaːja	65
نهر	nahr	12
نهر	nahar	12
نهضة	nahdˤa	3
نور	nawwara	10
نور	nawr	10
نور	nuːr	10
نوفمبر	nuːfimbir	24
نوفمبر	novembir	24
نوم	nawwama	3
نوم	nawm	3
نوه	nawwaha	1
نيبال	nipaːl	1
نيبال	nibaːl	1
نيجيريا	niːd͡ʒeːrijaː	7
نيجيريا	niːɡiːrijaː	7
نيكاراغوا	niːkaːraːɣuwaː	1
نيويورك	nijuːjork	13
هؤلاء	haːʔulaːʔi	55
هائل	haːʔil	2
هاتف	haːtif	5
هاجم	haːd͡ʒama	4
هارون	haːruːn	2
هايتي	haːjitiː	4
هايتي	haitiː	4
هبة	hibba	1
هبة	hiba	1
هجوم	hud͡ʒuːm	35
هدد	haddada	4
هدف	hadaf	22
هدى	hadaː	1
هدى	hudan	1
هدية	hadijja	7
هذا	haːðaː	747
هذه	haːðihiː	687
هذه	haːðihi	687
هذه	haːðih	687
هرم	haram	2
هريرة	hurajrah	1
هريرة	hurajratun	1
هزيمة	haziːma	3
هل	hal	196
هم	hum	57
هم	hum	57
هم	him	57
هم	hamma	57
هم	hamm	57
هم	himm	57
هما	humaː	10
هن	hunna	2
هن	han	2
هن	hin	2
هن	hanna	2
هن	hinna	2
هنا	hunaː	71
هناك	hunaːka	228
هناك	hunaːk	228
هندسة	handasa	1
هو	huwa	354
هي	hija	235
هيئة	hajʔa	37
هيا	hajjaː	1
و	waːw	453
و	w	453
و	uː	453
و	w	453
و	uː	453
و	oː	453
و	wa	453
و	wɪ	453
و	u	453
و	wa	453
واحة	waːħa	2
واحد	waːħid	71
واحدة	waːħida	54
واد	waːdin	2
واسع	waːsiʕ	14
واقع	wɑːqiʕ	18
واقعي	waːqiʕijj	2
والله	wa‿ɫɫaːh	27
واو	waːw	1
وثيقة	waθiːqa	12
وجبة	wad͡ʒba	4
وجد	wad͡ʒada	12
وجد	wad͡ʒd	12
وجود	wudʒuːd	77
وجود	wuɡuːd	77
وجود	wuʒuːd	77
وحدة	waħda	28
وردة	warda	3
وردة	wurda	3
ورق	waraq	1
ورقة	waraqa	11
وزراء	wuzaraːʔ	18
وسام	wisaːm	4
وسام	wasaːm	4
وسام	wisaːm	4
وسط	wasatˤ	74
وسط	wastˤ	74
وسط	wusatˤ	74
وصاية	wisˤaːja	1
وصفة	wasˤfa	2
وصية	wasˤijjatun	1
وصيف	wasˤiːf	1
وضع	wadˤaʕa	46
وظيفة	waðˤiːfa	15
وعد	waʕada	3
وعد	waʕd	3
وعي	waʕj	7
وفق	wafiqa	46
وفق	waffaqa	46
وقت	waqt	83
وقت	waʔt	83
وقت	wakt	83
وقت	waqqata	83
وقت	waqat	83
وقع	waqaʕa	23
وقع	waqqaʕa	23
وقع	waqʕ	23
وقف	waqafa	32
وقف	waqqafa	32
وقف	waqf	32
ولاية	wilaːja	31
ولد	walada	24
ولد	wɑlɑdɑ	24
ولد	wallada	24
ولد	walad	24
ولكن	wælæːkɪn	136
ولكن	wælæːkɪnːæ	136
ولو	walaw	28
ولى	wallaː	2
ووفق	wuːfiqa	5
ي	jaːʔ	1
ي	j	1
ي	iː	1
ي	j	1
ي	iː	1
ي	eː	1
ي	iː	1
ي	j	1
يا	jaː	101
يحيى	jaħjaː	7
يد	jad	14
يعقوب	jaʕquːb	2
يقظة	jaqaðˤa	1
يقين	jaqiːn	1
يناير	janaːjir	25
ينسون	jansuːn	1
يوسف	juːsuf	24
يوليو	juːlijuː	15
يوليو	juːlijoː	15
يوم	jawm	158
يوم	joːm	158
يوم	joːm	158
يونس	juːnus	1
يونيو	juːnijuː	24
يونيو	juːnijoː	24
