absence	apsɛnt͡sɛ	1
absolutní	apsolutɲiː	6
absolvovat	apsolvovat	2
abstraktní	apstraktɲiː	3
absurdní	apsurdɲiː	3
aby	abɪ	228
adam	adam	5
adekvátní	adɛkvaːtɲiː	1
adéla	adɛːla	2
administrativní	admɪnɪstratɪvɲiː	3
adopce	adopt͡sɛ	2
adrenalin	adrɛnalɪn	1
advent	advɛnt	1
adventní	advɛntɲiː	4
advokát	advokaːt	9
aerobní	aɛrobɲiː	1
aerolinky	aɛrolɪŋkɪ	2
afghánistán	avɡaːɲɪstaːn	2
africký	afrɪt͡skiː	1
afrika	afrɪka	2
agáve	aɡaːvɛ	1
agent	aɡɛnt	3
agentura	aɡɛntura	11
agrese	aɡrɛsɛ	1
agresivní	aɡrɛsɪvɲiː	4
aha	aɦa	1
aj	aj	1
akademie	akadɛmɪjɛ	8
akce	akt͡sɛ	36
akcelerace	akt͡sɛlɛrat͡sɛ	1
akceptovat	akt͡sɛptovat	1
akcie	akt͡sɪjɛ	6
akorát	akoraːt	2
aktér	aktɛːr	1
aktivista	aktɪvɪsta	2
aktivní	aktɪvɲiː	6
aktivně	aktɪvɲɛ	7
aktuální	aktuaːlɲiː	10
aktuálně	aktuaːlɲɛ	6
albánie	albaːnɪjɛ	1
alej	alɛj	1
alena	alɛna	4
alespoň	alɛspoɲ	25
alexandr	alɛksandr̩	1
alexandr	alɛksandr̩	1
alexandra	alɛksandra	1
aleš	alɛʃ	4
alkohol	alkoɦol	5
alkoholismus	alkoɦolɪzmus	1
alokovat	alokovat	1
alternativa	altɛrnatɪva	1
ambulance	ambulant͡sɛ	3
američan	amɛrɪt͡ʃan	1
amsterdam	amstɛrdam	1
analogový	analoɡoviː	1
analýza	analiːza	4
andrea	andrɛa	4
andrej	andrɛj	10
andy	andɪ	1
anděla	anɟɛla	1
andělka	anɟɛlka	1
aneb	anɛp	5
angažmá	aŋɡaʒmaː	2
angažovat	aŋɡaʒovat	1
anglie	aŋɡlɪjɛ	4
angličtina	aŋɡlɪt͡ʃcɪna	1
anička	aɲɪt͡ʃka	1
aniž	aɲɪʃ	9
ankara	aŋkara	3
anketa	aŋkɛta	1
anna	ana	3
anonym	anonɪm	1
antiimigrační	antɪɪmɪɡrat͡ʃɲiː	1
antimonopolní	antɪmonopolɲiː	2
antonín	antoɲiːn	2
ara	ara	1
archeoložka	arxɛoloʃka	1
architektka	arxɪtɛktka	1
archiv	arxɪf	5
archivní	arxɪvɲiː	1
argentinský	arɡɛntɪnskiː	1
argument	arɡumɛnt	1
armádní	armaːdɲiː	1
arménie	armɛːnɪjɛ	1
arnošt	arnoʃt	2
asie	aːzɪjɛ	3
asistence	asɪstɛnt͡sɛ	1
asistent	asɪstɛnt	1
asistentka	asɪstɛntka	1
aspoň	aspoɲ	9
astrologie	astroloɡɪjɛ	1
astronomie	astronomɪjɛ	3
atentát	atɛntaːt	1
atentátník	atɛntaːtɲiːk	2
atlantik	atlantɪk	1
atmosféra	atmosfɛːra	4
atrakce	atrakt͡sɛ	2
atraktivní	atraktɪvɲiː	4
austrálie	au̯straːlɪjɛ	5
autokracie	au̯tokrat͡sɪjɛ	1
automat	au̯tomat	1
automaticky	au̯tomatɪt͡skɪ	4
automatizace	au̯tomatɪzat͡sɛ	1
autonomie	au̯tonomɪjɛ	2
autonomní	au̯tonomɲiː	1
autor	au̯tor	17
autorita	au̯torɪta	1
autoritativní	au̯torɪtatɪvɲiː	1
autoritářství	au̯torɪtaːr̝̊stviː	1
autorka	au̯torka	1
avšak	afʃak	10
ázerbájdžán	aːzɛrbaːjdʒaːn	1
ačkoli	at͡ʃkolɪ	5
ačkoliv	at͡ʃkolɪf	10
ať	ac	39
babí	babiː	1
babylon	babɪlon	1
bankovní	baŋkovɲiː	13
bankrot	baŋkrot	1
bára	baːra	2
barák	baraːk	2
barák	baraːk	2
baránek	baraːnɛk	2
barva	barva	2
barvy	barvɪ	6
básnictví	baːsɲɪt͡stviː	1
básník	baːsɲiːk	1
batoh	batox	1
bažantí	baʒanciː	1
bedřich	bɛdr̝ɪx	3
belgie	bɛlɡɪjɛ	1
belgičanka	bɛlɡɪt͡ʃaŋka	1
belhat	bɛlɦat	1
benátky	bɛnaːtkɪ	1
benzín	bɛnziːn	1
beran	bɛran	2
beránek	bɛraːnɛk	1
bere	bɛrɛ	46
berlín	bɛrliːn	1
bernard	bɛrnart	1
beroun	bɛrou̯n	2
beru	bɛru	4
beton	bɛton	2
bezedný	bɛzɛdniː	1
bezesporu	bɛzɛsporu	2
bezmála	bɛzmaːla	5
beznaděj	bɛznaɟɛj	2
bezpečnost	bɛspɛt͡ʃnost	6
bezpečnostní	bɛspɛt͡ʃnostɲiː	15
bezpečně	bɛspɛt͡ʃɲɛ	1
bezpochyby	bɛspoxɪbɪ	2
bezprostřední	bɛsprostr̝̊ɛdɲiː	4
bezprostředně	bɛsprostr̝̊ɛdɲɛ	2
bicykl	bɪt͡sɪkl̩	1
bijte	bɪjtɛ	1
bílá	biːlaː	3
bílé	biːlɛː	5
bitva	bɪtva	3
blahobyt	blaɦobɪt	1
blanka	blaŋka	13
bledý	blɛdiː	1
blízko	bliːsko	3
blíže	bliːʒɛ	1
blížící	bliːʒiːt͡siː	1
bližší	blɪʃiː	2
blondýna	blondiːna	1
bod	bot	7
boha	boɦa	8
bohatství	boɦatstviː	1
bohu	boɦu	1
bohudík	boɦuɟiːk	1
bohuslav	boɦuslaf	45
bohuslava	boɦuslava	2
bohužel	boɦuʒɛl	33
bohy	boɦɪ	1
boj	boj	13
bok	bok	1
boleslav	bolɛslaf	1
bomba	bomba	1
bor	bor	1
bor	boːr	1
borec	borɛt͡s	1
bouda	bou̯da	1
bouře	bou̯r̝ɛ	2
božena	boʒɛna	2
boží	boʒiː	1
božský	boʃskiː	1
brabec	brabɛt͡s	1
brady	bradɪ	4
brali	bralɪ	2
bránit	braːɲɪt	11
brankář	braŋkaːr̝̊	2
brány	braːnɪ	2
bratr	bratr̩	6
bratrstvo	bratr̩stvo	1
brazílie	braziːlɪjɛ	2
británie	brɪtaːnɪjɛ	14
britský	brɪtskiː	7
brněnský	br̩ɲɛnskiː	5
brož	broʃ	1
brusel	brusɛl	41
brusle	bruslɛ	2
bruslení	bruslɛɲiː	2
brzd	br̩st	1
brzdit	br̩zɟɪt	1
brzo	br̩zo	3
brzy	br̩zɪ	16
brčko	br̩t͡ʃko	1
budapešť	budapɛʃc	2
bude	budɛ	361
budeme	budɛmɛ	22
budete	budɛtɛ	31
budeš	budɛʃ	4
budík	buɟiːk	1
budou	budou̯	164
budoucí	budou̯t͡siː	11
budoucnost	budou̯t͡snost	8
budovat	budovat	1
budu	budu	16
bůh	buːx	6
bulharský	bulɦarskiː	1
bursík	bursiːk	1
burza	burza	1
buďme	buɟmɛ	1
buďte	buctɛ	1
bydlet	bɪdlɛt	2
bydlím	bɪdliːm	1
byla	bɪla	184
byli	bɪlɪ	63
bylo	bɪlo	205
byly	bɪlɪ	83
bytí	bɪciː	1
bytový	bɪtoviː	1
byť	bɪc	8
běhat	bjɛɦat	1
bělehrad	bjɛlɛɦrat	1
běloruska	bjɛloruska	2
běž	bjɛʃ	2
běžně	bjɛʒɲɛ	3
břeh	br̝ɛx	3
března	br̝ɛzna	21
bříško	br̝iːʃko	2
cech	t͡sɛx	1
cela	t͡sɛla	1
celá	t͡sɛlaː	20
celé	t͡sɛlɛː	51
celého	t͡sɛlɛːɦo	21
celek	t͡sɛlɛk	10
celém	t͡sɛlɛːm	14
celému	t͡sɛlɛːmu	3
celkem	t͡sɛlkɛm	35
celkový	t͡sɛlkoviː	3
celní	t͡sɛlɲiː	2
celoroční	t͡sɛlorot͡ʃɲiː	2
celostátní	t͡sɛlostaːtɲiː	3
celou	t͡sɛlou̯	32
celých	t͡sɛliːx	7
celým	t͡sɛliːm	4
ceník	t͡sɛɲiːk	1
cenný	t͡sɛniː	1
cenový	t͡sɛnoviː	2
centrální	t͡sɛntraːlɲiː	13
centrum	t͡sɛntrum	20
cestách	t͡sɛstaːx	1
cestami	t͡sɛstamɪ	2
cestou	t͡sɛstou̯	16
cestování	t͡sɛstovaːɲiː	15
cestovka	t͡sɛstofka	1
cestu	t͡sɛstu	9
cestující	t͡sɛstujiːt͡siː	8
cesty	t͡sɛstɪ	16
cestě	t͡sɛscɛ	13
chalupa	xalupa	2
chalupa	xalupa	2
chamtivost	xamcɪvost	2
charakter	xaraktɛr	4
charakteristika	xaraktɛrɪstɪka	1
chátrat	xaːtrat	1
chce	xt͡sɛ	86
chcete	xt͡sɛtɛ	15
chceš	xt͡sɛʃ	1
chci	xt͡sɪ	10
chemička	xɛmɪt͡ʃka	1
chicago	ʃɪkaːɡo	2
chicago	t͡ʃɪkaːɡo	2
chile	t͡ʃɪlɛ	1
chirurgie	xɪrurɡɪjɛ	2
chládek	xlaːdɛk	1
chladný	xladniː	1
chlapce	xlapt͡sɛ	2
chlapci	xlapt͡sɪ	2
chlapců	xlapt͡suː	1
chlapeček	xlapɛt͡ʃɛk	1
chlapík	xlapiːk	1
chleba	xlɛba	4
chlebem	xlɛbɛm	1
chleby	xlɛbɪ	1
chodba	xodba	1
chomutov	xomutof	2
choreografie	xorɛoɡrafɪjɛ	1
chov	xof	1
chovanec	xovanɛt͡s	5
chování	xovaːɲiː	16
chránit	xraːɲɪt	6
chráněný	xraːɲɛniː	1
chrápání	xraːpaːɲiː	1
chtít	xciːt	9
chtěl	xcɛl	30
chudák	xudaːk	1
chudý	xudiː	1
chůze	xuːzɛ	1
chuť	xuc	7
chuťovka	xucofka	1
chvíle	xviːlɛ	9
chytit	xɪcɪt	1
chytře	xɪtr̝̊ɛ	1
církev	t͡siːrkɛf	7
církevní	t͡siːrkɛvɲiː	8
císař	t͡siːsar̝̊	1
císař	t͡siːsar̝̊	1
císařovna	t͡siːsar̝ovna	1
císařský	t͡siːsar̝̊skiː	1
citace	t͡sɪtat͡sɛ	1
citlivost	t͡sɪtlɪvost	2
clo	t͡slo	1
coby	t͡sobɪ	9
cokoli	t͡sokolɪ	2
cokoliv	t͡sokolɪf	7
což	t͡soʃ	93
ctihodný	t͡scɪɦodniː	1
cukroví	t͡sukroviː	4
cvičení	t͡svɪt͡ʃɛɲiː	5
cvičit	t͡svɪt͡ʃɪt	2
cyklistický	t͡sɪklɪstɪt͡skiː	1
cyklus	t͡sɪklus	7
cynický	t͡sɪnɪt͡skiː	1
dá	daː	33
dagmar	daɡmar	4
dále	daːlɛ	51
dalibor	dalɪbor	3
dálkový	daːlkoviː	1
dáma	daːma	3
dan	dan	2
dán	daːn	1
daniel	daɲɪɛl	9
daněk	daɲɛk	1
dárce	daːrt͡sɛ	2
darovat	darovat	1
databáze	databaːzɛ	4
datový	datoviː	1
dav	daf	1
david	davɪt	16
davídek	daviːdɛk	1
dávka	daːfka	1
dávno	daːvno	18
dávný	daːvniː	3
dařit	dar̝ɪt	1
dbát	dbaːt	1
dcera	t͡sɛra	3
debatovat	dɛbatovat	1
debil	dɛbɪl	2
dech	dɛx	3
dehtu	dɛxtu	1
dej	dej	1
deka	dɛka	1
delegace	dɛlɛɡat͡sɛ	3
demise	dɛmɪsɛ	1
demografický	dɛmoɡrafɪt͡skiː	1
demografie	dɛmoɡrafɪjɛ	1
demokracie	dɛmokrat͡sɪjɛ	18
demonstrace	dɛmonstrat͡sɛ	4
denní	dɛɲiː	9
denně	dɛɲɛ	14
deregulace	dɛrɛɡulat͡sɛ	1
desetiletí	dɛsɛcɪlɛciː	2
desetiletý	dɛsɛcɪlɛtiː	1
desetina	dɛsɛcɪna	2
desetkrát	dɛsɛtkraːt	1
design	dɪzajn	5
destrukce	dɛstrukt͡sɛ	2
devětkrát	dɛvjɛtkraːt	1
déšť	dɛːʃc	2
dialog	dɪjalok	2
dieta	dɪjɛta	2
diety	dɪjɛtɪ	2
digitální	dɪɡɪtaːlɲiː	11
dík	ɟiːk	1
diktátor	dɪktaːtor	1
diktovat	dɪktovat	1
díky	ɟiːkɪ	80
díl	ɟiːl	12
dilema	dɪlɛma	2
dílna	ɟiːlna	1
dílo	ɟiːlo	9
diplomat	dɪplomat	1
díra	ɟiːra	2
dirigent	dɪrɪɡɛnt	1
disk	dɪsk	1
diskuse	dɪskusɛ	29
diskutabilní	dɪskutabɪlɲiː	1
diskutér	dɪskutɛːr	1
diskutovat	dɪskutovat	11
diskuze	dɪskuzɛ	6
dít	ɟiːt	1
dítě	ɟiːcɛ	29
div	ɟɪf	2
divadelní	ɟɪvadɛlɲiː	8
divadlo	ɟɪvadlo	13
divák	ɟɪvaːk	4
dívat	ɟiːvat	2
dívenka	ɟiːvɛŋka	1
dividenda	dɪvɪdɛnda	1
divize	dɪvɪzɛ	2
dívka	ɟiːfka	10
divný	ɟɪvniː	2
divoce	ɟɪvot͡sɛ	1
divu	ɟɪvu	2
dlaždice	dlaʒɟɪt͡sɛ	1
dle	dlɛ	16
dlouho	dlou̯ɦo	25
dlouhodobý	dlou̯ɦodobiː	1
dlouholetý	dlou̯ɦolɛtiː	1
dlouhověkost	dlou̯ɦovjɛkost	1
dna	dna	5
dne	dnɛ	52
dneska	dnɛska	8
dnešek	dnɛʃɛk	1
dnešní	dnɛʃɲiː	27
dni	dɲɪ	4
dní	dɲiː	21
dob	dop	5
dobový	doboviː	1
dobrá	dobraː	11
dobré	dobrɛː	24
dobrého	dobrɛːɦo	6
dobrém	dobrɛːm	2
dobro	dobro	3
dobrodružný	dobrodruʒniː	1
dobrodružství	dobrodruʃstviː	3
dobrotivý	dobrocɪviː	1
dobrou	dobrou̯	6
dobrovolný	dobrovolniː	1
dobrovolně	dobrovolɲɛ	3
dobrým	dobriːm	5
dobytek	dobɪtɛk	2
dobytí	dobɪciː	2
dobří	dobr̝iː	1
docela	dot͡sɛla	27
docílit	dot͡siːlɪt	2
dodat	dodat	2
dodávka	dodaːfka	2
dodržovat	dodr̩ʒovat	1
dohadovat	doɦadovat	1
dohled	doɦlɛt	1
dohnal	doɦnal	2
dohoda	doɦoda	4
dohodnout	doɦodnou̯t	2
dojet	dojɛt	1
dojít	dojiːt	5
dokládat	doklaːdat	1
dokonale	dokonalɛ	10
dokončit	dokont͡ʃɪt	1
doktor	doktor	3
doktora	doktora	2
dokud	dokut	10
dokument	dokumɛnt	10
dokumentace	dokumɛntat͡sɛ	2
dokumentární	dokumɛntaːrɲiː	6
doladit	dolaɟɪt	1
dole	dolɛ	4
doležal	dolɛʒal	1
doložit	doloʒɪt	2
dolu	dolu	1
dolů	doluː	6
domácnost	domaːt͡snost	1
domech	domɛx	3
domek	domɛk	1
domem	domɛm	1
domeček	domɛt͡ʃɛk	1
dominantní	domɪnantɲiː	2
dominik	domɪnɪk	6
dominika	domɪnɪka	1
domino	domɪno	1
domluva	domluva	1
domluvit	domluvɪt	1
domněnka	domɲɛŋka	2
domov	domof	8
domu	domu	19
domy	domɪ	7
domě	domɲɛ	10
donutil	donucɪl	1
donutit	donucɪt	2
doopravdy	doopravdɪ	2
dopad	dopat	9
dopadnout	dopadnou̯t	1
doplnit	dopl̩ɲɪt	2
doplněk	dopl̩ɲɛk	1
dopoledne	dopolɛdnɛ	6
doporučení	doporut͡ʃɛɲiː	2
dopravit	dopravɪt	1
doprovodný	doprovodniː	3
dopředu	dopr̝̊ɛdu	4
dort	dort	1
doručení	dorut͡ʃɛɲiː	1
dosáhnout	dosaːɦnou̯t	10
dosažitelný	dosaʒɪtɛlniː	1
doslova	doslova	8
dospívání	dospiːvaːɲiː	2
dostál	dostaːl	1
dostatečný	dostatɛt͡ʃniː	1
dostatečně	dostatɛt͡ʃɲɛ	7
dostupnost	dostupnost	1
dostupný	dostupniː	2
dosud	dosut	30
dotáhnout	dotaːɦnou̯t	1
dotaz	dotas	3
dotyk	dotɪk	1
doubravka	dou̯brafka	1
doupě	dou̯pjɛ	1
dovést	dovɛːst	2
dovnitř	dovɲɪtr̝̊	6
dovolit	dovolɪt	4
dovoz	dovos	2
dovozce	dovost͡sɛ	1
dovozní	dovozɲiː	1
dozajista	dozajɪsta	1
dočasně	dot͡ʃasɲɛ	3
dočkal	dot͡ʃkal	3
dočkat	dot͡ʃkat	1
dráha	draːɦa	2
drama	drama	3
drastický	drastɪt͡skiː	1
dravý	draviː	1
dračí	drat͡ʃiː	1
dražit	draʒɪt	3
drobný	drobniː	2
drobný	drobniː	2
drogový	droɡoviː	2
drtí	dr̩ciː	1
druh	drux	5
družstvo	druʃstvo	3
dub	dup	1
dubna	dubna	44
důchod	duːxot	2
důchodce	duːxot͡sɛ	3
duda	duda	2
důkladně	duːkladɲɛ	1
důl	duːl	1
důležitost	duːlɛʒɪtost	1
důsledek	duːslɛdɛk	3
důvod	duːvot	13
důvěra	duːvjɛra	2
duše	duʃɛ	5
duševní	duʃɛvɲiː	1
duševně	duʃɛvɲɛ	1
dvanáctkrát	dvanaːt͡stkraːt	1
dvojice	dvojɪt͡sɛ	3
dvojče	dvojt͡ʃɛ	1
dvoreček	dvorɛt͡ʃɛk	1
dvě	dvjɛ	62
dýchací	diːxat͡siː	1
dýchání	diːxaːɲiː	1
dynamický	dɪnamɪt͡skiː	1
dynastie	dɪnastɪjɛ	1
dědeček	ɟɛdɛt͡ʃɛk	1
dědictví	ɟɛɟɪt͡stviː	4
dějiny	ɟɛjɪnɪ	5
dějství	ɟɛjstviː	2
děkuji	ɟɛkujɪ	13
děkuju	ɟɛkuju	1
dělá	ɟɛlaː	12
dělají	ɟɛlajiː	11
dělali	ɟɛlalɪ	3
děláme	ɟɛlaːmɛ	4
dělat	ɟɛlat	16
děláte	ɟɛlaːtɛ	1
dělej	ɟɛlɛj	1
dělejte	ɟɛlɛjtɛ	1
dělo	ɟɛlo	1
děsí	ɟɛsiː	2
dětský	ɟɛtskiː	1
dětství	ɟɛtstviː	5
dřevěný	dr̝ɛvjɛniː	1
dřív	dr̝iːf	6
dříve	dr̝iːvɛ	24
dřívější	dr̝iːvjɛjʃiː	3
efekt	ɛfɛkt	6
egypt	ɛɡɪpt	1
ekonomický	ɛkonomɪt͡skiː	2
ekonomie	ɛkonomɪjɛ	4
ekonomika	ɛkonomɪka	12
ekvivalence	ɛkvɪvalɛnt͡sɛ	1
el	ɛl	2
elektronický	ɛlɛktronɪt͡skiː	1
elektřina	ɛlɛktr̝̊ɪna	2
elitář	ɛlɪtaːr̝̊	1
emigrace	ɛmɪɡrat͡sɛ	1
emise	ɛmɪsɛ	1
emoce	ɛmot͡sɛ	1
entita	ɛntɪta	1
esej	ɛsɛj	2
estetický	ɛstɛtɪt͡skiː	1
estonec	ɛstonɛt͡s	2
estonský	ɛstonskiː	1
euforie	ɛu̯forɪjɛ	2
euro	ɛu̯ro	6
europoslanec	ɛu̯roposlanɛt͡s	1
eurozóna	ɛu̯rozoːna	1
evakuovat	ɛvakuovat	1
evidence	ɛvɪdɛnt͡sɛ	4
evidentní	ɛvɪdɛntɲiː	2
evropský	ɛvropskiː	5
existence	ɛɡzɪstɛnt͡sɛ	5
existenční	ɛɡzɪstɛnt͡ʃɲiː	1
existovat	ɛɡzɪstovat	1
exkurze	ɛkskurzɛ	1
experiment	ɛkspɛrɪmɛnt	2
explodovat	ɛksplodovat	1
expolicista	ɛkspolɪt͡sɪsta	1
export	ɛksport	2
exportní	ɛksportɲiː	3
exportovat	ɛksportovat	1
expozice	ɛkspozɪt͡sɛ	10
extravagantní	ɛkstravaɡantɲiː	2
extremismus	ɛkstrɛmɪzmus	1
extremistický	ɛkstrɛmɪstɪt͡skiː	1
extrémní	ɛkstrɛːmɲiː	3
facka	fat͡ska	2
faktický	faktɪt͡skiː	1
fanoušek	fanou̯ʃɛk	2
fantaskní	fantaskɲiː	1
fantazie	fantazɪjɛ	1
farář	faraːr̝̊	1
fascinující	fast͡sɪnujiːt͡siː	1
fáze	faːzɛ	5
fenka	fɛŋka	2
fešný	fɛʃniː	1
figura	fɪɡura	1
fiktivní	fɪktɪvɲiː	3
filip	fɪlɪp	2
filipíny	fɪlɪpiːnɪ	1
filozof	fɪlozof	2
filozofie	fɪlozofɪjɛ	3
fin	fɪn	1
finále	fɪnaːlɛ	15
finance	fɪnant͡sɛ	4
financovat	fɪnant͡sovat	3
finanční	fɪnant͡ʃɲiː	25
finsko	fɪnsko	1
firemní	fɪrɛmɲiː	2
fiskální	fɪskaːlɲiː	1
fix	fɪks	1
fojtík	fojciːk	1
fóra	foːra	2
forma	forma	2
formální	formaːlɲiː	3
formulář	formulaːr̝̊	1
formule	formulɛ	3
fotbalista	fodbalɪsta	3
fotit	focɪt	2
fotografie	fotoɡrafɪjɛ	17
foťák	focaːk	1
francie	frant͡sɪɛ	9
francouzi	frant͡sou̯zɪ	1
francouzský	frant͡sou̯skiː	2
frank	fraŋk	2
fráze	fraːzɛ	2
funkce	fuŋkt͡sɛ	16
funkcionář	fuŋkt͡sɪonaːr̝̊	1
funkční	fuŋkt͡ʃɲiː	6
fyzicky	fɪzɪt͡skɪ	4
fyzický	fɪzɪt͡skiː	1
gabriel	ɡabrɪɛl	1
gdyně	ɡdɪɲɛ	1
generál	ɡɛnɛraːl	4
genetický	ɡɛnɛtɪt͡skiː	1
genetika	ɡɛnɛtɪka	2
geniální	ɡɛɲɪaːlɲiː	1
geniálně	ɡɛɲɪaːlɲɛ	1
génius	ɡɛːɲɪus	1
geograf	ɡɛoɡraf	1
gigant	ɡɪɡant	2
globalizace	ɡlobalɪzat͡sɛ	1
globální	ɡlobaːlɲiː	9
graf	ɡraf	1
grafický	ɡrafɪt͡skiː	2
grafik	ɡrafɪk	1
grafika	ɡrafɪka	1
green	ɡriːn	3
grilovat	ɡrɪlovat	1
gruzie	ɡruzɪjɛ	1
hádá	ɦaːdaː	1
hádala	ɦaːdala	1
hádat	ɦaːdat	2
hadi	ɦaɟɪ	1
hadry	ɦadrɪ	1
hady	ɦadɪ	2
hájek	ɦaːjɛk	1
hajzl	ɦajzl̩	1
haló	ɦaloː	7
hana	ɦana	6
hana	ɦana	6
hanět	ɦaɲɛt	1
harfistka	ɦarfɪstka	1
harmonogram	ɦarmonoɡram	1
havárie	ɦavaːrɪjɛ	2
havel	ɦavɛl	19
havěť	ɦavjɛc	1
hašek	ɦaʃɛk	7
haškův	ɦaʃkuːf	1
helena	ɦɛlɛna	2
her	ɦɛr	8
herbert	ɦɛrbɛrt	2
herecký	ɦɛrɛt͡skiː	1
hesla	ɦɛsla	2
heslo	ɦɛslo	4
heterosexuální	ɦɛtɛrosɛksuaːlɲiː	1
hezky	ɦɛskɪ	6
historicky	ɦɪstorɪt͡skɪ	5
historický	ɦɪstorɪt͡skiː	5
historie	ɦɪstorɪjɛ	19
historik	ɦɪstorɪk	2
hitlerův	ɦɪtlɛruːf	1
hladce	ɦlat͡sɛ	3
hladina	ɦlaɟɪna	1
hladký	ɦlatkiː	1
hlasatel	ɦlasatɛl	1
hlásit	ɦlaːsɪt	2
hlasování	ɦlasovaːɲiː	14
hlasovat	ɦlasovat	5
hlavně	ɦlavɲɛ	34
hlášení	ɦlaːʃɛɲiː	3
hláška	ɦlaːʃka	1
hledání	ɦlɛdaːɲiː	11
hlídat	ɦliːdat	1
hlídač	ɦliːdat͡ʃ	1
hlídka	ɦliːtka	3
hlodavec	ɦlodavɛt͡s	1
hloupost	ɦlou̯post	3
hluboce	ɦlubot͡sɛ	1
hluboko	ɦluboko	1
hluk	ɦluk	2
hmyz	ɦmɪs	1
hnát	ɦnaːt	1
hned	ɦnɛt	41
hnízdo	ɦɲiːzdo	3
hnojit	ɦnojɪt	1
hnout	ɦnou̯t	1
hnůj	ɦnuːj	1
hnutí	ɦnuciː	24
ho	ɦo	144
hodí	ɦoɟiː	11
hodinka	ɦoɟɪŋka	2
hodinky	ɦoɟɪŋkɪ	3
hodnocení	ɦodnot͡sɛɲiː	6
hodnota	ɦodnota	5
hodnotit	ɦodnocɪt	3
hodu	ɦodu	1
hojení	ɦojɛɲiː	1
holandsko	ɦolantsko	1
holec	ɦolɛt͡s	1
holomek	ɦolomɛk	1
holub	ɦolup	2
holub	ɦolup	2
holubí	ɦolubiː	1
holý	ɦoliː	2
holčička	ɦolt͡ʃɪt͡ʃka	2
homo	ɦomo	1
homosexuální	ɦomosɛksuaːlɲiː	1
hon	ɦon	1
honduraský	ɦonduraskiː	1
honí	ɦoɲiː	1
honza	ɦonza	1
honzík	ɦonziːk	2
horda	ɦorda	1
horkem	ɦorkɛm	2
horku	ɦorku	1
horolezectví	ɦorolɛzɛt͡stviː	1
horský	ɦorskiː	1
horský	ɦorskiː	1
horší	ɦorʃiː	15
hospitalizace	ɦospɪtalɪzat͡sɛ	1
hospodář	ɦospodaːr̝̊	1
hospodařit	ɦospodar̝ɪt	1
hospodářský	ɦospodaːr̝̊skiː	1
hospodářství	ɦospodaːr̝̊stviː	3
hospodský	ɦospotskiː	1
hospůdka	ɦospuːtka	1
host	ɦost	4
hostit	ɦoscɪt	1
hostitel	ɦoscɪtɛl	1
hostitelka	ɦoscɪtɛlka	2
hotový	ɦotoviː	1
houbeles	ɦou̯bɛlɛs	1
hovořit	ɦovor̝ɪt	3
hořkost	ɦor̝̊kost	1
hořčice	ɦor̝̊t͡ʃɪt͡sɛ	1
hošík	ɦoʃiːk	1
hrabivost	ɦrabɪvost	1
hrábě	ɦraːbjɛ	1
hrách	ɦraːx	3
hrad	ɦrat	7
hradecký	ɦradɛt͡skiː	1
hradem	ɦradɛm	2
hradní	ɦradɲiː	2
hradu	ɦradu	8
hradě	ɦraɟɛ	4
hrají	ɦrajiː	14
hrála	ɦraːla	2
hrana	ɦrana	1
hraní	ɦraɲiː	2
hranice	ɦraɲɪt͡sɛ	20
hráz	ɦraːs	2
hráč	ɦraːt͡ʃ	6
hračka	ɦrat͡ʃka	2
hrdina	ɦr̩ɟɪna	1
hrdinka	ɦr̩ɟɪŋka	2
hrdlička	ɦr̩dlɪt͡ʃka	1
hrdý	ɦr̩diː	2
hrdě	ɦr̩ɟɛ	1
hrob	ɦrop	2
hrobka	ɦropka	2
hromadný	ɦromadniː	2
hrou	ɦrou̯	3
hrozit	ɦrozɪt	1
hrozný	ɦrozniː	1
hrozně	ɦrozɲɛ	5
hrstka	ɦr̩stka	1
hru	ɦru	6
hrubost	ɦrubost	1
hrubý	ɦrubiː	2
hrubý	ɦrubiː	2
hrůza	ɦruːza	3
hruška	ɦruʃka	1
hry	ɦrɪ	24
hubert	ɦubɛrt	1
hudební	ɦudɛbɲiː	12
hudebník	ɦudɛbɲiːk	1
hudebníků	ɦudɛbɲiːkuː	2
humanitární	ɦumaɲɪtaːrɲiː	2
husách	ɦusaːx	1
husí	ɦusiː	1
husitský	ɦusɪtskiː	1
huť	ɦuc	1
hvězda	ɦvjɛzda	4
hypnóza	ɦɪpnoːza	2
hřbet	ɦr̝bɛt	1
hřbitov	ɦr̝bɪtof	1
hře	ɦr̝ɛ	3
ideální	ɪdɛaːlɲiː	9
identifikovat	ɪdɛntɪfɪkovat	2
ideologický	ɪdɛoloɡɪt͡skiː	1
ideologie	ɪdɛoloɡɪjɛ	2
ignorovat	ɪɡnorovat	1
ihned	ɪɦnɛt	8
ilegální	ɪlɛɡaːlɲiː	1
ilona	ɪlona	3
imigrace	ɪmɪɡrat͡sɛ	1
imigrační	ɪmɪɡrat͡ʃɲiː	6
import	ɪmport	1
impozantní	ɪmpozantɲiː	2
improvizační	ɪmprovɪzat͡ʃɲiː	1
imunitní	ɪmuɲɪtɲiː	1
index	ɪndɛks	4
indie	ɪndɪjɛ	3
individuální	ɪndɪvɪduaːlɲiː	5
indoktrinace	ɪndoktrɪnat͡sɛ	1
infekce	ɪnfɛkt͡sɛ	2
inflace	ɪnflat͡sɛ	6
informační	ɪnformat͡ʃɲiː	5
informovaný	ɪnformovaniː	1
informovat	ɪnformovat	1
infrastruktura	ɪnfrastruktura	1
ingrid	ɪŋɡrɪt	1
injekce	ɪnjɛkt͡sɛ	1
injekční	ɪnjɛkt͡ʃɲiː	2
inkvizice	ɪŋkvɪzɪt͡sɛ	1
inovace	ɪnovat͡sɛ	5
inovátor	ɪnovaːtor	2
inovovat	ɪnovovat	1
insolvence	ɪnsolvɛnt͡sɛ	1
inspirovat	ɪnspɪrovat	4
instituce	ɪnstɪtut͡sɛ	9
instrukce	ɪnstrukt͡sɛ	1
intelektuální	ɪntɛlɛktuaːlɲiː	1
inteligence	ɪntɛlɪɡɛnt͡sɛ	1
inteligentní	ɪntɛlɪɡɛntɲiː	1
interaktivní	ɪntɛraktɪvɲiː	3
internetový	ɪntɛrnɛtoviː	11
interpretace	ɪntɛrprɛtat͡sɛ	3
interval	ɪntɛrval	1
invalidní	ɪnvalɪdɲiː	1
investovat	ɪnvɛstovat	6
irák	ɪraːk	1
írán	iːraːn	2
ironie	ɪronɪjɛ	1
irsko	ɪrsko	2
islám	ɪslaːm	5
ital	ɪtal	1
itálie	ɪtaːlɪjɛ	7
italský	ɪtalskiː	2
iva	ɪva	1
ivan	ɪvan	3
ivana	ɪvana	4
iveta	ɪvɛta	1
ivo	ɪvo	4
izrael	ɪzraɛl	6
izraelský	ɪzraɛlskiː	1
jádro	jaːdro	2
jakkoliv	jakolɪf	1
jakožto	jakoʃto	2
jaksi	jaksɪ	2
jakub	jakup	13
jakýkoliv	jakiːkolɪf	1
jáma	jaːma	1
jan	jan	39
janda	janda	1
janov	janof	1
janův	januːf	1
japonský	japonskiː	2
jar	jar	2
jara	jara	2
jaromír	jaromiːr	2
jaromíra	jaromiːra	3
jaroslav	jaroslaf	13
jaroslava	jaroslava	6
jaroš	jaroʃ	1
jasno	jasno	7
jasný	jasniː	3
jasně	jasɲɛ	10
jater	jatɛr	2
jazykový	jazɪkoviː	1
jazykovědec	jazɪkovjɛdɛt͡s	1
jaře	jar̝ɛ	1
jde	jdɛ	83
jdi	jɟɪ	2
jede	jɛdɛ	6
jedeme	jɛdɛmɛ	1
jeden	jɛdɛn	86
jedete	jɛdɛtɛ	1
jedinec	jɛɟɪnɛt͡s	4
jedinečný	jɛɟɪnɛt͡ʃniː	1
jedině	jɛɟɪɲɛ	4
jedl	jɛdl̩	1
jedlý	jɛdliː	1
jedna	jɛdna	30
jednání	jɛdnaːɲiː	40
jednat	jɛdnat	13
jednička	jɛdɲɪt͡ʃka	1
jedno	jɛdno	27
jednoduchý	jɛdnoduxiː	2
jednoduše	jɛdnoduʃɛ	5
jednotlivec	jɛdnotlɪvɛt͡s	1
jednotný	jɛdnotniː	2
jednoznačný	jɛdnoznat͡ʃniː	1
jednoznačně	jɛdnoznat͡ʃɲɛ	7
jedu	jɛdu	2
jehlice	jɛɦlɪt͡sɛ	1
jehličí	jɛɦlɪt͡ʃiː	1
jehož	jɛɦoʃ	26
jej	jɛj	53
jejich	jɛjɪx	169
jejž	jɛjʃ	1
jel	jɛl	2
jela	jɛla	2
jelikož	jɛlɪkoʃ	10
jelo	jɛlo	1
jemen	jɛmɛn	1
jemu	jɛmu	1
jemuž	jɛmuʃ	2
jenom	jɛnom	25
jenže	jɛnʒɛ	25
jeroným	jɛroniːm	1
jeruzalém	jɛruzalɛːm	1
jestliže	jɛstlɪʒɛ	6
jezdec	jɛzdɛt͡s	3
jezu	jɛzu	1
jež	jɛʃ	27
ježek	jɛʒɛk	2
ježíš	jɛʒiːʃ	1
ježíšek	jɛʒiːʃɛk	1
ji	jɪ	116
jihokorejský	jɪɦokorɛjskiː	1
jihomoravský	jɪɦomorafskiː	1
jihovýchod	jɪɦoviːxot	1
jihovýchodní	jɪɦoviːxodɲiː	2
jihočeský	jɪɦot͡ʃɛskiː	1
jím	jiːm	5
jimiž	jɪmɪʃ	1
jimž	jɪmʃ	3
jinak	jɪnak	49
jindra	jɪndra	1
jindy	jɪndɪ	4
jindřich	jɪndr̝ɪx	2
jirka	jɪrka	1
jiskřička	jɪskr̝̊ɪt͡ʃka	1
jistit	jɪscɪt	1
jistý	jɪstiː	4
jistě	jɪscɛ	31
jíte	jiːtɛ	1
jitka	jɪtka	2
jičín	jɪt͡ʃiːn	3
jiří	jɪr̝iː	36
jiřina	jɪr̝ɪna	1
jiřina	jɪr̝ɪna	1
již	jɪʃ	143
jižně	jɪʒɲɛ	2
jmelí	jmɛliː	1
jménem	jmɛːnɛm	11
jmenování	jmɛnovaːɲiː	2
jo	jo	5
johana	joɦana	1
jonáš	jonaːʃ	1
jordánsko	jordaːnsko	1
josef	jozɛf	9
jožka	joʃka	1
jsem	jsɛm	338
jsme	jsmɛ	238
jsou	sou̯	420
jste	jstɛ	80
judo	dʒudo	1
jugoslávie	juɡoslaːvɪjɛ	1
juta	juta	1
k	k	560
k	ɡ	560
kabelka	kabɛlka	1
kácení	kaːt͡sɛɲiː	1
kadlec	kadlɛt͡s	2
kafe	kafɛ	1
kája	kaːja	1
kalendář	kalɛndaːr̝̊	7
kalkulace	kalkulat͡sɛ	1
kamil	kamɪl	3
kamila	kamɪla	2
kampaň	kampaɲ	16
kanál	kanaːl	1
kanalizace	kanalɪzat͡sɛ	4
kandidát	kandɪdaːt	4
kandidovat	kandɪdovat	3
kančí	kant͡ʃiː	1
kapacita	kapat͡sɪta	2
kapela	kapɛla	4
kapitál	kapɪtaːl	3
kapitalismus	kapɪtalɪzmus	2
kapitol	kapɪtol	1
kapitola	kapɪtola	3
kapka	kapka	1
kaple	kaplɛ	6
kapra	kapra	2
kapsář	kapsaːr̝̊	1
kapsle	kapslɛ	1
kardinál	kardɪnaːl	6
karel	karɛl	14
karla	karla	4
karlovarský	karlovarskiː	1
karty	kartɪ	6
karviná	karvɪnaː	2
kat	kat	1
katalánsko	katalaːnsko	2
kate	katɛ	1
katem	katɛm	1
kateřina	katɛr̝ɪna	4
katy	katɪ	1
kávovar	kaːvovar	1
kávový	kaːvoviː	1
kazach	kazax	1
kazachstán	kazaxstaːn	1
kázat	kaːzat	1
kazatel	kazatɛl	1
kazu	kazu	1
každopádně	kaʒdopaːdɲɛ	1
kbelík	ɡbɛliːk	1
kdekoliv	ɡdɛkolɪf	4
kdoule	ɡdou̯lɛ	1
kdouloň	ɡdou̯loɲ	1
kdykoli	ɡdɪkolɪ	3
kdykoliv	ɡdɪkolɪf	6
kdysi	ɡdɪsɪ	15
kecám	kɛt͡saːm	1
keramický	kɛramɪt͡skiː	1
keramika	kɛramɪka	1
kilo	kɪlo	1
kin	kɪn	9
kina	kɪna	7
klacek	klat͡sɛk	1
kladivo	klaɟɪvo	1
kladný	kladniː	1
kladně	kladɲɛ	3
klára	klaːra	2
klárka	klaːrka	1
klasifikovat	klasɪfɪkovat	1
klasika	klasɪka	1
klást	klaːst	1
klavírista	klaviːrɪsta	1
klášter	klaːʃtɛr	2
klášterní	klaːʃtɛrɲiː	1
klement	klɛmɛnt	1
klenoty	klɛnotɪ	1
klesající	klɛsajiːt͡siː	1
klesat	klɛsat	1
klid	klɪt	5
klidný	klɪdniː	1
klima	klɪma	3
klíma	kliːma	1
klimatický	klɪmatɪt͡skiː	1
klimatolog	klɪmatolok	1
klimatologie	klɪmatoloɡɪjɛ	1
klinický	klɪnɪt͡skiː	1
klisna	klɪsna	1
klíč	kliːt͡ʃ	3
klíčový	kliːt͡ʃoviː	1
klišé	klɪʃɛː	1
klubíčko	klubiːt͡ʃko	1
kluci	klut͡sɪ	9
kluk	kluk	2
kluka	kluka	1
klus	klus	2
kmen	kmɛn	4
knihkupectví	kɲɪxkupɛt͡stviː	1
knihovní	kɲɪɦovɲiː	1
knížecí	kɲiːʒɛt͡siː	1
knížectví	kɲiːʒɛt͡stviː	1
knížka	kɲiːʃka	2
knižní	kɲɪʒɲiː	3
knoflík	knofliːk	1
kněz	kɲɛs	1
koalice	koalɪt͡sɛ	20
kobereček	kobɛrɛt͡ʃɛk	1
kocourek	kot͡sou̯rɛk	2
kodex	kodɛks	1
kohout	koɦou̯t	1
kojí	kojiː	1
kolekce	kolɛkt͡sɛ	2
kolektivní	kolɛktɪvɲiː	5
kolem	kolɛm	59
kolika	kolɪka	1
kolikrát	kolɪkraːt	1
kolín	koliːn	1
kolona	kolona	2
kolonizace	kolonɪzat͡sɛ	1
kolonizovat	kolonɪzovat	1
kolotoč	kolotot͡ʃ	2
kolumbie	kolumbɪjɛ	2
kombinace	kombɪnat͡sɛ	4
kombinovat	kombɪnovat	1
komedie	komɛdɪjɛ	3
komentátor	komɛntaːtor	3
komentátorka	komɛntaːtorka	1
komentář	komɛntaːr̝̊	5
komentovat	komɛntovat	3
komerční	komɛrt͡ʃɲiː	6
komický	komɪt͡skiː	1
komik	komɪk	1
komisař	komɪsar̝̊	1
komise	komɪsɛ	24
komora	komora	1
komplex	komplɛks	3
komplexní	komplɛksɲiː	2
komplikace	komplɪkat͡sɛ	2
komplikovaný	komplɪkovaniː	1
komplikovat	komplɪkovat	1
komponent	komponɛnt	1
kompostovat	kompostovat	1
komu	komu	3
komunikace	komunɪkat͡sɛ	10
komunikátor	komunɪkaːtor	1
komunismus	komunɪzmus	2
komunista	komunɪsta	1
komunistický	komunɪstɪt͡skiː	2
konat	konat	7
konce	kont͡sɛ	34
koncem	kont͡sɛm	14
koncentrace	kont͡sɛntrat͡sɛ	2
koncepce	kont͡sɛpt͡sɛ	2
koncept	kont͡sɛpt	2
konci	kont͡sɪ	25
konců	kont͡suː	1
konference	konfɛrɛnt͡sɛ	9
kongo	koŋɡo	1
kongres	koŋɡrɛs	4
koní	koɲiː	4
konkrétní	koŋkrɛːtɲiː	16
konkurence	koŋkurɛnt͡sɛ	2
konkurenční	koŋkurɛnt͡ʃɲiː	3
konkurovat	koŋkurovat	2
konopí	konopiː	4
konstatovat	konstatovat	3
konstituce	konstɪtut͡sɛ	1
konstituční	konstɪtut͡ʃɲiː	1
konstrukce	konstrukt͡sɛ	5
kontakt	kontakt	5
kontaktní	kontaktɲiː	2
kontaktovat	kontaktovat	2
kontejner	kontɛjnɛr	1
kontinent	kontɪnɛnt	1
kontinentální	kontɪnɛntaːlɲiː	1
konto	konto	4
kontrolovat	kontrolovat	5
kontroverzní	kontrovɛrzɲiː	2
konvička	konvɪt͡ʃka	1
konzervatismus	konzɛrvatɪzmus	1
konzervativec	konzɛrvatɪvɛt͡s	1
konzervativní	konzɛrvatɪvɲiː	4
konzistence	konzɪstɛnt͡sɛ	1
koně	koɲɛ	1
kop	kop	2
kopa	kopa	1
kopírka	kopiːrka	1
korekce	korɛkt͡sɛ	1
korektní	korɛktɲiː	1
korporace	korporat͡sɛ	2
korporátní	korporaːtɲiː	1
korun	korun	80
koruny	korunɪ	11
korupce	korupt͡sɛ	5
korýtko	koriːtko	1
koryto	korɪto	1
kosa	kosa	1
kosmetika	kosmɛtɪka	1
kostelík	kostɛliːk	1
kostým	kostiːm	1
kotel	kotɛl	2
kotlík	kotliːk	1
koupil	kou̯pɪl	9
koupě	kou̯pjɛ	3
kousek	kou̯sɛk	6
kout	kou̯t	1
koutů	kou̯tuː	2
kouzlo	kou̯zlo	4
kouření	kou̯r̝ɛɲiː	2
kovář	kovaːr̝̊	2
kovář	kovaːr̝̊	2
kovů	kovuː	2
koza	koza	1
kozí	koziː	2
kozla	kozla	2
koňský	koɲskiː	1
kořenový	kor̝ɛnoviː	1
krach	krax	1
krádež	kraːdɛʃ	1
král	kraːl	8
krále	kraːlɛ	9
králem	kraːlɛm	2
králi	kraːlɪ	1
králičí	kraːlɪt͡ʃiː	1
králové	kraːlovɛː	13
královéhradecký	kraːlovɛːɦradɛt͡skiː	2
královský	kraːlofskiː	2
království	kraːlofstviː	6
králů	kraːluː	1
krása	kraːsa	3
krasavec	krasavɛt͡s	1
kráska	kraːska	4
krásně	kraːsɲɛ	4
krasobruslení	krasobruslɛɲiː	2
krást	kraːst	1
krátce	kraːt͡sɛ	9
kravál	kravaːl	1
kravina	kravɪna	1
kreativní	krɛatɪvɲiː	1
kreditní	krɛdɪtɲiː	4
krejčí	krɛjt͡ʃiː	1
krejčí	krɛjt͡ʃiː	1
krejčík	krɛjt͡ʃiːk	1
kreslit	krɛslɪt	1
krevní	krɛvɲiː	4
kristián	krɪscɪaːn	1
kritika	krɪtɪka	6
krize	krɪzɛ	16
krkavčí	kr̩kaft͡ʃiː	2
krok	krok	12
kroky	krokɪ	10
krom	krom	2
krotit	krocɪt	1
krotitel	krocɪtɛl	1
krušných	krʊʃniːx	1
krvavý	kr̩vaviː	2
krveprolití	kr̩vɛprolɪciː	2
krysa	krɪsa	2
kryštof	krɪʃtof	2
které	ktɛrɛː	369
kterýkoliv	ktɛriːkolɪf	1
ku	ku	1
kuba	kuba	3
kubánský	kubaːnskiː	1
kubík	kubiːk	1
kubík	kubiːk	1
kubista	kubɪsta	1
kuchařka	kuxar̝̊ka	2
kudla	kudla	1
kudrna	kudr̩na	1
kulak	kulak	1
kulový	kuloviː	1
kult	kult	1
kulturní	kulturɲiː	14
kupec	kupɛt͡s	1
kupodivu	kupoɟɪvu	1
kupón	kupoːn	1
kůrovec	kuːrovɛt͡s	1
kursk	kursk	1
kurz	kurs	9
kus	kus	4
kučera	kut͡ʃɛra	2
kučera	kut͡ʃɛra	2
kvalifikace	kvalɪfɪkat͡sɛ	2
kvantita	kvantɪta	1
kvantitativní	kvantɪtatɪvɲiː	1
květ	kvjɛt	1
květináč	kvjɛcɪnaːt͡ʃ	2
května	kvjɛtna	14
kyjev	kɪjɛf	1
kým	kiːm	2
kypr	kɪpr̩	1
kyselý	kɪsɛliː	2
kytice	kɪcɪt͡sɛ	1
křepelčí	kr̝̊ɛpɛlt͡ʃiː	1
křeslo	kr̝̊ɛslo	2
křesťan	kr̝̊ɛscan	2
kříže	kr̝̊iːʒɛ	1
křižovat	kr̝̊ɪʒovat	1
ladem	ladɛm	1
ladislav	laɟɪslaf	9
lahodný	laɦodniː	1
lákat	laːkat	2
lámat	laːmat	1
lapsus	lapsus	1
laskavost	laskavost	1
laskavý	laskaviː	1
látek	laːtɛk	2
lavička	lavɪt͡ʃka	2
lázeň	laːzɛɲ	1
láďa	laːɟa	1
lebka	lɛpka	1
ledem	lɛdɛm	1
ledna	lɛdna	21
lední	lɛdɲiː	1
lednový	lɛdnoviː	1
ledu	lɛdu	5
ledvinky	lɛdvɪŋkɪ	1
ledě	lɛɟɛ	4
legenda	lɛɡɛnda	4
legendární	lɛɡɛndaːrɲiː	11
legrace	lɛɡrat͡sɛ	2
lehátko	lɛɦaːtko	1
lehce	lɛxt͡sɛ	8
lehkovážnost	lɛxkovaːʒnost	1
lehčí	lɛxt͡ʃiː	3
lék	lɛːk	4
lékař	lɛːkar̝̊	2
lékařství	lɛːkar̝̊stviː	1
lenka	lɛŋka	5
leoš	lɛoʃ	1
lépe	lɛːpɛ	22
lepší	lɛpʃiː	41
lesa	lɛsa	4
lese	lɛsɛ	3
lesní	lɛsɲiː	2
léta	lɛːta	15
létat	lɛːtat	2
letech	lɛtɛx	85
letectví	lɛtɛt͡stviː	1
letectvo	lɛtɛt͡stvo	1
letní	lɛtɲiː	10
letos	lɛtos	67
letový	lɛtoviː	1
letošek	lɛtoʃɛk	1
letošní	lɛtoʃɲiː	27
letu	lɛtu	4
letů	lɛtuː	2
létu	lɛːtu	1
lety	lɛtɪ	36
léty	lɛːtɪ	2
létě	lɛːcɛ	4
levé	lɛvɛː	3
levice	lɛvɪt͡sɛ	1
levnější	lɛvɲɛjʃiː	7
leč	lɛt͡ʃ	11
léčit	lɛːt͡ʃɪt	6
ležel	lɛʒɛl	1
lhát	lɦaːt	1
lhostejný	lɦostɛjniː	1
lhůta	lɦuːta	1
liberecký	lɪbɛrɛt͡skiː	1
libor	lɪbor	1
libuše	lɪbuʃɛ	1
lid	lɪt	5
lidé	lɪdɛː	107
lidem	lɪdɛm	24
lidi	lɪɟɪ	47
lidový	lɪdoviː	1
lidský	lɪtskiː	4
likvidovat	lɪkvɪdovat	1
limit	lɪmɪt	1
linda	lɪnda	1
linka	lɪŋka	6
líp	liːp	2
lípa	liːpa	1
list	lɪst	7
listopadu	lɪstopadu	30
listu	lɪstu	2
listy	lɪstɪ	3
literární	lɪtɛraːrɲiː	3
litovat	lɪtovat	2
litva	lɪtva	1
litvínov	lɪtviːnof	5
lišit	lɪʃɪt	1
liška	lɪʃka	1
lodi	loɟɪ	5
lodí	loɟiː	7
lodě	loɟɛ	2
logicky	loɡɪt͡skɪ	5
logický	loɡɪt͡skiː	1
logika	loɡɪka	1
lokace	lokat͡sɛ	1
lokalita	lokalɪta	2
lokální	lokaːlɲiː	4
lomu	lomu	2
londýn	londiːn	3
londýnský	londiːnskiː	1
loni	loɲɪ	52
los	los	2
losovat	losovat	1
loupat	lou̯pat	2
loučit	lou̯t͡ʃɪt	1
louže	lou̯ʒɛ	1
lovec	lovɛt͡s	3
loňská	loɲskaː	1
loňský	loɲskiː	3
lubomír	lubomiːr	1
luboš	luboʃ	1
lucembursko	lut͡sɛmbursko	1
lucerna	lut͡sɛrna	2
ludmila	ludmɪla	3
ludvík	ludviːk	3
luděk	luɟɛk	4
lukáš	lukaːʃ	6
lukostřelba	lukostr̝̊ɛlba	1
lunární	lunaːrɲiː	1
luční	lut͡ʃɲiː	1
luštit	luʃcɪt	1
lužice	luʒɪt͡sɛ	1
lví	lviː	1
lysý	lɪsiː	1
lyžařský	lɪʒar̝̊skiː	1
lyže	lɪʒɛ	1
lyžování	lɪʒovaːɲiː	5
lze	lzɛ	53
macháček	maxaːt͡ʃɛk	2
mafie	mafɪjɛ	4
magda	maɡda	3
magdalena	maɡdalɛna	1
magnet	maɡnɛt	2
majetek	majɛtɛk	8
mají	majiː	120
majitel	majɪtɛl	16
makat	makat	1
makedonie	makɛdonɪjɛ	2
malajsie	malajzɪjɛ	1
málem	maːlɛm	4
mali	malɪ	1
malí	maliː	2
malík	maliːk	1
malina	malɪna	1
málo	maːlo	18
málokdo	maːloɡdo	7
málokdy	maːloɡdɪ	1
malý	maliː	11
mám	maːm	48
máme	maːmɛ	42
maminka	mamɪŋka	7
manévr	manɛːvr̩	1
manévrovat	manɛːvrovat	1
manipulace	maɲɪpulat͡sɛ	4
manipulovat	maɲɪpulovat	1
manuální	manuaːlɲiː	1
manželé	manʒɛlɛː	1
marcel	mart͡sɛl	2
marcela	mart͡sɛla	1
marek	marɛk	12
mareš	marɛʃ	2
marina	marɪna	1
markéta	markɛːta	3
marně	marɲɛ	7
mars	mars	2
marsu	marzu	2
marta	marta	1
martin	marcɪn	19
martina	marcɪna	14
martínková	marciːŋkovaː	1
marx	marks	1
masakr	masakr̩	4
masaryk	masarɪk	7
masem	masɛm	2
masivní	masɪvɲiː	5
masku	masku	1
masový	masoviː	1
masy	masɪ	1
máte	maːtɛ	31
materialismus	matɛrɪalɪzmus	1
matoušek	matou̯ʃɛk	1
matrace	matrat͡sɛ	2
maturita	maturɪta	1
matyáš	matɪaːʃ	1
matylda	matɪlda	1
matěj	macɛj	2
mauritánie	mau̯rɪtaːnɪjɛ	1
maximální	maksɪmaːlɲiː	4
maximum	maksɪmum	1
mazalo	mazalo	1
mazat	mazat	1
maďarsko	maɟarsko	3
mařenka	mar̝ɛŋka	1
máš	maːʃ	3
mé	mɛː	11
mecenášství	mɛt͡sɛnaːʃstviː	1
mechanismus	mɛxanɪzmus	2
medvědí	mɛdvjɛɟiː	2
mejdan	mɛjdan	2
méně	mɛːɲɛ	27
menšina	mɛnʃɪna	1
meteorit	mɛtɛorɪt	2
metoda	mɛtoda	3
metu	mɛtu	1
mexiko	mɛksɪko	2
mezitím	mɛzɪciːm	2
michaela	mɪxaɛla	3
michal	mɪxal	12
michálek	mɪxaːlɛk	4
míchat	miːxat	1
migrace	mɪɡrat͡sɛ	5
míjet	miːjɛt	2
milan	mɪlan	8
milán	mɪlaːn	2
miloslav	mɪloslaf	5
miloslava	mɪloslava	2
milosrdenství	mɪlosr̩dɛnstviː	1
milosrdný	mɪlosr̩dniː	1
milostný	mɪlostniː	1
milovník	mɪlovɲiːk	1
miloš	mɪloʃ	22
miluji	mɪlujɪ	1
milý	mɪliː	1
miminko	mɪmɪŋko	2
mimochodem	mɪmoxodɛm	2
mimořádný	mɪmor̝aːdniː	3
minimalistický	mɪɲɪmalɪscɪt͡skiː	1
minimální	mɪnɪmaːlɲiː	13
minimálně	mɪnɪmaːlɲɛ	9
minimum	mɪnɪmum	5
ministerstvo	mɪnɪstɛrstvo	40
ministr	mɪnɪstr̩	39
ministryně	mɪɲɪstrɪɲɛ	9
minout	mɪnou̯t	1
minulost	mɪnulost	5
minulý	mɪnuliː	13
minus	miːnus	1
minut	mɪnut	14
minuty	mɪnutɪ	5
mínění	miːɲɛɲiː	3
míra	miːra	3
míra	miːra	3
mírně	miːrɲɛ	3
miroslav	mɪroslaf	18
miroslava	mɪroslava	6
mistr	mɪstr̩	1
mistrovství	mɪstrofstviː	9
mistryně	mɪstrɪɲɛ	1
míň	miːɲ	1
míša	miːʃa	1
mladá	mladaː	10
mladé	mladɛː	8
mládek	mlaːdɛk	6
mladí	mlaɟiː	17
mládí	mlaːɟiː	5
mladík	mlaɟiːk	4
mládě	mlaːɟɛ	2
mléčný	mlɛːt͡ʃniː	1
mlčenlivost	ml̩t͡ʃɛnlɪvost	1
mne	mnɛ	17
mnichov	mɲɪxof	1
mnichovský	mɲɪxofskiː	1
mnohdy	mnoɦdɪ	7
mnohý	mnoɦiː	2
mnou	mnou̯	6
množství	mnoʃstviː	25
mně	mɲɛ	19
mobilní	mobɪlɲiː	13
moc	mot͡s	55
moci	mot͡sɪ	35
mocnost	mot͡snost	1
mocný	mot͡sniː	1
moct	mot͡st	3
móda	moːda	1
model	modɛl	6
moderátor	modɛraːtor	2
moderovat	modɛrovat	1
módní	moːdɲiː	6
modul	modul	1
mohou	moɦou̯	88
mohu	moɦu	11
moje	mojɛ	13
moment	momɛnt	2
momentálně	momɛntaːlɲɛ	13
monarchie	monarxɪɛ	1
monika	monɪka	3
mor	mor	2
morální	moraːlɲiː	1
moravec	moravɛt͡s	2
moravskoslezský	morafskoslɛskiː	1
moskva	moskva	2
motiv	motɪf	3
motivace	motɪvat͡sɛ	2
motivovat	motɪvovat	1
motto	moto	1
mouka	mou̯ka	1
moučník	mou̯t͡ʃɲiːk	1
mozek	mozɛk	2
moč	mot͡ʃ	1
mrakodrap	mrakodrap	1
mravokárce	mravokaːrt͡sɛ	1
mrtvola	mr̩tvola	1
mrzák	mr̩zaːk	1
msta	msta	1
mu	mu	124
munice	munɪt͡sɛ	4
musejí	musɛjiː	4
musel	musɛl	17
musela	musɛla	12
musí	musiː	88
musím	musiːm	16
musíte	musiːtɛ	13
muzika	muzɪka	2
muzikál	muzɪkaːl	3
mučení	mut͡ʃɛɲiː	1
mučit	mut͡ʃɪt	1
mušle	muʃle	2
muž	muʃ	31
muže	muʒɛ	26
mužem	muʒɛm	2
můžeme	muːʒɛmɛ	16
můžete	muːʒɛtɛ	56
můžou	muːʒou̯	2
mužů	muʒuː	13
mužům	muʒuːm	1
myslel	mɪslɛl	4
myslím	mɪsliːm	29
mýtné	miːtnɛː	2
mýto	miːto	1
mýtus	miːtus	1
myší	mɪʃiː	1
myšlení	mɪʃlɛɲiː	6
myšlenka	mɪʃlɛŋka	4
mzda	mzda	4
měj	mɲɛj	1
mějte	mɲɛjtɛ	1
měl	mɲɛl	96
měla	mɲɛla	50
měli	mɲɛlɪ	62
mělo	mɲɛlo	29
měly	mɲɛlɪ	25
měna	mɲɛna	3
měsíc	mɲɛsiːt͡s	20
měsíční	mɲɛsiːt͡ʃɲiː	2
měsíčník	mɲɛsiːt͡ʃɲiːk	1
měsíčně	mɲɛsiːt͡ʃɲɛ	5
měst	mɲɛst	15
města	mɲɛsta	72
měření	mɲɛr̝ɛɲiː	5
měřítko	mɲɛr̝iːtko	1
mše	mʃɛ	1
nabídka	nabiːtka	10
nabíledni	nabiːlɛdɲɪ	1
náboženský	naːboʒɛnskiː	1
náboženství	naːboʒɛnstviː	4
nábytek	naːbɪtɛk	2
nábřeží	naːbr̝ɛʒiː	4
nacházet	naxaːzɛt	1
nachází	naxaːziː	23
nachlazení	naxlazɛɲiː	2
náchod	naːxot	1
nadace	nadat͡sɛ	7
nadání	nadaːɲiː	1
nadhled	nadɦlɛt	1
nadnárodní	nadnaːrodɲiː	2
nadpis	natpɪs	1
nadrobno	nadrobno	1
nádvoří	naːdvor̝iː	1
nadějně	naɟɛjɲɛ	1
nadšení	natʃɛɲiː	3
nadšeně	natʃɛɲɛ	1
nahlásit	naɦlaːsɪt	1
náhle	naːɦlɛ	9
náhodný	naːɦodniː	1
náhodně	naːɦodɲɛ	2
náhodou	naːɦodou̯	4
nahoru	naɦoru	4
nahota	naɦota	1
nahoře	naɦor̝ɛ	2
náhrada	naːɦrada	1
nahradit	naɦraɟɪt	7
najednou	najɛdnou̯	19
nájem	naːjɛm	2
nájemce	naːjɛmt͡sɛ	3
nájemné	naːjɛmnɛː	5
najemno	najɛmno	1
najmout	najmou̯t	2
nakládat	naklaːdat	1
nakladatelství	nakladatɛlstviː	5
náklady	naːkladɪ	18
nakonec	nakonɛt͡s	54
nákup	naːkup	10
nákupní	naːkupɲiː	2
nakupování	nakupovaːɲiː	2
nálada	naːlada	6
naladit	nalaɟɪt	2
naléhavost	nalɛːɦavost	1
naléhavě	nalɛːɦavjɛ	1
nalézt	nalɛːst	1
námi	naːmɪ	9
namísto	namiːsto	2
námitka	naːmɪtka	1
namítnout	namiːtnou̯t	1
námořnictvo	naːmor̝ɲɪt͡stvo	1
námět	naːmɲɛt	2
nanejvýš	nanɛjviːʃ	4
naopak	naopak	41
nápad	naːpat	8
napadení	napadɛɲiː	7
nápis	naːpɪs	1
naplnění	napl̩ɲɛɲiː	1
naplňovat	napl̩ɲovat	1
nápoj	naːpoj	3
napovídat	napoviːdat	1
napravit	napravɪt	1
naprosto	naprosto	19
naprostý	naprostiː	3
náprstek	naːpr̩stɛk	5
napsat	napsat	5
napětí	napjɛciː	5
napříč	napr̝̊iːt͡ʃ	6
náraz	naːras	1
narazit	narazɪt	2
národ	naːrot	11
národní	naːrodɲiː	32
nárok	naːrok	7
narovnat	narovnat	1
narozdíl	narozɟiːl	1
narození	narozɛɲiː	8
náročný	naːrot͡ʃniː	4
naruby	narubɪ	1
nárůst	naːruːst	6
narušení	naruʃɛɲiː	1
nás	naːs	121
nasadit	nasaɟɪt	2
nasazení	nasazɛɲiː	2
násilí	naːsɪliː	9
následně	naːslɛdɲɛ	12
následovat	naːslɛdovat	7
následující	naːslɛdujiːt͡siː	11
naslouchat	naslou̯xat	2
nasměrovat	nasm̩ɲɛrovat	1
nasnadě	nasnaɟɛ	1
nastavit	nastavɪt	1
nástup	naːstup	2
nástupce	naːstupt͡sɛ	3
natálka	nataːlka	1
natolik	natolɪk	4
nátěr	naːcɛr	1
náušnice	naːuʃɲɪt͡sɛ	1
navazovat	navazovat	1
navíc	naviːt͡s	62
navigace	navɪɡat͡sɛ	1
návod	naːvot	1
návrat	naːvrat	7
navrátit	navraːcɪt	1
návrh	naːvr̩x	21
návrhář	naːvr̩ɦaːr̝̊	1
navrhnout	navr̩ɦnou̯t	1
navěky	navjɛkɪ	1
návštěva	naːfʃcɛva	4
návštěvník	naːfʃcɛvɲiːk	4
nazaret	nazarɛt	1
nazdar	nazdar	1
název	naːzɛf	10
nazpět	naspjɛt	1
naďa	naɟa	2
nářadí	naːr̝aɟiː	2
nářečí	naːr̝ɛt͡ʃiː	1
nařídit	nar̝iːɟɪt	2
nařízení	nar̝iːzɛɲiː	2
naštvat	naʃtvat	1
naštěstí	naʃcɛsciː	8
ne	nɛ	67
nealkoholický	nɛalkoɦolɪt͡skiː	1
neb	nɛp	2
nebem	nɛbɛm	3
nebes	nɛbɛs	2
nebi	nɛbɪ	5
neboť	nɛboc	18
nebude	nɛbudɛ	49
nebýt	nɛbiːt	4
nechá	nɛxaː	5
nechají	nɛxajiː	2
nechal	nɛxal	12
nechala	nɛxala	1
nechali	nɛxalɪ	4
nechaly	nɛxalɪ	2
nechám	nɛxaːm	1
necháme	nɛxaːmɛ	1
nechtěný	nɛxcɛniː	1
nechtěně	nɛxcɛɲɛ	2
nedávno	nɛdaːvno	20
nedokonalost	nɛdokonalost	1
neděle	nɛɟɛlɛ	2
neděli	nɛɟɛlɪ	14
nedělí	nɛɟɛliː	1
neexistující	nɛɛksɪstujiːt͡siː	2
nefér	nɛfɛːr	1
neformální	nɛformaːlɲiː	3
negativní	nɛɡatɪvɲiː	6
negativně	nɛɡatɪvɲɛ	2
negativum	nɛɡatɪvum	1
nejbližší	nɛjblɪʃiː	6
nejdražší	nɛjdraʃiː	5
nejdříve	nɛjdr̝iːvɛ	14
nejedlý	nɛjɛdliː	1
nejen	nɛjɛn	46
nejhorší	nɛjɦorʃiː	7
nejistota	nɛjɪstota	1
nejlépe	nɛjlɛːpɛ	16
nejlevnější	nɛjlɛvɲɛjʃiː	3
nejlíp	nɛjliːp	1
nejméně	nɛjmɛːɲɛ	12
nejmenší	nɛjmɛnʃiː	5
nejnápadnější	nɛjnaːpadɲɛjʃiː	1
nejnižší	nɛjɲɪʃiː	6
nejprve	nɛjpr̩vɛ	16
nejraději	nɛjraɟɛjɪ	5
nejstarší	nɛjstarʃiː	6
nejtěžší	nɛjcɛʃiː	5
nejvíce	nɛjviːt͡sɛ	30
nejvýše	nɛjviːʃɛ	1
nejvyšší	nɛjvɪʃiː	27
největší	nɛjvjɛtʃiː	44
nejznámější	nɛjznaːmɲɛjʃiː	1
nekonečno	nɛkonɛt͡ʃno	1
nelibost	nɛlɪbost	2
nemám	nɛmaːm	9
nemanželský	nɛmanʒɛlskiː	1
nemoc	nɛmot͡s	4
nemorální	nɛmoraːlɲiː	1
nemovitost	nɛmovɪtost	2
nemůžu	nɛmuːʒu	3
nenese	nɛnɛsɛ	1
není	nɛɲiː	208
nepochybně	nɛpoxɪbɲɛ	7
neporazitelný	nɛporazɪtɛlniː	1
nepořádek	nɛpor̝aːdɛk	2
nepřátelský	nɛpr̝̊aːtɛlskiː	2
nepříjemný	nɛpr̝̊iːjɛmniː	1
nepřímo	nɛpr̝̊iːmo	1
nepřítel	nɛpr̝̊iːtɛl	1
nerozumím	nɛrozumiːm	1
neschopnost	nɛsxopnost	4
neschopný	nɛsxopniː	1
nese	nɛsɛ	5
nesmírně	nɛsmiːrɲɛ	4
nesnášenlivost	nɛsnaːʃɛnlɪvost	1
nesouhlas	nɛsou̯ɦlas	3
nespokojenost	nɛspokojɛnost	2
nespokojený	nɛspokojɛniː	1
nespoutaný	nɛspou̯taniː	1
nespravedlnost	nɛspravɛdl̩nost	1
nesprávně	nɛspraːvɲɛ	1
nestrannost	nɛstranost	1
nesu	nɛsu	1
neúcta	nɛuːt͡sta	1
neúspěch	nɛuːspjɛx	1
neúspěšný	nɛuːspjɛʃniː	1
neústavní	nɛuːstavɲiː	1
neuvěřitelně	nɛu̯vjɛr̝ɪtɛlɲɛ	1
nevalný	nɛvalniː	1
nevhodný	nɛvɦodniː	1
neviditelný	nɛvɪɟɪtɛlniː	7
nevinný	nɛvɪniː	1
nevlastní	nɛvlastɲiː	4
nevratný	nɛvratniː	1
nevyhnutelně	nɛvɪɦnutɛlɲɛ	1
nevýznamný	nɛviːznamniː	1
nevěsta	nɛvjɛsta	1
newyorčanka	ɲuːjort͡ʃaŋka	1
nezaměstnanost	nɛzamɲɛstnanost	1
nezanedbatelný	nɛzanɛdbatɛlniː	1
nezávazný	nɛzaːvazniː	1
nezávisle	nɛzaːvɪslɛ	2
nezávislost	nɛzaːvɪslost	4
nezávislý	nɛzaːvɪsliː	1
nezbytný	nɛzbɪtniː	1
nezhoubný	nɛzɦou̯bniː	1
neznámý	nɛznaːmiː	3
nečas	nɛt͡ʃas	5
nečas	nɛt͡ʃas	5
nečinnost	nɛt͡ʃɪnost	2
nečinný	nɛt͡ʃɪniː	1
neštěstí	nɛʃcɛsciː	5
nežádoucí	nɛʒaːdou̯t͡siː	1
ní	ɲiː	71
nic	ɲɪt͡s	82
nichž	ɲɪxʃ	19
nicméně	ɲɪt͡smɛːɲɛ	18
nijak	ɲɪjak	14
nikoli	ɲɪkolɪ	16
nikoliv	ɲɪkolɪf	13
nikterak	ɲɪktɛrak	1
nízko	ɲiːsko	1
nizozemí	ɲɪzozɛmiː	1
nizozemsko	ɲɪzozɛmsko	3
nižádný	ɲɪʒaːdniː	1
nižší	ɲɪʃiː	11
no	no	12
noclehárna	not͡slɛɦaːrna	1
nohama	noɦama	1
nohy	noɦɪ	5
nominace	nomɪnat͡sɛ	1
nominální	nomɪnaːlɲiː	1
nora	nora	1
nora	nora	1
normální	normaːlɲiː	12
norský	norskiː	4
nosu	nosu	1
nov	nof	1
nová	novaː	39
novák	novaːk	4
nové	novɛː	100
noví	noviː	1
novina	novɪna	1
novotný	novotniː	1
novou	novou̯	24
novozélanďan	novozɛːlanɟan	1
nově	novjɛ	22
nucený	nut͡sɛniː	1
nutnost	nutnost	1
nutně	nutɲɛ	3
nýbrž	niːbr̩ʃ	11
nyní	nɪɲiː	87
nynější	nɪɲɛjʃiː	2
něho	ɲɛɦo	8
několikanásobně	ɲɛkolɪkanaːsobɲɛ	1
několikrát	ɲɛkolɪkraːt	8
němcová	ɲɛmt͡sovaː	1
německá	ɲɛmɛt͡skaː	5
obava	obava	1
obávaný	obaːvaniː	1
obávat	obaːvat	1
obchodní	opxodɲiː	21
obchůzka	opxuːska	1
obchvat	opxvat	1
obdoba	obdoba	1
období	obdobiː	37
obdobný	obdobniː	1
obdobně	obdobɲɛ	2
obec	obɛt͡s	8
obecně	obɛt͡sɲɛ	15
obejít	obɛjiːt	1
obhájce	obɦaːjt͡sɛ	2
obhájit	obɦaːjɪt	2
obilí	obɪliː	2
objasnit	objasɲɪt	1
objekt	objɛkt	9
objektiv	objɛktɪf	1
objektivita	objɛktɪvɪta	1
objektivní	objɛktɪvɲiː	1
objímat	objiːmat	1
oblastní	oblastɲiː	2
oblázek	oblaːzɛk	1
obléci	oblɛːt͡sɪ	1
obleček	oblɛt͡ʃɛk	1
obnos	obnos	2
obnova	obnova	1
obnovení	obnovɛɲiː	1
obnovit	obnovɪt	1
obohacení	oboɦat͡sɛɲiː	1
obojek	obojɛk	1
obránce	obraːnt͡sɛ	4
obrat	obrat	6
obrátit	obraːcɪt	1
obrázek	obraːzɛk	6
obrazovka	obrazofka	1
obsluha	opsluɦa	2
obsluhovat	opsluɦovat	1
obstrukční	opstrukt͡ʃɲiː	1
obtížně	opciːʒɲɛ	1
obtěžovat	opcɛʒovat	1
obuv	obuf	1
obvinění	obvɪɲɛɲiː	4
obviněný	obvɪɲɛniː	2
obvod	obvot	1
obvyklý	obvɪkliː	1
obyvatel	obɪvatɛl	19
obyvatelstvo	obɪvatɛlstvo	1
obyčejný	obɪt͡ʃɛjniː	2
obzvláště	obzvlaːʃcɛ	1
občan	opt͡ʃan	2
občanský	opt͡ʃanskiː	3
občanství	opt͡ʃanstviː	4
občas	opt͡ʃas	19
oběť	objɛc	3
obří	obr̝iː	6
obžalovat	obʒalovat	2
ocenit	ot͡sɛɲɪt	4
ocenění	ot͡sɛɲɛɲiː	10
ochotný	oxotniː	2
ochotně	oxotɲɛ	3
ochrana	oxrana	4
ochránce	oxraːnt͡sɛ	1
ochránit	oxraːɲɪt	1
ochránkyně	oxraːŋkɪɲɛ	1
ochranný	oxraniː	1
odborný	odborniː	2
odchod	otxot	3
oddálit	odaːlɪt	2
oddanost	odanost	1
oddíl	odɟiːl	4
oddělení	odɟɛlɛɲiː	9
oddělovat	odɟɛlovat	1
odejít	odɛjiːt	7
odeslat	odɛslat	1
odečíst	odɛt͡ʃiːst	2
odhad	odɦat	1
odhadnout	odɦadnou̯t	1
odhadovaný	odɦadovaniː	1
odhalení	odɦalɛɲiː	2
odhalit	odɦalɪt	4
odkaz	otkas	2
odkládat	otklaːdat	1
odliv	odlɪf	2
odlišit	odlɪʃɪt	1
odlišný	odlɪʃniː	2
odmítnout	odmiːtnou̯t	1
odmítnutí	odmiːtnuciː	2
odnést	odnɛːst	2
odolat	odolat	1
odpor	otpor	6
odporný	otporniː	1
odpovídající	otpoviːdajiːt͡siː	6
odpovědnost	otpovjɛdnost	5
odpovědný	otpovjɛdniː	1
odpočinek	otpot͡ʃɪnɛk	1
odpočívat	otpot͡ʃiːvat	1
odpustit	otpuscɪt	1
odsoudit	otsou̯ɟɪt	2
odsouzení	otsou̯zɛɲiː	2
odsouzený	otsou̯zɛniː	2
odstín	otsciːn	2
odstoupit	otstou̯pɪt	3
odstranění	otstraɲɛɲiː	4
odstupné	otstupnɛː	2
odtamtud	otamtut	1
odvodnění	odvodɲɛɲiː	1
odvolání	odvolaːɲiː	8
odvolat	odvolat	5
odvrátit	odvraːcɪt	2
odčinit	ot͡ʃɪɲɪt	1
oděv	oɟɛf	1
ohled	oɦlɛt	1
ohledně	oɦlɛdɲɛ	4
ohromit	oɦromɪt	1
ohňostroj	oɦɲostroj	1
okamžik	okamʒɪk	2
okamžitý	okamʒɪtiː	1
okamžitě	okamʒɪcɛ	10
okenní	okɛɲiː	1
okolí	okoliː	26
okolní	okolɲiː	1
okolo	okolo	7
okouzlující	okou̯zlujiːt͡siː	1
okraj	okraj	3
okres	okrɛs	2
okruh	okrux	4
oldřich	oldr̝ɪx	1
olga	olɡa	1
olomouce	olomou̯t͡sɛ	2
olomouci	olomou̯t͡sɪ	2
olomoučtí	olomou̯t͡ʃciː	1
olomoučtí	olomou̯t͡ʃciː	1
omezit	omɛzɪt	6
omezovat	omɛzovat	1
ondřej	ondr̝ɛj	4
onemocnění	onɛmot͡sɲɛɲiː	5
ony	onɪ	6
opak	opak	2
opakovaně	opakovaɲɛ	6
opakovat	opakovat	4
opatrný	opatr̩niː	1
opatření	opatr̝̊ɛɲiː	10
opačný	opat͡ʃniː	1
operace	opɛrat͡sɛ	6
operátor	opɛraːtor	2
opilec	opɪlɛt͡s	1
opilý	opɪliː	5
oporu	oporu	3
opotřebení	opotr̝̊ɛbɛɲiː	1
opouštět	opou̯ʃcɛt	1
opozice	opozɪt͡sɛ	5
opoziční	opozɪt͡ʃɲiː	2
oprava	oprava	4
opravit	opravɪt	2
opravovat	opravovat	1
oproti	oprocɪ	11
optimální	optɪmaːlɲiː	2
optimum	optɪmum	1
opustit	opuscɪt	4
opuštěný	opuʃcɛniː	1
opět	opjɛt	46
organismus	orɡanɪzmus	2
organizace	orɡanɪzat͡sɛ	24
organizační	orɡanɪzat͡ʃɲiː	2
originální	orɪɡɪnaːlɲiː	1
orlího	orliːɦo	1
osa	osa	2
osada	osada	2
osamělý	osamɲɛliː	1
oskar	oskar	1
oslabení	oslabɛɲiː	5
oslabit	oslabɪt	1
oslava	oslava	2
osloví	osloviː	2
oslu	oslu	1
osobitý	osobɪtiː	1
osobní	osobɲiː	22
osobnost	osobnost	6
osobnostní	osobnostɲiː	1
osobně	osobɲɛ	15
ospravedlnění	ospravɛdl̩ɲɛɲiː	1
ostrovní	ostrovɲiː	1
ostrý	ostriː	3
ostuda	ostuda	4
osvobození	osvobozɛɲiː	1
osvědčení	osvjɛt͡ʃɛɲiː	3
ota	ota	2
otáčet	otaːt͡ʃɛt	2
otevřen	otɛvr̝ɛn	1
oto	oto	1
otočit	otot͡ʃɪt	2
otrava	otrava	1
otrávit	otraːvɪt	2
otravný	otravniː	1
otroctví	otrot͡stviː	1
otčím	ot͡ʃiːm	1
ovce	oft͡sɛ	4
ovcí	oft͡siː	1
ovládání	ovlaːdaːɲiː	2
ovládat	ovlaːdat	1
ovlivnit	ovlɪvɲɪt	6
ovlivňovat	ovlɪvɲovat	1
ovčák	oft͡ʃaːk	1
ovčí	oft͡ʃiː	1
ověřit	ovjɛr̝ɪt	2
ovšem	ofʃɛm	65
ozkoušet	oskou̯ʃɛt	1
oznámení	oznaːmɛɲiː	9
označit	oznat͡ʃɪt	3
očekávání	ot͡ʃɛkaːvaːɲiː	4
očekávaný	ot͡ʃɛkaːvaniː	3
očekávat	ot͡ʃɛkaːvat	5
očernit	ot͡ʃɛrɲɪt	1
očividně	ot͡ʃɪvɪdɲɛ	2
očkování	ot͡ʃkovaːɲiː	3
oční	ot͡ʃɲiː	4
oživení	oʒɪvɛɲiː	1
oživit	oʒɪvɪt	3
pachatel	paxatɛl	4
pád	paːt	5
padat	padat	2
padesátník	padɛsaːtɲiːk	1
padělek	paɟɛlɛk	1
pákistán	paːkɪstaːn	1
pakliže	paklɪʒɛ	2
pakt	pakt	2
palce	palt͡sɛ	2
pálí	paːliː	1
palivo	palɪvo	1
památka	pamaːtka	1
památník	pamaːtɲiːk	2
paměť	pamɲɛc	1
pana	pana	18
pána	paːna	1
pane	panɛ	15
panem	panɛm	2
panenka	panɛŋka	1
paní	paɲiː	20
páni	paːɲɪ	1
pankrác	paŋkraːt͡s	1
panny	panɪ	2
pánové	paːnovɛː	1
pánovi	paːnovɪ	1
panovník	panovɲiːk	1
pánu	paːnu	1
pánů	paːnuː	2
pány	paːnɪ	1
papež	papɛʃ	5
pár	paːr	57
paralelní	paralɛlɲiː	1
parazit	parazɪt	1
párkrát	paːrkraːt	2
parní	parɲiː	3
parta	parta	3
partaj	partaj	1
partner	partnɛr	1
partnerka	partnɛrka	2
partnerství	partnɛrstviː	2
páru	paːru	2
páska	paːska	1
pásmo	paːsmo	3
pater	patɛr	1
patra	patra	1
pátrat	paːtrat	1
patrik	patrɪk	2
patrně	patr̩ɲɛ	7
patro	patro	3
patu	patu	1
patřit	patr̝̊ɪt	3
pavel	pavɛl	17
pavelka	pavɛlka	1
pavla	pavla	6
pavlík	pavliːk	1
pavlína	pavliːna	3
pavlínka	pavliːŋka	1
paříž	par̝iːʃ	2
pašerák	paʃɛraːk	1
péct	pɛːt͡st	1
pekel	pɛkɛl	1
pekl	pɛkl̩	1
pekla	pɛkla	1
pekle	pɛklɛ	2
peklo	pɛklo	1
pelikán	pɛlɪkaːn	2
pelikán	pɛlɪkaːn	2
pere	pɛrɛ	1
perspektivní	pɛrspɛktɪvɲiː	1
peru	pɛru	2
peru	pɛru	2
perzekuce	pɛrzɛkut͡sɛ	1
pesimistický	pɛsɪmɪstɪt͡skiː	1
peso	pɛso	2
petra	pɛtra	15
pevnost	pɛvnost	2
péče	pɛːt͡ʃɛ	13
pečené	pɛt͡ʃɛnɛː	1
pečení	pɛt͡ʃɛɲiː	1
pečivo	pɛt͡ʃɪvo	1
pečlivý	pɛt͡ʃlɪviː	1
pečovat	pɛt͡ʃovat	1
péťa	pɛːca	1
pije	pɪjɛ	2
pilíř	pɪliːr̝̊	2
pilně	pɪlɲɛ	2
pilulka	pɪlulka	1
pískem	piːskɛm	1
písku	piːsku	2
písmeno	piːsmɛno	1
pitný	pɪtniː	1
pitomost	pɪtomost	1
pitva	pɪtva	1
pivní	pɪvɲiː	4
pizza	pɪt͡sa	2
píše	piːʃɛ	11
píšete	piːʃɛtɛ	2
píši	piːʃɪ	1
píší	piːʃiː	4
piškot	pɪʃkot	1
pište	pɪʃtɛ	1
píšu	piːʃu	2
placeni	plat͡sɛɲɪ	1
plaché	plaxɛː	1
pláchnout	plaːxnou̯t	1
plamen	plamɛn	1
plánování	plaːnovaːɲiː	5
plánovaný	plaːnovaniː	1
plánovat	plaːnovat	2
planý	planiː	1
plastový	plastoviː	1
platba	pladba	1
plátce	plaːt͡sɛ	1
platí	placiː	33
platil	placɪl	2
platilo	placɪlo	1
platily	placɪlɪ	1
plátno	plaːtno	1
platný	platniː	3
plavidlo	plavɪdlo	1
pláčem	plaːt͡ʃɛm	2
pláčou	plaːt͡ʃou̯	1
plášť	plaːʃc	2
ples	plɛs	3
pletení	plɛtɛɲiː	1
pleť	plɛc	1
plic	plɪt͡s	1
plíce	pliːt͡sɛ	1
plnit	pl̩ɲɪt	4
plně	pl̩ɲɛ	2
ploch	plox	1
plocha	ploxa	3
plochu	ploxu	3
plochy	ploxɪ	2
plodem	plodɛm	1
plot	plot	3
plout	plou̯t	2
ploše	ploʃɛ	3
pluje	plujɛ	1
pluk	pluk	1
plus	plus	4
plyne	plɪnɛ	4
plynem	plɪnɛm	1
plynu	plɪnu	6
plynule	plɪnulɛ	1
plynulý	plɪnuliː	2
po	po	494
pobývat	pobiːvat	1
pobřeží	pobr̝ɛʒiː	5
pochodovat	poxodovat	1
pochopení	poxopɛɲiː	1
pochopitelně	poxopɪtɛlɲɛ	3
pocit	pot͡sɪt	12
poctivý	pot͡scɪviː	1
podání	podaːɲiː	8
podat	podat	4
podávat	podaːvat	2
podél	podɛːl	2
podezřelý	podɛzr̝ɛliː	4
podezření	podɛzr̝ɛɲiː	1
podíl	poɟiːl	14
podílel	poɟiːlɛl	5
podílet	poɟiːlɛt	5
podklad	potklat	1
podlaha	podlaɦa	2
podlaží	podlaʒiː	4
podle	podlɛ	309
podmínka	podmiːŋka	1
podnik	podɲɪk	18
podnikat	podɲɪkat	4
podniknout	podɲɪknou̯t	1
podoba	podoba	2
podobat	podobat	1
podobně	podobɲɛ	20
podpis	potpɪs	1
podporovat	potporovat	4
podpořit	potpor̝ɪt	4
podrobný	podrobniː	2
podruhé	podruɦɛː	10
podstatně	potstatɲɛ	6
podstoupit	potstou̯pɪt	1
podstupovat	potstupovat	2
podvědomí	podvjɛdomiː	1
podzimní	podzɪmɲiː	2
podřízený	podr̝iːzɛniː	2
pohlaví	poɦlaviː	7
pohlavní	poɦlavɲiː	1
pohnout	poɦnou̯t	1
pohoda	poɦoda	3
pohodlný	poɦodl̩niː	1
pohodlně	poɦodl̩ɲɛ	2
pohon	poɦon	2
pohyb	poɦɪp	5
pohybovat	poɦɪbovat	4
pojem	pojɛm	1
pojetí	pojɛciː	4
pojišťovna	pojɪʃcovna	10
pojmenovat	pojmɛnovat	1
pojďme	pojɟmɛ	4
pokaždé	pokaʒdɛː	3
pokládat	poklaːdat	1
pokles	poklɛs	12
pokorný	pokorniː	1
pokorný	pokorniː	1
pokožka	pokoʃka	2
pokračování	pokrat͡ʃovaːɲiː	4
pokrýt	pokriːt	1
pokrytecký	pokrɪtɛt͡skiː	1
pokrytectví	pokrɪtɛt͡stviː	1
pokusit	pokusɪt	3
pól	poːl	1
polák	polaːk	6
polda	polda	1
polda	polda	1
pole	polɛ	9
poledne	polɛdnɛ	2
polední	polɛdɲiː	1
poleno	polɛno	1
poli	polɪ	7
polí	poliː	1
policajt	polɪt͡sajt	1
policejní	polɪt͡sɛjɲiː	15
policie	polɪt͡sɪɛ	70
poliklinika	polɪklɪnɪka	1
politická	polɪtɪt͡skaː	9
politicky	polɪtɪt͡skɪ	3
politický	polɪtɪt͡skiː	8
politolog	polɪtolok	2
polovina	polovɪna	11
položit	poloʒɪt	3
pólu	poːlu	1
pomník	pomɲiːk	2
pomoc	pomot͡s	29
pomoci	pomot͡sɪ	25
pomocí	pomot͡siː	33
poměr	pomɲɛr	5
poměrně	pomɲɛrɲɛ	16
pondělí	ponɟɛliː	23
ponechat	ponɛxat	1
ponorka	ponorka	1
ponořit	ponor̝ɪt	1
poněkud	poɲɛkut	15
poněvadž	poɲɛvatʃ	1
popálit	popaːlɪt	1
popáté	popaːtɛː	3
popis	popɪs	3
poplach	poplax	1
poplatek	poplatɛk	7
poprask	poprask	1
popravit	popravɪt	1
poprvé	popr̩vɛː	39
poptávka	poptaːfka	2
populace	populat͡sɛ	6
popularizovat	popularɪzovat	1
poradce	porat͡sɛ	4
poradit	poraɟɪt	4
poradkyně	poratkɪɲɛ	1
porážka	poraːʃka	1
porod	porot	1
porodní	porodɲiː	1
porovnání	porovnaːɲiː	3
porovnat	porovnat	1
porovnávat	porovnaːvat	2
porozumění	porozumɲɛɲiː	1
porozumět	porozumɲɛt	2
portugalský	portuɡalskiː	1
porucha	poruxa	1
poručík	porut͡ʃiːk	1
porušení	poruʃɛɲiː	4
posadit	posaɟɪt	1
poselství	posɛlstviː	3
posílit	posiːlɪt	5
poskytnout	poskɪtnou̯t	5
poskytovat	poskɪtovat	1
poslanci	poslant͡sɪ	11
poslanec	poslanɛt͡s	8
poslání	poslaːɲiː	3
poslankyně	poslaŋkɪɲɛ	1
posledně	poslɛdɲɛ	2
posoudit	posou̯ɟɪt	1
postarat	postarat	3
postavení	postavɛɲiː	7
postižení	poscɪʒɛɲiː	1
postoj	postoj	8
postrádat	postraːdat	1
postup	postup	8
postupný	postupniː	1
postupně	postupɲɛ	30
posun	posun	7
posuzovat	posuzovat	1
potápěč	potaːpjɛt͡ʃ	1
potenciál	potɛnt͡sɪaːl	3
potenciální	potɛnt͡sɪaːlɲiː	3
potíž	pociːʃ	2
potížista	pociːʒɪsta	1
potkat	potkat	2
potkávat	potkaːvat	2
potlesk	potlɛsk	1
potomek	potomɛk	3
potopa	potopa	1
potopit	potopɪt	2
potrat	potrat	2
potrestat	potrɛstat	1
potvrzení	potvr̩zɛɲiː	2
potěšení	pocɛʃɛɲiː	3
potěšit	pocɛʃɪt	1
potřeba	potr̝̊ɛba	18
potřebný	potr̝̊ɛbniː	2
potřetí	potr̝̊ɛciː	2
pouhý	pou̯ɦiː	4
poustevna	pou̯stɛvna	1
pouti	pou̯cɪ	1
poušť	pou̯ʃc	1
pouť	pou̯c	2
použití	pou̯ʒɪciː	10
povaha	povaɦa	2
povídat	poviːdat	1
povídka	poviːtka	2
povinnost	povɪnost	10
povinný	povɪniː	1
povolání	povolaːɲiː	3
povolení	povolɛɲiː	9
povolit	povolɪt	3
povrch	povr̩x	8
povrchní	povr̩xɲiː	1
pověst	povjɛst	1
pozadí	pozaɟiː	1
pozdrav	pozdraf	1
pozdvižení	pozdvɪʒɛɲiː	1
pozdě	pozɟɛ	4
později	pozɟɛjɪ	38
pozice	pozɪt͡sɛ	14
pozitivizmus	pozɪtɪvɪzmus	1
pozitivní	pozɪtɪvɲiː	12
pozitivum	pozɪtɪvum	1
poznal	poznal	3
poznali	poznalɪ	4
poznamenat	poznamɛnat	1
poznání	poznaːɲiː	4
poznatek	poznatɛk	1
pozornost	pozornost	15
pozorný	pozorniː	1
pozorování	pozorovaːɲiː	2
pozpátku	pospaːtku	1
pozvolný	pozvolniː	1
počátek	pot͡ʃaːtɛk	1
počáteční	pot͡ʃaːtɛt͡ʃɲiː	1
počet	pot͡ʃɛt	25
počtvrté	pot͡ʃtvr̩tɛː	2
pořad	por̝at	6
pořád	por̝aːt	31
pořádat	por̝aːdat	1
pořadatel	por̝adatɛl	3
pořádku	por̝aːtku	41
poškodit	poʃkoɟɪt	1
poškození	poʃkozɛɲiː	5
pošpinit	poʃpɪɲɪt	1
poštolka	poʃtolka	1
poštovní	poʃtovɲiː	3
požadavek	poʒadavɛk	4
požár	poʒaːr	7
prachy	praxɪ	2
pracoval	prat͡soval	7
pracovali	prat͡sovalɪ	2
pracovalo	prat͡sovalo	1
pracoviště	prat͡sovɪʃcɛ	7
pracovní	prat͡sovɲiː	39
pracovnice	prat͡sovɲɪt͡sɛ	4
pracuje	prat͡sujɛ	17
pracuji	prat͡sujɪ	2
pracují	prat͡sujiː	4
pracuju	prat͡suju	1
pragmatický	praɡmatɪt͡skiː	1
práh	praːx	2
praha	praɦa	63
prakticky	praktɪt͡skɪ	15
praktický	praktɪt͡skiː	1
praktičnost	praktɪt͡ʃnost	1
praní	praɲiː	1
prapor	prapor	1
prasečí	prasɛt͡ʃiː	1
prasnice	prasɲɪt͡sɛ	1
pravdivost	pravɟɪvost	1
pravdoláskař	pravdɔlaːskar̝̊	1
pravice	pravɪt͡sɛ	3
pravidelnost	pravɪdɛlnost	1
právní	praːvɲiː	14
právnička	praːvɲɪt͡ʃka	1
právo	praːvo	23
právoplatný	praːvoplatniː	1
pravověrný	pravovjɛrniː	1
praxe	praksɛ	5
praze	prazɛ	66
pražský	praʃskiː	13
prchat	pr̩xat	1
prchnout	pr̩xnou̯t	1
preference	prɛfɛrɛnt͡sɛ	4
premiérka	prɛmɪɛːrka	4
prevence	prɛvɛnt͡sɛ	3
preventivní	prɛvɛntɪvɲiː	2
prezentace	prɛzɛntat͡sɛ	1
prezentovat	prɛzɛntovat	2
prezidentka	prɛzɪdɛntka	1
prezidentův	prɛzɪdɛntuːf	4
primární	prɪmaːrɲiː	2
primátor	prɪmaːtor	12
primátorka	prɪmaːtorka	5
princip	prɪnt͡sɪp	2
privátní	prɪvaːtɲiː	1
probíhat	probiːɦat	4
proboha	proboɦa	2
probudit	probuɟɪt	1
proběhnout	probjɛɦnou̯t	1
proces	prot͡sɛs	9
procházka	proxaːska	4
procházka	proxaːska	4
prodej	prodɛj	17
prodejce	prodɛjt͡sɛ	1
prodejna	prodɛjna	1
prodloužit	prodlou̯ʒɪt	2
produkce	produkt͡sɛ	7
produkovat	produkovat	1
produktivita	produktɪvɪta	1
produktivní	produktɪvɲiː	1
profesor	profɛsor	9
profesorka	profɛsorka	1
program	proɡram	33
programování	proɡramovaːɲiː	1
progresivní	proɡrɛsɪvɲiː	1
prohlásit	proɦlaːsɪt	1
prohlédnout	proɦlɛːdnou̯t	3
prohlídka	proɦliːtka	5
prohlížeč	proɦliːʒɛt͡ʃ	2
projekce	projɛkt͡sɛ	2
projekt	projɛkt	38
projektový	projɛktoviː	1
projevovat	projɛvovat	1
projít	projiːt	5
projíždět	projiːʒɟɛt	1
prokázat	prokaːzat	3
prokeš	prokɛʃ	1
proklínat	prokliːnat	1
prolomit	prolomɪt	1
promile	promɪlɛ	3
promítání	promiːtaːɲiː	3
proměna	promɲɛna	4
proměnit	promɲɛɲɪt	2
pronájem	pronaːjɛm	3
proniknout	proɲɪknou̯t	2
propadat	propadat	2
propagace	propaɡat͡sɛ	1
propagační	propaɡat͡ʃɲiː	2
propagovat	propaɡovat	1
propast	propast	3
proplácet	proplaːt͡sɛt	1
propojení	propojɛɲiː	1
propojit	propojɪt	1
propustit	propuscɪt	2
prosadit	prosaɟɪt	9
prosazovat	prosazovat	1
prosince	prosɪnt͡sɛ	16
proslulost	proslulost	1
proslulý	prosluliː	4
prospěch	prospjɛx	4
prospěšný	prospjɛʃniː	1
prostitut	prostɪtut	1
prostor	prostor	30
prostý	prostiː	1
prostě	proscɛ	35
prostějov	proscɛjof	4
prostředek	prostr̝̊ɛdɛk	1
prostředí	prostr̝̊ɛɟiː	26
protahovat	protaɦovat	1
protest	protɛst	2
protestní	protɛstɲiː	1
protiimigrační	procɪɪmɪɡrat͡ʃɲiː	1
proudí	prou̯ɟiː	2
proudit	prou̯ɟɪt	1
proudit	proʔuɟɪt	1
proudu	prou̯du	8
proudění	prou̯ɟɛɲiː	2
prouza	prou̯za	1
provedení	provɛdɛɲiː	7
provizorní	provɪzorɲiː	1
provozovat	provozovat	2
provozovatel	provozovatɛl	1
prozatím	prozaciːm	3
prozatímní	prozaciːmɲiː	1
prozkoumat	proskou̯mat	1
prstenec	pr̩stɛnɛt͡s	1
průběh	pruːbjɛx	7
průkopník	pruːkopɲiːk	1
průmysl	pruːmɪsl̩	3
průmyslový	pruːmɪsloviː	2
průměr	pruːmɲɛr	1
průměrný	pruːmɲɛrniː	1
průsečík	pruːsɛt͡ʃiːk	1
průvodce	pruːvot͡sɛ	3
pružnost	pruʒnost	2
prvně	pr̩vɲɛ	1
prvorozený	pr̩vorozɛniː	1
prý	priː	62
pryskyřice	prɪskɪr̝ɪt͡sɛ	1
psal	psal	1
psala	psala	1
psali	psalɪ	2
psalo	psalo	1
psaly	psalɪ	1
psaní	psaɲiː	2
psem	psɛm	3
psi	psɪ	2
psí	psiː	4
psovi	psovɪ	2
psu	psu	1
psů	psuː	3
psy	psɪ	5
psychický	psɪxɪt͡skiː	1
psycholog	psɪxolok	2
psycholožka	psɪxoloʃka	3
ptačí	ptat͡ʃiː	1
publikace	publɪkat͡sɛ	3
půdu	puːdu	1
půdy	puːdɪ	4
půdě	puːɟɛ	6
půjčka	puːjt͡ʃka	1
půlnoční	puːlnot͡ʃɲiː	1
působit	puːsobɪt	4
půst	puːst	1
pustí	pusciː	4
pustit	puscɪt	3
pusu	pusu	1
putna	putna	2
původ	puːvot	2
původní	puːvodɲiː	12
původně	puːvodɲɛ	17
pytel	pɪtɛl	3
pěkná	pjɛknaː	1
pěkné	pjɛknɛː	1
pěkně	pjɛkɲɛ	4
pěstovat	pjɛstovat	2
pětina	pjɛcɪna	4
pětkrát	pjɛtkraːt	1
přátelství	pr̝̊aːtɛlstviː	3
přebytek	pr̝̊ɛbɪtɛk	1
přece	pr̝̊ɛt͡sɛ	34
přecházet	pr̝̊ɛxaːzɛt	1
přechodný	pr̝̊ɛxodniː	1
předák	pr̝̊ɛdaːk	1
předání	pr̝̊ɛdaːɲiː	4
předat	pr̝̊ɛdat	3
předávat	pr̝̊ɛdaːvat	2
předávkování	pr̝̊ɛdaːfkovaːɲiː	1
předcházet	pr̝̊ɛtxaːzɛt	1
předchozí	pr̝̊ɛtxoziː	7
předchůdce	pr̝̊ɛtxuːt͡sɛ	1
předejít	pr̝̊ɛdɛjiːt	2
předem	pr̝̊ɛdɛm	5
především	pr̝̊ɛdɛfʃiːm	51
předložit	pr̝̊ɛdloʒɪt	1
přednášející	pr̝̊ɛdnaːʃɛjiːt͡siː	1
přednáška	pr̝̊ɛdnaːʃka	2
předpoklad	pr̝̊ɛtpoklat	1
předpokládaný	pr̝̊ɛtpoklaːdaniː	3
předposlední	pr̝̊ɛtposlɛdɲiː	1
předpověď	pr̝̊ɛtpovjɛc	1
představa	pr̝̊ɛtstava	4
představení	pr̝̊ɛtstavɛɲiː	16
představit	pr̝̊ɛtstavɪt	9
představitel	pr̝̊ɛtstavɪtɛl	1
představovat	pr̝̊ɛtstavovat	2
předtím	pr̝̊ɛtciːm	5
předvídat	pr̝̊ɛdviːdat	1
předvídatelnost	pr̝̊ɛdviːdatɛlnost	1
předvídatelný	pr̝̊ɛdviːdatɛlniː	1
přehled	pr̝̊ɛɦlɛt	10
přehlídka	pr̝̊ɛɦliːtka	2
přehrada	pr̝̊ɛɦrada	1
přejít	pr̝̊ɛjiːt	4
překážet	pr̝̊ɛkaːʒɛt	1
překonat	pr̝̊ɛkonat	3
překvapení	pr̝̊ɛkvapɛɲiː	7
překvapivý	pr̝̊ɛkvapɪviː	1
překvapivě	pr̝̊ɛkvapɪvjɛ	6
překvapující	pr̝̊ɛkvapujiːt͡siː	1
přemek	pr̝̊ɛmɛk	2
přemýšlet	pr̝̊ɛmiːʃlɛt	3
přenést	pr̝̊ɛnɛːst	2
přenos	pr̝̊ɛnos	3
přerov	pr̝̊ɛrof	1
přerušení	pr̝̊ɛruʃɛɲiː	2
přerušit	pr̝̊ɛruʃɪt	2
přesný	pr̝̊ɛsniː	2
přestupek	pr̝̊ɛstupɛk	2
přestěhovat	pr̝̊ɛscɛɦovat	1
přesvědčení	pr̝̊ɛsvjɛt͡ʃɛɲiː	4
přesvědčit	pr̝̊ɛsvjɛt͡ʃɪt	5
přesvědčovat	pr̝̊ɛsvjɛt͡ʃovat	1
přesčas	pr̝̊ɛst͡ʃas	1
přetížení	pr̝̊ɛciːʒɛɲiː	1
převážně	pr̝̊ɛvaːʒɲɛ	6
převažující	pr̝̊ɛvaʒujiːt͡siː	1
převod	pr̝̊ɛvot	1
převodovka	pr̝̊ɛvodofka	1
převzít	pr̝̊ɛvziːt	3
přežití	pr̝̊ɛʒɪciː	3
přiblížit	pr̝̊ɪbliːʒɪt	2
příchod	pr̝̊iːxot	1
příchozí	pr̝̊iːxoziː	3
příchuť	pr̝̊iːxuc	1
přihlásit	pr̝̊ɪɦlaːsɪt	2
příhoda	pr̝̊iːɦoda	1
přijatelný	pr̝̊ɪjatɛlniː	1
příjemce	pr̝̊iːjɛmt͡sɛ	1
přijetí	pr̝̊ɪjɛciː	3
příkaz	pr̝̊iːkas	3
příklad	pr̝̊iːklat	5
příležitost	pr̝̊iːlɛʒɪtost	4
příležitostně	pr̝̊iːlɛʒɪtostɲɛ	1
příliv	pr̝̊iːlɪf	3
přiložit	pr̝̊ɪloʒɪt	1
přímo	pr̝̊iːmo	41
přímý	pr̝̊iːmiː	2
přimět	pr̝̊ɪmɲɛt	4
přinejmenším	pr̝̊ɪnɛjmɛnʃiːm	1
přínos	pr̝̊iːnos	1
případný	pr̝̊iːpadniː	3
případně	pr̝̊iːpadɲɛ	14
připojení	pr̝̊ɪpojɛɲiː	7
připomenout	pr̝̊ɪpomɛnou̯t	8
příprava	pr̝̊iːprava	5
připravený	pr̝̊ɪpravɛniː	2
přírodní	pr̝̊iːrodɲiː	7
přirovnat	pr̝̊ɪrovnat	1
přirozený	pr̝̊ɪrozɛniː	1
přirozeně	pr̝̊ɪrozɛɲɛ	6
přísloví	pr̝̊iːsloviː	1
příslušenství	pr̝̊iːsluʃɛnstviː	1
příslušný	pr̝̊iːsluʃniː	3
přispívat	pr̝̊ɪspiːvat	1
přispět	pr̝̊ɪspjɛt	1
příspěvek	pr̝̊iːspjɛvɛk	5
přistání	pr̝̊ɪstaːɲiː	2
přístav	pr̝̊iːstaf	1
přístroj	pr̝̊iːstroj	4
přistupovat	pr̝̊ɪstupovat	2
přisvojit	pr̝̊ɪsvojɪt	1
přitom	pr̝̊ɪtom	50
přítomnost	pr̝̊iːtomnost	3
přítomný	pr̝̊iːtomniː	2
přivést	pr̝̊ɪvɛːst	2
přízemí	pr̝̊iːzɛmiː	1
přiznat	pr̝̊ɪznat	5
příznivec	pr̝̊iːzɲɪvɛt͡s	1
příznivý	pr̝̊iːzɲɪviː	1
příznivě	pr̝̊iːzɲɪvjɛ	1
přizpůsobení	pr̝̊ɪspuːsobɛɲiː	1
přizpůsobení	pr̝̊ɪspuːsobɛɲiː	1
přizpůsobit	pr̝̊ɪspuːsobɪt	4
přizpůsobovat	pr̝̊ɪspuːsobovat	2
příčina	pr̝̊iːt͡ʃɪna	2
příště	pr̝̊iːʃcɛ	4
pšenice	pʃɛɲɪt͡sɛ	1
pštrosí	pʃtrosiː	1
rada	rada	16
radek	radɛk	5
radikální	radɪkaːlɲiː	2
radim	raɟɪm	3
rádio	raːdɪo	2
radka	ratka	2
radní	radɲiː	6
radnice	radɲɪt͡sɛ	16
radomír	radomiːr	1
radovat	radovat	1
raketa	rakɛta	3
rákos	raːkos	1
rákosí	raːkosiː	2
rakouský	rakou̯skiː	1
rakušan	rakuʃan	3
rámec	raːmɛt͡s	4
rána	raːna	3
ranní	raɲiː	2
raněný	raɲɛniː	1
rasismus	rasɪzmus	1
razit	razɪt	1
reagovat	rɛaɡovat	9
reakce	rɛakt͡sɛ	9
realismus	rɛalɪzmus	2
realita	rɛalɪta	4
realizace	rɛalɪzat͡sɛ	3
realizovat	rɛalɪzovat	2
reálný	rɛaːlniː	1
recept	rɛt͡sɛpt	5
recyklace	rɛt͡sɪklat͡sɛ	1
redaktor	rɛdaktor	2
redaktorka	rɛdaktorka	1
redukce	rɛdukt͡sɛ	1
referendum	rɛfɛrɛndum	1
reforma	rɛforma	4
regionální	rɛɡɪonaːlɲiː	8
regulace	rɛɡulat͡sɛ	7
regulovat	rɛɡulovat	2
rektor	rɛktor	2
relace	rɛlat͡sɛ	1
relativní	rɛlatɪvɲiː	2
relativně	rɛlatɪvɲɛ	8
remeš	rɛmɛʃ	1
remíza	rɛmiːza	1
renata	rɛnata	1
renáta	rɛnaːta	1
rené	rɛnɛː	3
reprezentace	rɛprɛzɛntat͡sɛ	7
reprezentovat	rɛprɛzɛntovat	2
reprodukce	rɛprodukt͡sɛ	1
republika	rɛpublɪka	11
restartovat	rɛstartovat	1
revidovat	rɛvɪdovat	1
revize	rɛvɪzɛ	1
revoluce	rɛvolut͡sɛ	3
rezavět	rɛzavjɛt	1
režie	rɛʒɪjɛ	12
režim	rɛʒɪm	6
režisér	rɛʒɪsɛːr	14
režisérka	rɛʒɪsɛːrka	2
richard	rɪxart	6
risk	rɪsk	1
risknout	rɪsknou̯t	1
riskovat	rɪskovat	3
riziko	rɪzɪko	9
robert	robɛrt	9
robin	robɪn	1
robot	robot	1
rod	rot	1
rodák	rodaːk	3
rodí	roɟiː	2
rodinný	roɟɪniː	6
rodné	rodnɛː	4
rodný	rodniː	1
rodu	rodu	3
roh	rox	2
rohu	roɦu	4
roland	rolant	2
rom	rom	1
roman	roman	12
romana	romana	8
romantický	romantɪt͡sɪkiː	1
roste	rostɛ	18
rostlina	rostlɪna	1
rostoucí	rostou̯t͡siː	9
rotoped	rotopɛt	1
rotunda	rotunda	2
rovnost	rovnost	1
rovnou	rovnou̯	7
rovný	rovniː	3
rovněž	rovɲɛʃ	30
rozbít	rozbiːt	1
rozbor	rozbor	3
rozdávat	rozdaːvat	1
rozdělení	rozɟɛlɛɲiː	2
rozdělit	rozɟɛlɪt	1
rozebírat	rozɛbiːrat	2
rozebrat	rozɛbrat	1
rozeznat	rozɛznat	1
rozhodnutí	rozɦodnuciː	32
rozhodně	rozɦodɲɛ	22
rozhodovat	rozɦodovat	9
rozhodující	rozɦodujiːt͡siː	3
rozhovor	rozɦovor	7
rozjímání	rozjiːmaːɲiː	1
rozkaz	roskas	1
rozlišit	rozlɪʃɪt	1
rozlišovat	rozlɪʃovat	1
rozmanitost	rozmaɲɪtost	1
rozmezí	rozmɛziː	4
rozměr	rozm̩ɲɛr	1
rozpad	rospat	1
rozpoznat	rospoznat	1
rozprostírat	rosprosciːrat	1
rozsah	rosax	3
rozsudek	rosudɛk	4
rozum	rozum	2
rozvoj	rozvoj	10
rozvojový	rozvojoviː	2
rozšířit	rosʃiːr̝ɪt	1
rozšiřovat	rosʃɪr̝ovat	1
roční	rot͡ʃɲiː	6
ročník	rot͡ʃɲiːk	14
ročně	rot͡ʃɲɛ	16
rty	rtɪ	1
rudolf	rudolf	2
rudý	rudiː	2
rukavice	rukavɪt͡sɛ	3
rukověť	rukovjɛc	1
rumunsko	rumunsko	3
rus	rus	2
ruska	ruska	15
ruský	ruskiː	5
ručit	rut͡ʃɪt	2
ručně	rut͡ʃɲɛ	3
rušení	ruʃɛɲiː	3
rušit	ruʃɪt	1
růžička	ruːʒɪt͡ʃka	2
růžička	ruːʒɪt͡ʃka	2
růžičková	ruːʒɪt͡ʃkovaː	1
rybí	rɪbiː	1
rys	rɪs	1
rytmus	rɪtmus	1
sabotáž	sabotaːʃ	1
sáhnout	saːɦnou̯t	1
sakra	sakra	1
sakrální	sakraːlɲiː	1
salvador	salvador	1
samá	samaː	1
sameček	samɛt͡ʃɛk	1
samička	samɪt͡ʃka	1
samostatný	samostatniː	2
samotář	samotaːr̝̊	1
samotný	samotniː	6
samuel	samuɛl	1
samý	samiː	2
sandra	sandra	1
sanitka	sanɪtka	1
sára	saːra	1
sazba	sazba	1
sázet	saːzɛt	1
sbírka	zbiːrka	5
sbor	zbor	7
sběratel	zbjɛratɛl	1
scéna	st͡sɛːna	4
scénář	st͡sɛːnaːr̝̊	4
schod	sxot	1
schopnost	sxopnost	8
schopný	sxopniː	3
schválení	sxvaːlɛɲiː	2
schválit	sxvaːlɪt	4
schvalovat	sxvalovat	1
sdílení	zɟiːlɛɲiː	3
sdílet	zɟiːlɛt	3
sdružení	zdruʒɛɲiː	11
sdělení	zɟɛlɛɲiː	4
sdělit	zɟɛlɪt	1
sdělovací	zɟɛlovat͡siː	1
sebe	sɛbɛ	30
sebevrah	sɛbɛvrax	1
sebevědomí	sɛbɛvjɛdomiː	1
sebevědomý	sɛbɛvjɛdomiː	1
sedl	sɛdl̩	2
sedlák	sɛdlaːk	1
sedláček	sɛdlaːt͡ʃɛk	3
sedláček	sɛdlaːt͡ʃɛk	3
sedlo	sɛdlo	1
sedmkrát	sɛdm̩kraːt	1
sednout	sɛdnou̯t	1
sehnat	sɛɦnat	6
sekaná	sɛkanaː	1
sekáč	sɛkaːt͡ʃ	1
sekce	sɛkt͡sɛ	3
sekretářka	sɛkrɛtaːr̝̊ka	1
sektor	sɛktor	1
selhání	sɛlɦaːɲiː	2
selhávat	sɛlɦaːvat	1
semeno	sɛmɛno	1
senát	sɛnaːt	4
senzační	sɛnzat͡ʃɲiː	1
sestávat	sɛstaːvat	1
sestavení	sɛstavɛɲiː	2
sestavit	sɛstavɪt	1
sestup	sɛstup	1
sestře	sɛstr̝̊ɛ	2
setkání	sɛtkaːɲiː	20
setkat	sɛtkat	1
setkávat	sɛtkaːvat	1
severně	sɛvɛrɲɛ	1
sex	sɛks	5
sexuální	sɛksuaːlɲiː	6
seznámit	sɛznaːmɪt	4
sezónní	sɛzoːɲiː	1
sféra	sfɛːra	1
shánět	zɦaːɲɛt	1
shlédnout	zɦlɛːdnou̯t	4
shoda	zɦoda	2
shromáždění	zɦromaːʒɟɛɲiː	4
shromažďovat	zɦromaʒɟovat	1
sice	sɪt͡sɛ	39
sídla	siːdla	1
sídle	siːdlɛ	1
sídliště	siːdlɪʃcɛ	2
sídlo	siːdlo	4
sil	sɪl	11
síla	siːla	6
silách	sɪlaːx	2
silami	sɪlamɪ	2
síle	siːlɛ	4
sílí	siːliː	2
silně	sɪlɲɛ	4
silou	sɪlou̯	5
sílu	siːlu	6
silvestr	sɪlvɛstr̩	1
síly	siːlɪ	10
simulace	sɪmulat͡sɛ	1
sirotčí	sɪrot͡ʃiː	1
sisyfos	sɪsɪfos	1
sivok	sɪvok	1
síň	siːɲ	4
síť	siːc	8
sjednotit	sjɛdnocɪt	1
sjezdovky	sjɛzdofkɪ	1
skála	skaːla	2
skenovat	skɛnovat	1
skepse	skɛpsɛ	1
skeptický	skɛptɪt͡skiː	1
skladba	skladba	2
sklízet	skliːzɛt	1
sklonit	skloɲɪt	1
skok	skok	1
skoro	skoro	21
skrývat	skriːvat	1
skrze	skr̩zɛ	3
skutek	skutɛk	1
skutečnost	skutɛt͡ʃnost	6
skutečně	skutɛt͡ʃɲɛ	29
skvěle	skvjɛlɛ	6
skřítek	skr̝̊iːtɛk	1
slábnout	slaːbnou̯t	1
sladit	slaɟɪt	1
sladkovodní	slatkovodɲiː	1
sláma	slaːma	1
slané	slanɛː	1
sláva	slaːva	1
slavík	slaviːk	4
slavit	slavɪt	1
slavíček	slaviːt͡ʃɛk	1
slavnost	slavnost	2
slavnostní	slavnostɲiː	3
slavnostně	slavnostɲɛ	1
slavný	slavniː	4
slazený	slazɛniː	1
sled	slɛt	1
sledovat	slɛdovat	12
slet	slɛt	1
slezan	slɛzan	1
slezina	slɛzɪna	1
sliznice	slɪzɲɪt͡sɛ	1
slonem	slonɛm	2
sloni	sloɲɪ	1
sloní	sloɲiː	2
slonice	sloɲɪt͡sɛ	1
slonů	slonuː	1
sloup	slou̯p	2
sloučit	slou̯t͡ʃɪt	1
sloužit	slou̯ʒɪt	8
slov	slof	14
slova	slova	14
slovan	slovan	1
slovem	slovɛm	1
slovní	slovɲiː	1
slovy	slovɪ	6
složka	sloʃka	1
sluha	sluɦa	1
sluneční	slunɛt͡ʃɲiː	2
sluníčko	sluɲiːt͡ʃko	1
slunovrat	slunovrat	1
slůně	sluːɲɛ	1
slušný	sluʃniː	4
služba	sluʒba	6
služební	sluʒɛbɲiː	2
slyšení	slɪʃɛɲiː	1
smažit	smaʒɪt	1
smečka	smɛt͡ʃka	1
smířit	smiːr̝ɪt	1
smrtelný	smr̩tɛlniː	1
smrček	smr̩t͡ʃɛk	1
smůlu	smuːlu	1
smysluplný	smɪslupl̩niː	1
smělý	sm̩ɲɛliː	1
směnka	sm̩ɲɛŋka	1
směrovací	sm̩ɲɛrovat͡siː	1
směs	sm̩ɲɛs	1
směšně	sm̩ɲɛʃɲɛ	1
snad	snat	34
snadno	snadno	14
snášet	snaːʃɛt	1
snažení	snaʒɛɲiː	2
snech	snɛx	1
sní	sɲiː	1
snídaně	sɲiːdaɲɛ	1
snídat	sɲiːdat	1
snít	sɲiːt	2
snížení	sɲiːʒɛɲiː	12
snížit	sɲiːʒɪt	2
snižovat	sɲɪʒovat	2
sny	snɪ	2
sněmovna	sɲɛmovna	7
sobota	sobota	1
sobota	sobota	1
sobotka	sobotka	54
soch	sox	1
sochách	soxaːx	1
sochami	soxamɪ	1
sochařka	soxar̝̊ka	1
sochu	soxu	2
socialismus	sot͡sɪalɪzmus	4
sociální	sot͡sɪaːlɲiː	43
sojka	sojka	1
sojka	sojka	1
sokol	sokol	3
som	som	1
sotva	sotva	3
soubor	sou̯bor	8
soudit	sou̯ɟɪt	4
soudní	sou̯dɲiː	7
soudný	sou̯dniː	1
soudruh	sou̯drux	1
souhlas	sou̯ɦlas	3
souhrn	sou̯ɦr̩n	1
souhrnný	sou̯ɦr̩niː	1
soukromí	sou̯kromiː	4
soukromý	sou̯kromiː	4
soulad	sou̯lat	1
soupeř	sou̯pɛr̝̊	3
soupis	sou̯pɪs	1
sousloví	sou̯sloviː	1
soustředit	sou̯str̝̊ɛɟɪt	3
soutěž	sou̯cɛʃ	19
soutěžící	sou̯cɛʒiːt͡siː	2
soutěžit	sou̯cɛʒɪt	1
soutěživost	sou̯cɛʒɪvost	1
soutěžní	sou̯cɛʒɲiː	3
související	sou̯vɪsɛjiːt͡siː	1
souviset	sou̯vɪsɛt	1
současnost	sou̯t͡ʃasnost	1
současný	sou̯t͡ʃasniː	5
současně	sou̯t͡ʃasɲɛ	7
součást	sou̯t͡ʃaːst	5
součet	sou̯t͡ʃɛt	2
sova	sova	1
soči	sot͡ʃɪ	5
soňa	sonja	3
spád	spaːt	1
spali	spalɪ	2
spalování	spalovaːɲiː	1
specifický	spɛt͡sɪfɪt͡skiː	1
specifikovat	spɛt͡sɪfɪkovat	1
spekulace	spɛkulat͡sɛ	1
spekulativní	spɛkulatɪvɲiː	1
spisovatelka	spɪsovatɛlka	1
splnit	spl̩ɲɪt	4
spodek	spodɛk	1
spodní	spodɲiː	3
spoje	spojɛ	1
spojitost	spojɪtost	1
spokojenost	spokojɛnost	1
spokojit	spokojɪt	3
spoléhat	spolɛːɦat	1
spolehlivost	spolɛɦlɪvost	1
spolehlivě	spolɛɦlɪvjɛ	1
spolek	spolɛk	5
společenství	spolɛt͡ʃɛnstviː	4
společník	spolɛt͡ʃɲiːk	1
společnost	spolɛt͡ʃnost	66
společný	spolɛt͡ʃniː	1
spolknout	spolknou̯t	1
spolupráce	spolupraːt͡sɛ	12
spolupracovat	spoluprat͡sovat	4
spolupracovník	spoluprat͡sovɲiːk	1
spoluúčast	spoluuːt͡ʃast	2
spor	spor	5
sport	sport	20
sportovat	sportovat	2
sportovec	sportovɛt͡s	1
sportoviště	sportovɪʃcɛ	1
spotřeba	spotr̝̊ɛba	1
spousta	spou̯sta	12
spouštět	spou̯ʃcɛt	1
spořit	spor̝ɪt	1
spořitelna	spor̝ɪtɛlna	4
spravedlnost	spravɛdl̩nost	2
správní	spraːvɲiː	5
správnost	spraːvnost	1
spravovat	spravovat	1
sprchový	spr̩xoviː	1
spustit	spuscɪt	2
srab	srap	2
srážka	sraːʃka	1
srážky	sraːʃkɪ	1
srbsko	sr̩psko	1
srdce	sr̩t͡sɛ	7
srdeční	sr̩dɛt͡ʃɲiː	2
srna	sr̩na	1
srnec	sr̩nɛt͡s	1
srovnání	srovnaːɲiː	1
srovnat	srovnat	1
srovnávat	srovnaːvat	2
srozumitelný	srozumɪtɛlniː	1
srpna	sr̩pna	18
stabilizace	stabɪlɪzat͡sɛ	1
stabilizovat	stabɪlɪzovat	2
stabilní	stabɪlɲiː	2
stádo	staːdo	1
stáj	staːj	1
stál	staːl	10
standa	standa	1
standard	standart	2
standardizace	standardɪzat͡sɛ	1
standardní	standardɲiː	9
stanislav	staɲɪslaf	3
stanislava	staɲɪslava	1
stanovit	stanovɪt	3
stará	staraː	10
starali	staralɪ	2
staraly	staralɪ	1
staré	starɛː	20
starého	starɛːɦo	6
starost	starost	4
starosta	starosta	20
starší	starʃiː	16
staršího	starʃiːɦo	3
staršími	starʃiːmɪ	2
stát	staːt	60
statek	statɛk	2
statečný	statɛt͡ʃniː	1
statistický	statɪstɪt͡skiː	1
statistik	statɪstɪk	1
statistika	statɪstɪka	3
stativ	statɪf	1
státní	staːtɲiː	53
státník	staːtɲiːk	1
statutární	statutaːrɲiː	2
stav	staf	22
stavba	stavba	10
stavební	stavɛbɲiː	20
stavem	stavɛm	2
stavení	stavɛɲiː	2
stavit	stavɪt	1
stavu	stavu	21
staří	star̝iː	1
stáří	staːr̝iː	6
stejnojmenný	stɛjnojmɛniː	1
stezka	stɛska	3
stíhání	sciːɦaːɲiː	2
stíhat	sciːɦat	13
stížnost	sciːʒnost	2
stopa	stopa	2
stoupat	stou̯pat	2
stovka	stofka	2
strach	strax	10
strachovat	straxovat	1
stran	stran	20
stranický	straɲɪt͡skiː	1
stránka	straːŋka	2
strategie	stratɛɡɪjɛ	3
strašák	straʃaːk	1
strašidelný	straʃɪdɛlniː	1
strašně	straʃɲɛ	6
stráž	straːʃ	1
stres	strɛs	2
strhl	str̩ɦl̩	1
strmý	str̩miː	1
strnad	str̩nat	1
stroje	strojɛ	11
strojvůdce	strojvuːt͡sɛ	1
stromeček	stromɛt͡ʃɛk	4
stromu	stromu	4
stromů	stromuː	2
stromy	stromɪ	5
strop	strop	4
struktura	struktura	1
studentka	studɛntka	3
stupňů	stupɲuː	3
stvořitel	stvor̝ɪtɛl	1
styk	stɪk	1
stěhování	scɛɦovaːɲiː	2
stěně	scɛɲɛ	1
stěží	scɛʒiː	1
střecha	str̝̊ɛxa	2
středisko	str̝̊ɛɟɪsko	3
středomořský	str̝̊ɛdomor̝̊skiː	1
střelba	str̝̊ɛlba	3
střelec	str̝̊ɛlɛt͡s	3
střevní	str̝̊ɛvɲiː	1
střežit	str̝̊ɛʒɪt	1
subjekt	subjɛkt	1
sucho	suxo	5
suchý	suxiː	4
suchý	suxiː	4
surovina	surovɪna	1
svá	svaː	7
svah	svax	1
svaté	svatɛː	1
svatební	svatɛbɲiː	2
svátek	svaːtɛk	10
sváteční	svaːtɛt͡ʃɲiː	2
svatý	svatiː	1
svaz	svas	8
svazek	svazɛk	1
sváťa	svaːca	1
svérázný	svɛːraːzniː	1
svíce	sviːt͡sɛ	1
svinčík	svɪnt͡ʃiːk	1
svítání	sviːtaːɲiː	1
svoboda	svoboda	12
svoje	svojɛ	16
svoji	svojɪ	12
svojí	svojiː	7
svolat	svolat	1
svou	svou̯	60
svrchovanost	svr̩xovanost	1
svědectví	svjɛdɛt͡stviː	2
svědek	svjɛdɛk	1
svědomí	svjɛdomiː	7
svěrák	svjɛraːk	1
svěrák	svjɛraːk	1
světoznámý	svjɛtoznaːmiː	1
sýkora	siːkora	2
sýkora	siːkora	2
sympatie	sɪmpatɪjɛ	2
synáček	sɪnaːt͡ʃɛk	2
synův	sɪnuːf	1
sýru	siːru	1
sýry	siːrɪ	1
systém	sɪstɛːm	22
syřanka	sɪr̝aŋka	1
sčítání	st͡ʃiːtaːɲiː	2
tábor	taːbor	2
tabule	tabulɛ	2
tahle	taɦlɛ	6
tajemství	tajɛmstviː	8
tajit	tajɪt	1
tajně	tajɲɛ	1
tajuplný	tajupl̩niː	2
takhle	taɡɦlɛ	14
taktika	taktɪka	2
takto	takto	23
taky	takɪ	23
takřka	takr̝̊ka	8
takže	taɡʒɛ	56
tamní	tamɲiː	7
tatínek	taciːnɛk	3
tato	tato	46
táňa	taːɲa	1
taťána	tacaːna	3
taťka	tacka	1
tebe	tɛbɛ	3
tebou	tɛbou̯	1
technický	tɛxnɪt͡skiː	2
technik	tɛxnɪk	2
technika	tɛxnɪka	4
technologický	tɛxnoloɡɪt͡skiː	2
technologie	tɛxnoloɡɪɛ	15
tedy	tɛdɪ	134
tehdejší	tɛɦdɛjʃiː	12
teherán	tɛɦɛraːn	2
telátko	tɛlaːtko	1
telefonát	tɛlɛfonaːt	1
telefonovat	tɛlɛfonovat	2
televizní	tɛlɛvɪzɲiː	23
temnota	tɛmnota	1
ten	tɛn	87
tenis	tɛnɪs	2
tenista	tɛnɪsta	1
tenistka	tɛnɪstka	1
tenkrát	tɛŋkraːt	3
tentokrát	tɛntokraːt	25
teoreticky	tɛorɛtɪt͡skɪ	2
teorie	tɛorɪjɛ	1
tepla	tɛpla	5
teple	tɛplɛ	1
teplotní	tɛplotɲiː	1
teprve	tɛpr̩vɛ	22
terapie	tɛrapɪjɛ	2
tereza	tɛrɛza	2
terezin	tɛrɛzɪn	1
termín	tɛrmiːn	6
terminál	tɛrmɪnaːl	1
tesla	tɛsla	1
testovat	tɛstovat	1
teďka	tɛcka	1
též	tɛːʃ	16
tichý	cɪxiː	1
tichý	cɪxiː	1
tím	ciːm	145
tímto	ciːmto	16
tisící	cɪsiːt͡siː	1
tisíciletí	cɪsiːt͡sɪlɛciː	2
tisk	cɪsk	1
tiskový	cɪskoviː	1
tito	cɪto	8
tiše	cɪʃɛ	2
tlak	tlak	7
tlama	tlama	1
tlačit	tlat͡ʃɪt	1
tlačítko	tlat͡ʃiːtko	1
tlumočit	tlumot͡ʃɪt	1
tlustý	tlustiː	1
tma	tma	1
to	to	1210
tohle	toɦlɛ	22
toho	toɦo	106
tolerance	tolɛrant͡sɛ	2
tolerantní	tolɛrantɲiː	1
toliko	tolɪko	1
tomáš	tomaːʃ	25
tonda	tonda	1
totiž	tocɪʃ	95
toto	toto	33
touha	tou̯ɦa	1
tradičně	traɟɪt͡ʃɲɛ	8
tragédie	traɡɛːdɪjɛ	4
tragický	traɡɪt͡skiː	2
traktor	traktor	1
tramvaj	traɱvaj	3
transakce	transakt͡sɛ	3
transformace	transformat͡sɛ	1
transformovat	transformovat	1
transsexuál	transɛksuaːl	1
trapas	trapas	3
trasa	trasa	2
tráva	traːva	1
trávení	traːvɛɲiː	2
trávit	traːvɪt	2
travní	travɲiː	1
trenér	trɛnɛːr	3
trenérka	trɛnɛːrka	3
trénovat	trɛːnovat	2
trest	trɛst	7
trestat	trɛstat	3
trestní	trɛstɲiː	4
trestný	trɛstniː	1
trnka	trn̩ka	1
trocha	troxa	1
trojice	trojɪt͡sɛ	2
trojský	trojskiː	1
trosky	troskɪ	1
trpí	tr̩piː	7
trpělivost	tr̩pjɛlɪvost	2
trpělivě	tr̩pjɛlɪvjɛ	1
trpět	tr̩pjɛt	3
trvale	tr̩valɛ	4
trvalý	tr̩valiː	1
trvání	tr̩vaːɲiː	2
tržní	tr̩ʒɲiː	4
tucet	tut͡sɛt	1
tudíž	tuɟiːʃ	5
tuhý	tuɦiː	1
tuk	tuk	1
tunisko	tunɪsko	2
tupé	tupɛː	1
turecko	turɛt͡sko	8
turecký	turɛt͡skiː	3
turek	turɛk	1
turkmenistán	turkmɛɲɪstaːn	1
tušení	tuʃɛɲiː	1
tušit	tuʃɪt	1
tvaroh	tvarox	2
tvoje	tvojɛ	1
tvorba	tvorba	1
tvořit	tvor̝ɪt	6
tvořivost	tvor̝ɪvost	1
tvrdit	tvr̩ɟɪt	1
tvrzení	tvr̩zɛɲiː	10
tvůrce	tvuːrt͡sɛ	1
týdeník	tiːdɛɲiːk	14
týdenní	tiːdɛɲiː	1
týdně	tiːdɲɛ	2
týkat	tiːkat	5
typ	tɪp	9
tyč	tɪt͡ʃ	1
týž	tiːʃ	1
tě	cɛ	5
těch	cɛx	23
těl	cɛl	2
těla	cɛla	8
těle	cɛlɛ	2
tělech	cɛlɛx	2
tělem	cɛlɛm	1
tělesně	cɛlɛsɲɛ	1
tělní	cɛlɲiː	1
těsně	cɛsɲɛ	10
těšín	cɛʃiːn	1
těšit	cɛʃɪt	9
těžbě	cɛʒbjɛ	1
těžce	cɛʃt͡sɛ	1
těžit	cɛʒɪt	1
těžko	cɛʃko	9
těžší	cɛʃiː	7
třeba	tr̝̊ɛba	98
třetí	tr̝̊ɛciː	25
třetina	tr̝̊ɛcɪna	4
tři	tr̝̊ɪ	81
třídění	tr̝̊iːɟɛɲiː	1
uber	ubɛr	2
ubytování	ubɪtovaːɲiː	4
ubývat	ubiːvat	1
uchazeč	uxazɛt͡ʃ	2
úchvatný	uːxvatniː	1
údaj	uːdaj	4
údaje	uːdajɛ	18
údajný	uːdajniː	3
údajně	uːdajɲɛ	13
událost	udaːlost	3
úder	uːdɛr	4
udeřit	udɛr̝ɪt	1
údolí	uːdoliː	1
údržba	uːdr̩ʒba	1
udržet	udr̩ʒɛt	8
udělovat	uɟɛlovat	1
uherský	uɦɛrskiː	1
uhličitý	uɦlɪt͡ʃɪtiː	1
úhlů	uːɦluː	1
ukamenovat	ukamɛnovat	1
úkaz	uːkas	1
ukazatel	ukazatɛl	1
ukázka	ukaːska	3
uklidnit	uklɪdɲɪt	1
ukončení	ukont͡ʃɛɲiː	8
ukrajina	ukrajɪna	2
ukrojit	ukrojɪt	1
uložit	uloʒɪt	1
ultrazvuk	ultrazvuk	2
umístit	umiːscɪt	2
umístění	umiːscɛɲiː	3
umožnit	umoʒɲɪt	1
úmrtí	uːmr̩ciː	4
umyvadlo	umɪvadlo	1
umělcův	umɲɛlt͡suːf	1
uměle	umɲɛlɛ	3
umělec	umɲɛlɛt͡s	3
unavený	unavɛniː	2
únik	uːɲɪk	1
uniknout	uɲɪknou̯t	2
univerzální	unɪvɛrzaːlɲiː	4
univerzita	unɪvɛrzɪta	2
února	uːnora	12
únosce	uːnost͡sɛ	2
úplatek	uːplatɛk	1
uplatnit	uplatɲɪt	2
uplatnění	uplatɲɛɲiː	3
úplnost	uːpl̩nost	1
úplněk	uːpl̩ɲɛk	1
upozornit	upozorɲɪt	7
upozorňovat	upozorɲovat	2
úprava	uːprava	2
upravit	upravɪt	6
upravovat	upravovat	1
uprchlík	upr̩xliːk	1
uprchnout	upr̩xnou̯t	1
urážka	uraːʃka	1
urban	urban	1
úroveň	uːrovɛɲ	3
urychlit	urɪxlɪt	1
určení	urt͡ʃɛɲiː	2
určit	urt͡ʃɪt	2
určitý	urt͡ʃɪtiː	2
určovat	urt͡ʃovat	1
usadit	usaɟɪt	2
úsilí	uːsɪliː	5
usilovat	usɪlovat	2
uskutečnit	uskutɛt͡ʃɲɪt	1
uskutečnění	uskutɛt͡ʃɲɛɲiː	1
uskutečňovat	uskutɛt͡ʃɲovat	3
usnadnit	usnadɲɪt	1
uspokojení	uspokojɛɲiː	2
uspokojit	uspokojɪt	1
úsporný	uːsporniː	2
úspory	uːsporɪ	5
uspořádání	uspor̝aːdaːɲiː	1
uspořádat	uspor̝aːdat	1
úspěch	uːspjɛx	10
uspět	uspjɛt	3
ústav	uːstaf	2
ústava	uːstava	1
ústavní	uːstavɲiː	4
ústí	uːsciː	8
ustoupit	ustou̯pɪt	1
ustupovat	ustupovat	1
ústřední	uːstr̝̊ɛdɲiː	4
utajení	utajɛɲiː	2
utéct	utɛːt͡st	4
úterý	uːtɛriː	34
utečenec	utɛt͡ʃɛnɛt͡s	1
utkání	utkaːɲiː	28
útočit	uːtot͡ʃɪt	1
útočník	uːtot͡ʃɲiːk	10
útěk	uːcɛk	1
uvádět	uvaːɟɛt	2
úvaha	uːvaɦa	1
uvařit	uvar̝ɪt	1
uvažovat	uvaʒovat	2
uvést	uvɛːst	4
uvnitř	uvɲɪtr̝̊	6
úvod	uːvot	4
uvolnit	uvolɲɪt	1
uvolnění	uvolɲɛɲiː	2
uvolněný	uvolɲɛniː	1
uvolňovat	uvolɲovat	1
uvědomit	uvjɛdomɪt	3
uzávěrka	uzaːvjɛrka	1
uzavřít	uzavr̝iːt	4
uzel	uzɛl	1
území	uːzɛmiː	22
územní	uːzɛmɲiː	1
úzkost	uːskost	1
uznání	uznaːɲiː	1
uznat	uznat	2
účastník	uːt͡ʃastɲiːk	2
účastnit	uːt͡ʃastɲɪt	3
účel	uːt͡ʃɛl	7
učení	ut͡ʃɛɲiː	3
účes	uːt͡ʃɛs	2
účetnictví	uːt͡ʃɛtɲɪt͡stviː	2
učiliště	ut͡ʃɪlɪʃcɛ	1
účinek	uːt͡ʃɪnɛk	2
učinit	ut͡ʃɪɲɪt	3
účinný	uːt͡ʃɪniː	1
účinně	uːt͡ʃɪɲɛ	2
úředník	uːr̝ɛdɲiːk	4
ušetřit	uʃɛtr̝̊ɪt	10
úžasný	uːʒasniː	1
užít	uʒiːt	3
užitek	uʒɪtɛk	2
užívat	uʒiːvat	4
uživatel	uʒɪvatɛl	2
uživatelský	uʒɪvatɛlskiː	1
václav	vaːt͡slaf	28
vada	vada	1
vadí	vaɟiː	7
vadit	vaɟɪt	1
vady	vadɪ	2
váhání	vaːɦaːɲiː	2
váhy	vaːɦɪ	3
valdemar	valdɛmar	1
vale	valɛ	1
valenta	valɛnta	2
validace	valɪdat͡sɛ	1
vám	vaːm	85
vámi	vaːmɪ	3
vana	vana	7
vánoce	vaːnot͡sɛ	7
vánoční	vaːnot͡ʃɲiː	15
vápna	vaːpna	1
vápnem	vaːpnɛm	2
vápně	vaːpɲɛ	1
varování	varovaːɲiː	2
varů	varuː	1
vary	varɪ	4
varšava	varʃava	2
vás	vaːs	84
vavřín	vavr̝iːn	1
vaření	var̝ɛɲiː	8
vařit	var̝ɪt	1
vaše	vaʃɛ	22
vážně	vaːʒɲɛ	6
vede	vɛdɛ	18
veden	vɛdɛn	1
vedení	vɛdɛɲiː	53
vedení	vɛdɛɲiː	53
vedete	vɛdɛtɛ	1
vedle	vɛdlɛ	19
vedlejší	vɛdlɛjʃiː	4
vedou	vɛdou̯	4
vedoucí	vɛdou̯t͡siː	13
vedra	vɛdra	1
vedro	vɛdro	1
vedru	vɛdru	1
veletucet	vɛlɛtut͡sɛt	1
velice	vɛlɪt͡sɛ	18
velitel	vɛlɪtɛl	1
velkolepý	vɛlkolɛpiː	1
velkoobchod	vɛlkoopxot	1
velvyslankyně	vɛlvɪslaŋkɪɲɛ	1
ven	vɛn	4
vendula	vɛndula	2
venuše	vɛnuʃɛ	2
veronika	vɛronɪka	4
veselá	vɛsɛlaː	2
veselí	vɛsɛliː	2
veselohra	vɛsɛloɦra	1
veselý	vɛsɛliː	3
vesměs	vɛsm̩ɲɛs	4
vesnice	vɛsɲɪt͡sɛ	5
veterinář	vɛtɛrɪnaːr̝̊	1
vezme	vɛzmɛ	3
vezmeme	vɛzmɛmɛ	2
vezmete	vɛzmɛtɛ	1
vezmi	vɛzmɪ	1
vezmu	vɛzmu	1
vezměte	vɛzm̩ɲɛtɛ	1
veřejnost	vɛr̝ɛjnost	14
veřejný	vɛr̝ɛjniː	3
veřejně	vɛr̝ɛjɲɛ	9
veškerý	vɛʃkɛriː	4
vhodný	vɦodniː	3
ví	viː	12
víc	viːt͡s	43
více	viːt͡sɛ	145
vida	vɪda	3
video	vɪdɛo	14
vídeň	viːdɛɲ	1
vidí	vɪɟiː	9
vidím	vɪɟiːm	7
vidina	vɪɟɪna	1
vidíte	vɪɟiːtɛ	7
viditelný	vɪɟɪtɛlniː	1
vidíš	vɪɟiːʃ	1
viděl	vɪɟɛl	7
viděla	vɪɟɛla	4
viděli	vɪɟɛlɪ	4
vidělo	vɪɟɛlo	2
viděn	vɪɟɛn	1
vidění	vɪɟɛɲiː	8
viktor	vɪktor	5
vila	vɪla	5
vilda	vɪlda	1
vilém	vɪlɛːm	1
vilka	vɪlka	1
vílu	viːlu	1
vily	vɪlɪ	7
víly	viːlɪ	1
vím	viːm	13
víme	viːmɛ	11
vírou	viːrou̯	1
viru	vɪru	3
virus	vɪrus	1
viry	vɪrɪ	1
vít	viːt	2
vítám	viːtaːm	1
vítaný	viːtaniː	1
vítek	viːtɛk	1
vítězný	viːcɛzniː	1
vítězství	viːcɛstviː	12
viz	vɪs	8
vize	vɪzɛ	2
vizuální	vɪzuaːlɲiː	4
vízum	viːzum	2
víře	viːr̝ɛ	4
víš	viːʃ	2
vladař	vladar̝̊	1
vládce	vlaːt͡sɛ	2
vladimír	vlaɟɪmiːr	5
vladimíra	vlaɟɪmiːra	2
vladislava	vlaɟɪslava	1
vládní	vlaːdɲiː	11
vládnout	vlaːdnou̯t	2
vlajkový	vlajkoviː	1
vlast	vlast	1
vlasta	vlasta	2
vlastimil	vlascɪmɪl	1
vlastizrada	vlascɪzrada	1
vlastnit	vlastɲɪt	1
vlastně	vlastɲɛ	34
vlasy	vlasɪ	5
vlhkost	vl̩xkost	1
vlhký	vl̩xkiː	1
vliv	vlɪf	23
vlkodlak	vl̩kodlak	1
vlna	vl̩na	7
vloupání	vlou̯paːɲiː	1
vložit	vloʒɪt	1
vnímání	vɲiːmaːɲiː	2
vnímat	vɲiːmat	1
vnitrozemí	vɲɪtrozɛmiː	2
vnitřní	vɲɪtr̝̊ɲiː	4
vnuk	vnuk	2
vnučka	vnut͡ʃka	1
vnější	vɲɛjʃiː	5
vod	vot	1
vodách	vodaːx	2
vodítko	voɟiːtko	1
vodoměr	vodomɲɛr	2
vodopád	vodopaːt	1
vodou	vodou̯	5
vodu	vodu	6
vody	vodɪ	21
vodě	voɟɛ	3
voják	vojaːk	3
vojenský	vojɛnskiː	3
vojtěch	vojcɛx	5
vokál	vokaːl	1
vola	vola	1
volá	volaː	1
volám	volaːm	2
volání	volaːɲiː	4
volba	volba	6
volební	volɛbɲiː	17
volič	volɪt͡ʃ	1
volná	volnaː	2
volně	volɲɛ	6
vosa	vosa	1
voze	vozɛ	3
vozech	vozɛx	2
vozem	vozɛm	3
vozidlo	vozɪdlo	1
vozit	vozɪt	2
vozu	vozu	8
vozů	vozuː	12
vozy	vozɪ	9
voňavka	voɲafka	1
vpřed	fpr̝̊ɛt	3
vrah	vrax	6
vratislav	vracɪslaf	1
vražda	vraʒda	2
vraždit	vraʒɟɪt	1
vrchol	vr̩xol	3
vsi	fsɪ	1
vstávat	fstaːvat	4
vstupovat	fstupovat	2
vstříc	fstr̝̊iːt͡s	3
vstřícný	fstr̝̊iːt͡sniː	2
vteřina	ftɛr̝ɪna	1
vtip	fcɪp	3
vtipně	fcɪpɲɛ	1
vůdce	vuːt͡sɛ	7
vůdcovství	vuːt͡sofstviː	1
vůle	vuːlɛ	3
vůně	vuːɲɛ	3
vůči	vuːt͡ʃɪ	17
vybavení	vɪbavɛɲiː	10
vybavený	vɪbavɛniː	2
vybavit	vɪbavɪt	1
výbor	viːbor	5
vybraný	vɪbraniː	1
výbuch	viːbux	2
výběr	viːbjɛr	11
vycházet	vɪxaːzɛt	2
východ	viːxot	6
výchova	viːxova	2
vychovat	vɪxovat	2
vychovávat	vɪxovaːvat	1
vychutnat	vɪxutnat	3
výcvik	viːt͡svɪk	1
výdaj	viːdaj	1
vydání	vɪdaːɲiː	8
vydat	vɪdat	8
vydávat	vɪdaːvat	5
vydavatel	vɪdavatɛl	3
vyder	vɪdɛr	1
vydírání	vɪɟiːraːɲiː	2
vydírat	vɪɟiːrat	1
vydru	vɪdru	1
vydry	vɪdrɪ	1
vydržet	vɪdr̩ʒɛt	1
výdělek	viːɟɛlɛk	1
vyhazov	vɪɦazof	1
vyhláška	vɪɦlaːʃka	2
výhled	viːɦlɛt	2
vyhledávač	vɪɦlɛdaːvat͡ʃ	2
vyhlídka	vɪɦliːtka	1
vyhnout	vɪɦnou̯t	6
výhoda	viːɦoda	1
vyhodit	vɪɦoɟɪt	1
vyhodnotit	vɪɦodnocɪt	1
výhodný	viːɦodniː	1
vyhovovat	vɪɦovovat	1
vyhrazený	vɪɦrazɛniː	2
vyjádření	vɪjaːdr̝ɛɲiː	5
vyjednat	vɪjɛdnat	1
vyjednávat	vɪjɛdnaːvat	1
vyjednavač	vɪjɛdnavat͡ʃ	2
výjimečný	viːjɪmɛt͡ʃniː	3
výjimečně	viːjɪmɛt͡ʃɲɛ	1
vyjít	vɪjiːt	3
výklad	viːklat	3
výkon	viːkon	10
výkonný	viːkoniː	1
výkonnější	viːkoɲɛjʃiː	1
vylepšit	vɪlɛpʃɪt	1
vylepšovat	vɪlɛpʃovat	1
výlet	viːlɛt	2
vyléčit	vɪlɛːt͡ʃɪt	1
vylíčit	vɪliːt͡ʃɪt	1
vyloučit	vɪlou̯t͡ʃɪt	3
vyložit	vɪloʒɪt	1
vymezovat	vɪmɛzovat	1
vymyslet	vɪmɪslɛt	1
výměna	viːmɲɛna	2
vynikající	vɪɲɪkajiːt͡siː	3
vynutit	vɪnucɪt	1
výpis	viːpɪs	2
vyplatit	vɪplacɪt	1
vyplnit	vɪpl̩ɲɪt	1
vypnout	vɪpnou̯t	2
vypovídat	vɪpoviːdat	1
vypovědět	vɪpovjɛɟɛt	1
výpověď	viːpovjɛc	4
výpočet	viːpot͡ʃɛt	1
výpočetní	viːpot͡ʃɛtɲiː	1
výprava	viːprava	3
vyprávění	vɪpraːvjɛɲiː	2
vyprávět	vɪpraːvjɛt	1
vypsat	vɪpsat	2
výraz	viːras	1
výrazný	viːrazniː	3
výrazně	viːrazɲɛ	26
výroba	viːroba	5
výrobce	viːropt͡sɛ	8
výrobek	viːrobɛk	2
vyrobený	vɪrobɛniː	1
vyrobit	vɪrobɪt	2
výrobní	viːrobɲiː	3
vyrovnat	vɪrovnat	5
vyrovnávat	vɪrovnaːvat	1
výročí	viːrot͡ʃiː	7
výroční	viːrot͡ʃɲiː	3
vysílač	vɪsiːlat͡ʃ	1
výskyt	viːskɪt	2
vysledovat	vɪslɛdovat	1
vyslovit	vɪslovɪt	1
vysoce	vɪsot͡sɛ	5
vysoko	vɪsoko	2
vystavení	vɪstavɛɲiː	1
výstaviště	viːstavɪʃcɛ	5
výstroj	viːstroj	1
výstup	viːstup	3
výstřední	viːstr̝̊ɛdɲiː	1
vysvětlení	vɪsvjɛtlɛɲiː	2
vysvětlovat	vɪsvjɛtlovat	2
výt	viːt	1
vytáhnout	vɪtaːɦnou̯t	1
výtisk	viːcɪsk	1
vytisknout	vɪcɪsknou̯t	2
vytrvalost	vɪtr̩valost	1
výuka	viːuka	3
vyústit	vɪuːscɪt	1
vyučování	vɪut͡ʃovaːɲiː	1
využít	vɪuʒiːt	16
využití	vɪuʒɪciː	14
využívat	vɪuʒiːvat	9
vyvíjet	vɪviːjɛt	1
vyvinout	vɪvɪnou̯t	1
vývoj	viːvoj	11
vyvolat	vɪvolat	1
vyzkoušet	vɪskou̯ʃɛt	6
význam	viːznam	7
vyznamenání	vɪznamɛnaːɲiː	3
významný	viːznamniː	7
významně	viːznamɲɛ	5
výzva	viːzva	7
vyzvat	vɪzvat	2
vyřešit	vɪr̝ɛʃɪt	3
vyřídit	vɪr̝iːɟɪt	3
výše	viːʃɛ	21
vyšetření	vɪʃɛtr̝̊ɛɲiː	8
vyšetřovatel	vɪʃɛtr̝̊ovatɛl	1
výškový	viːʃkoviː	1
vyšší	vɪʃiː	26
vyšťavit	vɪʃcavɪt	1
vyžadovat	vɪʒadovat	2
výživné	viːʒɪvnɛː	1
vzácný	vzaːt͡sniː	2
vzadu	vzadu	2
vzájemně	vzaːjɛmɲɛ	3
vzal	vzal	7
vzala	vzala	4
vzali	vzalɪ	5
vzápětí	vzaːpjɛciː	5
vzato	vzato	2
vzbudit	vzbuɟɪt	1
vzdálené	vzdaːlɛnɛː	1
vzdálenost	vzdaːlɛnost	4
vzdáleně	vzdaːlɛɲɛ	1
vzdělání	vzɟɛlaːɲiː	6
vzdělaný	vzɟɛlaniː	3
vzdělávací	vzɟɛlaːvat͡siː	2
vzhled	vzɦlɛt	1
vzhledem	vzɦlɛdɛm	13
vzhůru	vzɦuːru	3
vzlet	vzlɛt	2
vzniknout	vzɲɪknou̯t	8
vzorek	vzorɛk	3
vzpamatovat	fspamatovat	1
vzpomenout	fspomɛnou̯t	1
vzpomínat	fspomiːnat	2
včas	ft͡ʃas	4
včerejší	ft͡ʃɛrɛjʃiː	2
včetně	ft͡ʃɛtɲɛ	39
věda	vjɛda	6
vědí	vjɛɟiː	3
vědom	vjɛdom	4
vědomí	vjɛdomiː	5
věděl	vjɛɟɛl	8
věděla	vjɛɟɛla	4
věděli	vjɛɟɛlɪ	6
vědělo	vjɛɟɛlo	3
věnovat	vjɛnovat	4
věra	vjɛra	9
věrohodný	vjɛroɦodniː	1
větší	vjɛtʃiː	36
většina	vjɛtʃɪna	25
většinou	vjɛt͡ʃɪnou̯	21
většinový	vjɛtʃɪnoviː	1
vězení	vjɛzɛɲiː	20
vězeň	vjɛzɛɲ	1
vězte	vjɛstɛ	2
věčná	vjɛt͡ʃnaː	1
věčný	vjɛt͡ʃniː	1
věří	vjɛr̝iː	8
věřící	vjɛr̝iːt͡siː	3
věřil	vjɛr̝ɪl	1
věřila	vjɛr̝ɪla	1
věřím	vjɛr̝iːm	5
věřte	vjɛr̝̊tɛ	1
věž	vjɛʃ	3
věže	vjɛʒɛ	2
věži	vjɛʒɪ	2
věží	vjɛʒiː	1
vřele	vr̝ɛlɛ	1
však	fʃak	149
vše	fʃɛ	58
všechno	fʃɛxno	34
všechny	fʃɛxnɪ	74
všední	fʃɛdɲiː	2
vší	fʃiː	2
všichni	fʃɪxɲɪ	57
všímat	fʃiːmat	1
všimnout	fʃɪmnou̯t	1
vždycky	vʒdɪt͡skɪ	15
vždyť	vʒdɪc	11
zábava	zaːbava	1
zábavní	zaːbavɲiː	2
zábavný	zaːbavniː	1
zabíjet	zabiːjɛt	2
zabil	zabɪl	7
zabila	zabɪla	1
zabili	zabɪlɪ	4
zabily	zabɪlɪ	1
zabit	zabɪt	1
zabití	zabɪciː	2
zablokovat	zablokovat	1
zábradlí	zaːbradliː	2
zabránit	zabraːɲɪt	9
zabrat	zabrat	1
zabývat	zabiːvat	8
zacházení	zaxaːzɛɲiː	2
zacházet	zaxaːzɛt	1
zachování	zaxovaːɲiː	1
zachovat	zaxovat	4
záchrana	zaːxrana	2
zachránit	zaxraːɲɪt	4
zachraňovat	zaxraɲovat	1
zachytit	zaxɪcɪt	2
záda	zaːda	2
zadání	zadaːɲiː	4
zadarmo	zadarmo	5
zadat	zadat	1
zadávat	zadaːvat	1
zadek	zadɛk	1
zadnice	zadɲɪt͡sɛ	1
zadržet	zadr̩ʒɛt	1
záhadně	zaːɦadɲɛ	1
zahradní	zaɦradɲiː	1
zahraničí	zaɦraɲɪt͡ʃiː	24
zahraniční	zaɦraɲɪt͡ʃɲiː	9
zahřát	zaɦr̝aːt	1
zájem	zaːjɛm	45
zajetí	zajɛciː	2
zaječice	zajɛt͡ʃɪt͡sɛ	1
zajíc	zajiːt͡s	1
zajisté	zajɪstɛː	3
zajistit	zajɪscɪt	13
zajištění	zajɪʃcɛɲiː	3
zakázaný	zakaːzaniː	1
zakázat	zakaːzat	2
zákazník	zaːkazɲiːk	8
základ	zaːklat	5
zakládající	zaklaːdajiːt͡siː	1
zakládat	zaklaːdat	1
zakladatel	zakladatɛl	6
základy	zaːkladɪ	5
zakletý	zaklɛtiː	1
zákon	zaːkon	28
zákoník	zaːkoɲiːk	3
zákonitě	zaːkoɲɪcɛ	1
zákonodárce	zaːkonodaːrt͡sɛ	2
zákrok	zaːkrok	3
zakrýt	zakriːt	2
záletník	zaːlɛtɲiːk	1
záležet	zaːlɛʒɛt	1
záležitost	zaːlɛʒɪtost	7
založení	zaloʒɛɲiː	8
založit	zaloʒɪt	3
záložka	zaːloʃka	1
záložní	zaːloʒɲiː	1
záložník	zaːloʒɲiːk	2
zámek	zaːmɛk	9
zamíchat	zamiːxat	1
záminka	zaːmɪŋka	1
zamířit	zamiːr̝ɪt	1
zamknout	zamknou̯t	1
záměr	zaːmɲɛr	5
záměrně	zaːmɲɛrɲɛ	1
zaměstnat	zamɲɛstnat	1
zaměstnavatel	zamɲɛstnavatɛl	6
zaměření	zamɲɛr̝ɛɲiː	2
zaměřit	zamɲɛr̝ɪt	2
zanedbání	zanɛdbaːɲiː	1
zanedlouho	zanɛdlou̯ɦo	1
zapadnout	zapadnou̯t	1
západně	zaːpadɲɛ	1
zápal	zaːpal	1
zapálit	zapaːlɪt	1
zápis	zaːpɪs	2
zápisník	zaːpɪsɲiːk	2
zapomenout	zapomɛnou̯t	3
zapsat	zapsat	2
zapustit	zapuscɪt	1
zápěstí	zaːpjɛsciː	1
zareagovat	zarɛaɡovat	1
zároveň	zaːrovɛɲ	42
zaručit	zarut͡ʃɪt	1
zásada	zaːsada	1
zásadní	zaːsadɲiː	16
zásah	zaːsax	1
zasáhnout	zasaːɦnou̯t	1
zasahovat	zasaɦovat	2
zasedání	zasɛdaːɲiː	7
zastánce	zastaːnt͡sɛ	1
zastaralý	zastaraliː	2
zastrašit	zastraʃɪt	1
zastrašování	zastraʃovaːɲiː	1
zástupce	zaːstupt͡sɛ	10
zástupkyně	zaːstupkɪɲɛ	3
zastřelit	zastr̝̊ɛlɪt	2
zatáhnout	zataːɦnou̯t	1
zatemnit	zatɛmɲɪt	1
zatím	zaciːm	81
zatracený	zatrat͡sɛniː	2
zatykač	zatɪkat͡ʃ	3
závada	zaːvada	1
závazek	zaːvazɛk	1
zavedení	zavɛdɛɲiː	11
zavést	zavɛːst	11
záviset	zaːvɪsɛt	1
závislost	zaːvɪslost	4
závěr	zaːvjɛr	10
záznam	zaːznam	2
zaznamenat	zaznamɛnat	1
zazpívá	zaspiːvaː	1
začlenit	zat͡ʃlɛɲɪt	2
zařadit	zar̝aɟɪt	6
zařídit	zar̝iːɟɪt	1
zářivý	zaːr̝ɪviː	1
zařízení	zar̝iːzɛɲiː	23
zažít	zaʒiːt	1
zážitek	zaːʒɪtɛk	8
zbavit	zbavɪt	6
zbyněk	zbɪɲɛk	1
zbytek	zbɪtɛk	7
zcela	st͡sɛla	44
zda	zda	59
zdaleka	zdalɛka	9
zdali	zdalɪ	1
zdanění	zdaɲɛɲiː	3
zdát	zdaːt	1
zde	zdɛ	75
zdech	zdɛx	4
zdejší	zdɛjʃiː	8
zdeňka	zdɛɲka	1
zdi	zɟɪ	5
zdí	zɟiː	1
zdivo	zɟɪvo	1
zdmi	zdmɪ	1
zdobit	zdobɪt	1
zdraví	zdraviː	15
zdravíčko	zdraviːt͡ʃko	1
zdravotní	zdravotɲiː	15
zdravotnictví	zdravotɲɪt͡stviː	11
zdrojový	zdrojoviː	1
zdržovat	zdr̩ʒovat	1
zdůraznit	zduːrazɲɪt	4
zdůvodnit	zduːvodɲɪt	1
zedník	zɛdɲiːk	1
zejména	zɛjmɛːna	53
zelená	zɛlɛnaː	4
zelené	zɛlɛnɛː	7
zelení	zɛlɛɲiː	1
zem	zɛm	3
zeman	zɛman	66
zemanův	zɛmanuːf	2
zemi	zemɪ	29
země	zɛmɲɛ	47
zemědělec	zɛmɲɛɟɛlɛt͡s	1
zemědělský	zɛmɲɛɟɛlskiː	1
zemědělství	zɛmɲɛɟɛlstviː	12
zeměkoule	zɛmɲɛkou̯lɛ	1
zemřít	zɛmr̝iːt	1
zevnitř	zɛvɲɪtr̝̊	2
zeď	zɛc	2
zhořelec	zɦor̝ɛlɛt͡s	1
zhroucení	zɦrou̯t͡sɛɲiː	1
zhruba	zɦruba	47
zhubnout	zɦubnou̯t	1
zikmund	zɪkmunt	1
zimní	zɪmɲiː	12
zimě	zɪmɲɛ	5
zisk	zɪsk	18
získat	ziːskat	16
zjednodušení	zjɛdnoduʃɛɲiː	1
zjevení	zjɛvɛɲiː	1
zjevně	zjɛvɲɛ	4
zjistit	zjɪscɪt	5
zjištění	zjɪʃcɛɲiː	4
zkazit	skazɪt	1
zkoumat	skou̯mat	1
zkoušet	skou̯ʃɛt	1
zkrácení	skraːt͡sɛɲiː	2
zkrachovat	skraxovat	1
zkrátit	skraːcɪt	2
zkratka	skratka	1
zkrátka	skraːtka	8
zkrotit	skrocɪt	1
zkušenost	skuʃɛnost	5
zla	zla	3
zlata	zlata	2
zlatá	zlataː	1
zlato	zlato	9
zle	zlɛ	3
zlepšení	zlɛpʃɛɲiː	6
zlepšit	zlɛpʃɪt	3
zlepšovat	zlɛpʃovat	2
zlo	zlo	2
zloděj	zloɟɛj	4
zloděje	zloɟɛjɛ	1
zlomek	zlomɛk	3
zlost	zlost	2
zločin	zlot͡ʃɪn	2
zmenšit	zmɛnʃɪt	1
zmínit	zmiːɲɪt	1
zmírnění	zmiːrɲɛɲiː	3
zmizet	zmɪzɛt	2
zmocněnec	zmot͡sɲɛnɛt͡s	1
zmrzl	zmr̩zl̩	2
změna	zm̩ɲɛna	4
zná	znaː	11
znají	znajiː	4
znala	znala	1
znali	znalɪ	4
znám	znaːm	6
známe	znaːmɛ	3
znamení	znamɛɲiː	5
znárodnění	znaːrodɲɛɲiː	2
znásilnění	znaːsɪlɲɛɲiː	3
znáte	znaːtɛ	1
značný	znat͡ʃniː	3
značně	znat͡ʃɲɛ	2
znevažovat	znɛvaʒovat	1
znečištěný	znɛt͡ʃɪʃcɛniː	1
zničení	zɲɪt͡ʃɛɲiː	1
znojmo	znojmo	3
znovu	znovu	46
znovuzvolení	znovuzvolɛɲiː	2
znění	zɲɛɲiː	3
zobrazení	zobrazɛɲiː	3
zodpovídat	zotpoviːdat	1
zóna	zoːna	2
zopakovat	zopakovat	1
zotročovat	zotrot͡ʃovat	1
zpaměti	spamɲɛcɪ	1
zpátky	spaːtkɪ	7
zpochybnit	spoxɪbɲɪt	1
zpochybňovat	spoxɪbɲovat	1
zpomalení	spomalɛɲiː	1
zpovědník	spovjɛdɲiːk	1
zpočátku	spot͡ʃaːtku	3
zpracování	sprat͡sovaːɲiː	12
zpracovat	sprat͡sovat	2
zpracovávat	sprat͡sovaːvat	1
zpravidla	spravɪdla	6
zpravodaj	spravodaj	1
způsob	spuːsop	13
způsobit	spuːsobɪt	2
zpět	spjɛt	12
zpěv	spjɛf	2
zrak	zrak	2
zralost	zralost	1
zrání	zraːɲiː	1
zranění	zraɲɛɲiː	13
zrní	zr̩ɲiː	1
zrovna	zrovna	17
zrušení	zruʃɛɲiː	12
zrušit	zruʃɪt	5
zrychlení	zrɪxlɛɲiː	1
zrychlovat	zrɪxlovat	1
ztracený	strat͡sɛniː	1
ztěžka	scɛʃka	1
zuzana	zuzana	3
zúčastnit	zuːt͡ʃastɲɪt	3
zúžení	zuːʒɛɲiː	1
zvaný	zvaniː	1
zvednout	zvɛdnou̯t	3
zvenčí	zvɛnt͡ʃiː	1
zveřejnit	zvɛr̝ɛjɲɪt	2
zveřejnění	zvɛr̝ɛjɲɛɲiː	3
zveřejňovat	zvɛr̝ɛjɲovat	2
zvířátko	zviːr̝aːtko	1
zvířecí	zviːr̝ɛt͡siː	2
zvládnout	zvlaːdnou̯t	4
zvláště	zvlaːʃcɛ	10
zvolit	zvolɪt	7
zvon	zvon	1
zvracení	zvrat͡sɛɲiː	1
zvyk	zvɪk	1
zvyklý	zvɪkliː	4
zvyknout	zvɪknou̯t	1
zvýšení	zviːʃɛɲiː	11
zvýšený	zviːʃɛniː	3
zvýšit	zviːʃɪt	6
zvyšování	zvɪʃovaːɲiː	2
zvyšovat	zvɪʃovat	2
zvědavost	zvjɛdavost	1
zvědavý	zvjɛdaviː	1
zvětšit	zvjɛtʃɪt	3
zčásti	st͡ʃaːscɪ	2
zřejmě	zr̝ɛjm̩ɲɛ	32
zřetelný	zr̝ɛtɛlniː	1
čajovna	t͡ʃajovna	1
čapek	t͡ʃapɛk	1
čapí	t͡ʃapiː	1
čapka	t͡ʃapka	2
čardáš	t͡ʃardaːʃ	1
čarodějnice	t͡ʃaroɟɛjɲɪt͡sɛ	1
čarovat	t͡ʃarovat	1
čáry	t͡ʃaːrɪ	1
časový	t͡ʃasoviː	2
časově	t͡ʃasovjɛ	3
část	t͡ʃaːst	44
částečně	t͡ʃaːstɛt͡ʃɲɛ	8
částka	t͡ʃaːstka	6
častokrát	t͡ʃastokraːt	1
čech	t͡ʃɛx	10
čekají	t͡ʃɛkajiː	12
čekáme	t͡ʃɛkaːmɛ	1
čekání	t͡ʃɛkaːɲiː	1
čekáte	t͡ʃɛkaːtɛ	1
čela	t͡ʃɛla	5
čele	t͡ʃɛlɛ	13
čelem	t͡ʃɛlɛm	2
čelí	t͡ʃɛliː	2
čelil	t͡ʃɛlɪl	2
čelila	t͡ʃɛlɪla	1
čelit	t͡ʃɛlɪt	1
čelní	t͡ʃɛlɲiː	1
čermáková	t͡ʃɛrmaːkovaː	1
černá	t͡ʃɛrnaː	3
černé	t͡ʃɛrnɛː	2
černý	t͡ʃɛrniː	5
čerpací	t͡ʃɛrpat͡siː	1
čerpadlo	t͡ʃɛrpadlo	1
čerpat	t͡ʃɛrpat	2
čerstvý	t͡ʃɛrstviː	1
čert	t͡ʃɛrt	1
čerti	t͡ʃɛrcɪ	1
čertův	t͡ʃɛrtuːf	1
červená	t͡ʃɛrvɛnaː	1
července	t͡ʃɛrvɛnt͡sɛ	10
červené	t͡ʃɛrvɛnɛː	4
června	t͡ʃɛrvna	16
československo	t͡ʃɛskoslovɛnsko	2
československý	t͡ʃɛskoslovɛnskiː	1
česky	t͡ʃɛskɪ	6
čest	t͡ʃɛst	2
čestný	t͡ʃɛstniː	1
čečensko	t͡ʃɛt͡ʃɛnsko	1
či	t͡ʃɪ	146
čich	t͡ʃɪx	1
čili	t͡ʃɪlɪ	2
čím	t͡ʃiːm	24
čína	t͡ʃiːna	7
čína	t͡ʃiːna	7
činem	t͡ʃɪnɛm	2
činit	t͡ʃɪɲɪt	3
činnost	t͡ʃɪnost	14
čínský	t͡ʃiːnskiː	1
činu	t͡ʃɪnu	4
činy	t͡ʃɪnɪ	6
čistit	t͡ʃɪscɪt	1
čistka	t͡ʃɪstka	1
čitelný	t͡ʃɪtɛlniː	1
čížek	t͡ʃiːʒɛk	1
čížek	t͡ʃiːʒɛk	1
člen	t͡ʃlɛn	6
členka	t͡ʃlɛŋka	1
členství	t͡ʃlɛnstviː	1
čtenář	t͡ʃtɛnaːr̝̊	1
čtení	t͡ʃtɛɲiː	6
čtvrtek	t͡ʃtvr̩tɛk	19
čtvrtfinále	t͡ʃtvr̩tfɪnaːlɛ	6
čtvrtina	t͡ʃtvr̩cɪna	4
čtvrtka	t͡ʃtvr̩tka	1
čtyřlístek	t͡ʃtɪr̝liːstɛk	1
čuba	t͡ʃuba	1
čumět	t͡ʃumɲɛt	1
řad	r̝at	5
řadách	r̝adaːx	1
řádný	r̝aːdniː	2
řadu	r̝adu	25
řádu	r̝aːdu	8
řady	r̝adɪ	8
řády	r̝aːdɪ	2
řadě	r̝aɟɛ	16
řádění	r̝aːɟɛɲiː	1
řecká	r̝ɛt͡skaː	1
řecko	r̝ɛt͡sko	2
řecký	r̝ɛt͡skiː	1
ředitelka	r̝ɛɟɪtɛlka	6
ředitelství	r̝ɛɟɪtɛlstviː	1
řekla	r̝ɛkla	15
řekne	r̝ɛknɛ	5
řetěz	r̝ɛcɛs	2
řetězec	r̝ɛcɛzɛt͡s	5
řezník	r̝ɛzɲiːk	1
řeč	r̝ɛt͡ʃ	4
řešení	r̝ɛʃɛɲiː	32
řešit	r̝ɛʃɪt	11
řež	r̝ɛʃ	1
říci	r̝iːt͡sɪ	13
řídící	r̝iːɟiːt͡siː	1
řidičák	r̝ɪɟɪt͡ʃaːk	1
řidička	r̝ɪɟɪt͡ʃka	1
října	r̝iːjna	13
říjnový	r̝iːjnoviː	1
říká	r̝iːkaː	106
řízení	r̝iːzɛɲiː	25
říše	r̝iːʃɛ	4
šachy	ʃaxɪ	1
šalamoun	ʃalamou̯n	1
šátek	ʃaːtɛk	2
šebesta	ʃɛbɛsta	1
šéf	ʃɛːf	30
šéfredaktor	ʃɛːfrɛdaktor	1
šel	ʃɛl	5
šelma	ʃɛlma	1
šestkrát	ʃɛstkraːt	1
šestnáctiletý	ʃɛstnaːt͡scɪlɛtiː	2
šestnáctkrát	ʃɛstnaːt͡stkraːt	1
šetřit	ʃɛtr̝̊ɪt	1
šídlo	ʃiːdlo	2
šikanovat	ʃɪkanovat	1
šil	ʃɪl	1
šílenec	ʃiːlɛnɛt͡s	1
šílenství	ʃiːlɛnstviː	2
šílený	ʃiːlɛniː	2
šilhavý	ʃɪlɦaviː	1
šimek	ʃɪmɛk	2
šimon	ʃɪmon	1
širokospektrální	ʃɪrokospɛktraːlɲiː	1
šířit	ʃiːr̝ɪt	1
škála	ʃkaːla	1
škoda	ʃkoda	21
škoda	ʃkoda	21
škodit	ʃkoɟɪt	1
škodovka	ʃkodofka	3
škodovka	ʃkodofka	3
školní	ʃkolɲiː	9
škrtil	ʃkr̩cɪl	3
šla	ʃla	5
šlechta	ʃlɛxta	2
šmejd	ʃmɛjt	1
šofér	ʃofɛːr	1
šok	ʃok	5
šokující	ʃokujiːt͡siː	4
špalek	ʃpalɛk	1
španělka	ʃpaɲɛlka	1
španělsko	ʃpaɲɛlsko	1
španělský	ʃpaɲɛlskiː	2
špaček	ʃpat͡ʃɛk	1
špaček	ʃpat͡ʃɛk	1
špehovat	ʃpɛɦovat	1
špek	ʃpɛk	1
špína	ʃpiːna	1
šrot	ʃrot	1
šroub	ʃrou̯p	1
štáb	ʃtaːp	1
štefan	ʃtɛfan	1
štípat	ʃciːpat	1
štít	ʃciːt	1
štědrý	ʃcɛdriː	2
štěpán	ʃcɛpaːn	1
štěpánek	ʃcɛpaːnɛk	2
štěrk	ʃcɛrk	1
štěstí	ʃcɛsciː	15
štětina	ʃcɛcɪna	2
šuplík	ʃupliːk	1
šváb	ʃvaːp	1
šváb	ʃvaːp	1
švagr	ʃvaɡr̩	1
švec	ʃvɛt͡s	2
švédsko	ʃvɛːtsko	1
švýcarsko	ʃviːt͡sarsko	4
šňůra	ʃɲuːra	1
šťávou	ʃcaːvou̯	2
šťávu	ʃcaːvu	1
žabička	ʒabɪt͡ʃka	1
žabomyší	ʒabomɪʃiː	1
žádat	ʒaːdat	2
žádost	ʒaːdost	4
žádoucí	ʒaːdou̯t͡siː	2
žaloba	ʒaloba	1
žalobce	ʒalopt͡sɛ	1
žalobkyně	ʒalopkɪɲɛ	1
žalostný	ʒalostniː	1
žalovat	ʒalovat	3
žaludek	ʒaludɛk	1
žačka	ʒat͡ʃka	1
žebříček	ʒɛbr̝iːt͡ʃɛk	1
žehlit	ʒɛɦlɪt	1
železnice	ʒɛlɛzɲɪt͡sɛ	2
železniční	ʒɛlɛzɲɪt͡ʃɲiː	5
železný	ʒɛlɛzniː	2
žen	ʒɛn	27
ženách	ʒɛnaːx	1
ženám	ʒɛnaːm	4
ženami	ʒɛnamɪ	4
žene	ʒɛnɛ	1
ženeme	ʒɛnɛmɛ	1
ženit	ʒɛɲɪt	1
ženou	ʒɛnou̯	5
ženská	ʒɛnskaː	3
ženský	ʒɛnskiː	3
ženu	ʒɛnu	10
ženy	ʒɛnɪ	40
ženě	ʒɛɲɛ	3
žhář	ʒɦaːr̝̊	2
žid	ʒɪt	1
židé	ʒɪdɛː	3
židi	ʒɪɟɪ	1
židovský	ʒɪdofskiː	3
židů	ʒɪduː	4
židům	ʒɪduːm	1
židy	ʒɪdɪ	3
žijící	ʒɪjiːt͡siː	2
živit	ʒɪvɪt	2
životní	ʒɪvotɲiː	22
životnost	ʒɪvotnost	1
životopis	ʒɪvotopɪs	3
živočišný	ʒɪvot͡ʃɪʃniː	1
žralok	ʒralok	1
