a	ə	7056
á	ɑː	164
ab	abˠ	178
ab	əbˠ	178
abair	abˠəɾʲ	5
abairt	abˠəɾʲtʲ	4
ábalta	ɑːbˠəl̪ˠt̪ˠə	17
ábalta	æːbˠəl̪ˠt̪ˠə	17
abhainn	əunʲ	49
abhainn	əun̠ʲ	49
abhainn	oːn̠ʲ	49
abhann	əun̪ˠ	6
abhann	əun̪ˠ	6
abhann	əuən̪ˠ	6
abhann	oːn̪ˠ	6
ábhar	ɑːvˠəɾˠ	80
ábhar	ɑːwəɾˠ	80
ábhar	æːwəɾˠ	80
abhus	əvˠʊsˠ	3
abhus	əwʊsˠ	3
ach	ɑx	775
ach	ax	775
achadh	axə	16
achadh	axuː	16
achadh	axu	16
achar	axəɾˠ	14
acht	ɑxt̪ˠ	22
acht	axt̪ˠ	22
acht	ɑx	22
acht	ax	22
acht	ɑxt̪ˠ	22
acht	axt̪ˠ	22
acu	akə	228
acu	aku	228
acu	əku	228
acu	ɑkəbˠ	228
acu	akəbˠ	228
acu	apˠək	228
acusan	akəsˠənˠ	3
acusan	akusˠənˠ	3
acusan	əkusˠənˠ	3
acusan	ɑkəpˠsˠənˠ	3
acusan	akəpˠsˠənˠ	3
ad	əd̪ˠ	10
adharc	əiɾˠk	1
adharc	əiəɾˠk	1
adharca	əiɾˠkə	3
adharca	əiəɾˠkə	3
adhmad	əimˠəd̪ˠ	14
adhmad	ɑːmˠəd̪ˠ	14
adhmad	æːmˠəd̪ˠ	14
aeir	eːɾʲ	9
aer	eːɾˠ	27
aerach	eːɾˠəx	6
aerach	eːɾˠah	6
aeráid	eːɾˠɑːdʲ	7
aeráid	eːɾˠɑːdʲ	7
aeráid	eːɾˠædʲ	7
aerfort	eːɾˠfɔɾˠt̪ˠ	4
aerga	eːɾˠɡə	3
ag	ə	1755
ag	əɡ	1755
ag	əɟ	1755
ag	ɛɟ	1755
ag	ɛɟ	1755
againn	aɡən̠ʲ	12
againn	əɡɪnʲ	12
againn	əɣɪnʲ	12
againn	aɡən̠ʲ	12
againn	æːn̠ʲ	12
againne	aɡən̠ʲə	2
againne	æn̠ʲə	2
agam	aɡəmˠ	4
agam	əɡɑmˠ	4
agam	əɣɑmˠ	4
agam	ɑɡəmˠ	4
agam	aɡəmˠ	4
agat	aɡət̪ˠ	6
agat	əɡɑt̪ˠ	6
agat	əɣɑt̪ˠ	6
agat	ɑːɡət̪ˠ	6
agatsa	ɑɡət̪ˠsˠə	1
aghaidh	əiɟ	111
aghaidh	əi	111
aghaidh	əi	111
aghaidh	əiə	111
agus	ɑɡəsˠ	4743
agus	ɡəsˠ	4743
agus	aɡəsˠ	4743
agus	ɡəsˠ	4743
aibhneacha	avʲnʲəxə	2
aibhneacha	əivʲn̠ʲəxə	2
aibhneacha	əivʲnəxə	2
aibhneacha	uəvn̠ʲəxə	2
aibhneacha	əivʲn̠ʲəxiː	2
aibí	apˠi	4
aibíd	æbʲiːdʲ	1
aibreán	abʲəɾʲɑːn̪ˠ	30
aibreán	ɑbˠəɾˠɑːn̪ˠ	30
aibreán	əibʲɾʲɑːn	30
aice	acɪ	29
aice	ɛcɪ	29
aici	ɛcɪ	53
aici	ɪcɪ	53
aici	ɛcɪ	53
aici	ɛciː	53
aicme	acmʲə	17
aidiacht	adʲiəxt̪ˠ	6
aidiacht	adʲiəxt̪ˠ	6
aidiacht	adʲaht̪ˠ	6
aifreann	afʲɾʲən̪ˠ	3
aifreann	afʲɾʲən̪ˠ	3
aifreann	ɪfʲɾʲən̪ˠ	3
aifreann	æfʲɾʲən̪ˠ	3
aige	ɛɟə	256
aige	ɪɟɛ	256
aige	ɛɟə	256
aige	ɛɟ	256
aigéan	aɟeːnˠ	3
aigesean	ɛɟəsˠən	2
aill	ɑilʲ	1
aill	ɑːl̪ˠ	1
aill	ɑːl̠ʲ	1
áille	ɑːl̠ʲə	3
áille	æːl̠ʲə	3
aimsir	amʲʃəɾʲ	17
aimsir	æmʲʃəɾʲ	17
aimsir	æːmʲʃəɾʲ	17
aimsire	amʲʃəɾʲə	9
aimsire	æmʲʃəɾʲə	9
aimsire	æːmʲʃəɾʲə	9
aingeal	æɲɟəl	1
ainm	anʲəmʲ	152
ainm	ænəmʲ	152
ainm	ænʲəmʲ	152
ainmhí	anʲəvʲiː	48
ainmneacha	anʲəmʲnʲəxə	16
ainmneacha	anʲəmʲnʲəxiː	16
ainmneacha	anʲəmʲnʲahə	16
ainneoin	anʲoːnʲ	11
ainneoin	an̠ʲoːnʲ	11
ainneoin	an̠ʲɔnʲ	11
air	aɾʲ	356
air	ɛɾʲ	356
air	əɾʲ	356
aird	ɑːɾˠdʲ	21
aird	æːɾˠdʲ	21
airde	ɑːɾˠdʲə	66
airde	iːɾˠdʲə	66
airde	ɑːɾˠdʲə	66
airde	aiɾʲdʲə	66
airde	æːɾˠdʲə	66
aire	aɾʲə	29
aire	æɾʲə	29
aire	aɾʲə	29
aire	ɑːɾʲə	29
aireachtáil	aɾʲəxt̪ˠɑːlʲ	2
aireachtáil	æːɾʲəxt̪ˠɑːlʲ	2
aireachtáil	aɾʲəxt̪ˠɑːlʲ	2
aireachtáil	aɾʲəxt̪ˠælʲ	2
airgead	aɾʲɪɟəd̪ˠ	12
airgead	æɾʲɪɟəd̪ˠ	12
airgid	aɾʲəɟədʲ	19
airgid	æɾʲəɟədʲ	19
airgid	æːɾʲəɟədʲ	19
airím	aɾʲiːmʲ	1
airím	aɾʲiːmʲ	1
airím	æɾʲiːmʲ	1
airím	aɾʲiːmʲ	1
airím	æːɾʲiːmʲ	1
airím	aɾʲimˠ	1
airméanach	aɾʲəmʲeːnˠəx	1
airméin	aɾʲəmʲeːnʲ	2
airméinis	aɾʲəmʲeːnʲəʃ	2
aisce	aʃcɪ	7
aiséirí	æʃəiɾʲə	4
áisiúil	aːʃuːlʲ	4
aisling	aʃlʲɪɲ	6
aisling	aʃlʲənʲ	6
aisling	aʃl̠ʲən̠ʲ	6
aiste	aʃtʲə	6
aisteach	æʃtʲəx	4
aisteach	aʃtʲəx	4
aistear	æʃtʲəɾʲ	2
aisteoir	əʃtʲoːɾʲ	23
aisteoir	aʃtʲoːɾʲ	23
aisteoir	aʃtʲɔɾʲ	23
aisti	aʃtʲɪ	6
aisti	aʃtʲə	6
aisti	aʃtʲə	6
aistritheoir	aʃtʲɾʲəhoːɾʲ	3
ait	atʲ	3
áit	ɑːtʲ	156
áit	æːtʲ	156
aithin	ahənʲ	3
aithin	æn	3
aithin	eːhən	3
aithin	ænʲ	3
aithint	an̠ʲtʲ	33
aithne	æn̠ʲə	27
aithne	ænə	27
aithne	æːnʲə	27
aithníodh	ahnʲiːɡ	5
aithníodh	ænʲiːvˠ	5
aithníodh	ahnʲiːfˠ	5
aithníodh	ahnʲiːw	5
aithníodh	ahnʲiːx	5
aithníodh	ænʲiːtʲ	5
aithníodh	ænʲiːx	5
aithníodh	ahnʲiːtʲ	5
aithníodh	ahnʲiːfˠ	5
aithníodh	ahnʲiːtʲ	5
aithníodh	ahnʲiːw	5
aithníonn	ahnʲiːn̪ˠ	5
aithníonn	ænʲiːn̪ˠ	5
aithreacha	ahɾʲəxə	1
aithreacha	æhɾʲəxə	1
aithreacha	æːɾʲəxiː	1
ál	ɑːl̪ˠ	1
ál	ɑːlˠ	1
ál	æːlˠ	1
álainn	ɑːl̪ˠɪɲ	3
álainn	ɑːl̪ˠənʲ	3
álainn	ɑːliːn̠ʲ	3
álainn	ɑːlˠən̠ʲ	3
álainn	æːlˠən̠ʲ	3
alastar	al̪ˠəsˠt̪ˠəɾˠ	2
alba	alˠəbˠə	1
albain	aləbˠənʲ	23
albain	aləbˠən	23
alban	aləbˠənˠ	2
albanach	alˠəbˠənəx	4
alla	al̪ˠə	2
alt	al̪ˠt̪ˠ	22
am	aumˠ	196
am	ɑːmˠ	196
am	amˠ	196
am	amˠ	196
am	əmˠ	196
am	əmˠ	196
amach	əmˠax	277
amanna	amˠən̪ˠə	2
amanna	amˠən̪ˠiː	2
amh	aw	4
amh	avˠ	4
amharc	əuəɾˠk	5
amharc	afˠəɾˠk	5
amharc	aːfˠɾˠək	5
amharclann	əuɾˠklˠən̪ˠ	5
amhlaidh	ɑvl̪ˠə	25
amhlaidh	ɑwl̪ˠə	25
amhráin	əuɾˠɑːnʲ	21
amhráin	oːɾˠɑːnʲ	21
amhráin	oːɾˠænʲ	21
amhrán	əuɾˠɑːn̪ˠ	15
amhrán	oːɾˠɑːnˠ	15
amhrán	ɑːɾˠɑːnˠ	15
amhrán	oːɾˠɑːnˠ	15
amhrán	oːɾˠænˠ	15
amhras	əuɾˠəsˠ	11
amhras	ə̃ũɾˠəsˠ	11
amhras	avˠɾˠəsˠ	11
amhras	ãvˠɾˠəsˠ	11
amhras	anˠvˠɾˠəsˠ	11
amhrasach	ɑvɾˠəsˠəx	1
amhrasach	ɑ̃vɾˠəsˠəx	1
amhrasach	ɑnvɾˠəsˠəx	1
amú	əmˠuː	3
amuigh	əmˠɪɟ	33
amuigh	əmˠɪj	33
amuigh	əmˠʊ	33
an	ənˠ	9112
an	ə	9112
an	ənˠ-	9112
an	ən̠ʲ-	9112
an	ə	9112
an	ənˠ-	9112
an	ən̠ʲ-	9112
an	ənˠ	9112
an	ən̠ʲ-	9112
anáil	ənɑːl	8
anall	ən̪ˠɑːl̪ˠ	2
anam	ɑn̪ˠəmˠ	4
anam	ɑnəmˠ	4
anam	anˠəmˠ	4
anamacha	anˠəmˠəxə	1
anamacha	an̪ˠəmˠəxiː	1
ancaire	ɑŋkəɾʲə	1
ancaire	aŋkəɾʲə	1
aneas	ən̠ʲasˠ	2
aneas	ən̠ʲæsˠ	2
aniar	ən̠ʲiəɾˠ	6
aníos	ən̠ʲiːsˠ	8
ann	aun̪ˠ	678
ann	ɑːn̪ˠ	678
ann	an̪ˠ	678
annamh	anəvˠ	11
annamh	ɑn̪ˠə	11
annamh	an̪ˠə	11
annamh	an̪ˠuː	11
annamh	an̪ˠu	11
anoir	ən̪ˠɛɾʲ	1
anois	ən̪ˠɪʃ	86
anois	ənʲɪʃ	86
anonn	ən̪ˠuːn̪ˠ	3
anseo	ənʲʃɔ	35
anseo	ən̪ˠʃɔ	35
anseo	in̠ʲʃɔ	35
anuas	ən̪ˠuəsˠ	47
aodh	eː	5
aodh	iː	5
aoibhinn	iːvʲɪɲ	1
aoibhinn	iːvʲənʲ	1
aoibhinn	iːvʲən̠ʲ	1
aoire	eːɾʲɪ	1
aoire	iːɾʲə	1
aois	iːʃ	41
aon	iːnˠ	250
aon	eːnˠ	250
aon	eːnˠ	250
aonghas	eːŋɣəsˠ	2
aonghas	æŋɡəsˠ	2
aontaigh	eːn̪ˠt̪ˠɪɟ	2
aontaigh	iːn̪ˠt̪ˠə	2
aontaigh	iːn̪ˠt̪ˠiː	2
aontaigh	iːn̪ˠt̪ˠi	2
aontú	iːn̪ˠt̪ˠuː	6
aosta	eːsˠt̪ˠə	2
aosta	iːsˠt̪ˠə	2
ar	ɛɾʲ	4161
ár	ɑːɾˠ	21
ár	əɾˠ	21
ár	ə	21
ár	ɑːɾˠ	21
ár	æːɾˠ	21
ár	ɑːɾˠ	21
ár	æːɾˠ	21
arabach	aɾˠəbˠəx	3
árainn	ɑːɾˠən̠ʲ	6
araon	əɾˠeːnˠ	29
arbhar	aɾˠuːɾˠ	1
arbhar	ɑɾˠuːɾˠ	1
arbhar	aɾˠəwəɾˠ	1
arc	aɾˠk	2
ard	ɑːɾˠd̪ˠ	56
ard	æːɾˠd̪ˠ	56
arda	ɑːɾˠd̪ˠə	6
ardeaspag	ɑːɾˠd̪ˠæsˠpˠəɡ	5
ardeaspag	ɑːɾʲdʲæsˠpˠəɡ	5
ardrí	ɑːɾˠd̪ˠɾˠiː	1
ardscoil	ɑːɾˠd̪ˠsˠkʌl	2
aréir	əɾʲeːɾʲ	1
arm	ɑɾˠəmˠ	50
arm	aɾˠəmˠ	50
artaire	aɾˠt̪ˠəɾʲə	1
árthach	ɑːɾˠhəx	1
árthach	ɑːɾˠəx	1
as	asˠ	594
as	ɑsˠ	594
as	æsˠ	594
as	asˠ	594
as	ɑsˠ	594
as	æsˠ	594
asal	asˠəlˠ	2
ásc	ɑːsˠk	1
ásc	æːsˠk	1
aspal	asˠpˠəlˠ	2
aspal	ɑpˠsˠtˠəl	2
astu	asˠt̪ˠʊ	18
astu	ɑstə	18
astu	ɑsˠt̪ˠəbˠ	18
astu	asˠt̪ˠəbˠ	18
at	ɑt̪ˠ	3
at	at̪ˠ	3
ata	at̪ˠə	9
atá	ət̪ˠɑː	684
atá	ət̪ˠæː	684
atá	ət̪ˠɑː	684
atá	at̪ˠɑː	684
atá	at̪ˠæ	684
áth	ɑː	9
áth	æː	9
athair	ahəɾʲ	43
athair	æhəɾʲ	43
athair	æːɾʲ	43
athar	ahəɾˠ	7
athar	æhəɾˠ	7
athar	æɾˠ	7
áthas	ɑːhəsˠ	1
áthas	ɑːsˠ	1
áthas	æhəsˠ	1
athraigh	ɑɾˠə	1
athraigh	aɾˠə	1
athraigh	æɾˠə	1
athraigh	aːɾˠə	1
athraithe	ahɾˠɪhə	5
athraithe	aɾˠiː	5
athróidh	ɑɾˠoː	1
athrú	ahɾˠuː	44
athrú	ɑɾˠuː	44
athrú	aːɾˠuː	44
ba	bˠa	710
ba	bˠɑh	710
ba	bˠə	710
bac	bˠɑk	14
bac	bˠak	14
bacach	bˠəkɑx	2
bacach	bˠakəx	2
bacach	bˠakah	2
bacadh	bˠakə	2
bacadh	bˠakuː	2
bacadh	bˠaku	2
bacadh	bˠakəɡ	2
bacadh	bˠakəvˠ	2
bacadh	bˠakuː	2
bacadh	bˠaku	2
bacadh	bˠakəx	2
bacadh	bˠakətʲ	2
bacadh	bˠakəx	2
bacadh	bˠakətʲ	2
bacadh	bˠakuː	2
bacadh	bˠakətʲ	2
bacadh	bˠaku	2
bád	bˠɑːd̪ˠ	5
bád	bˠæːd̪ˠ	5
badhbh	bˠəivˠ	1
baile	bˠalʲə	614
bailte	bˠal̠ʲtʲə	12
bain	bˠanʲ	1
bain	bˠɪnʲ	1
baineannach	bˠanʲənˠəx	2
bainne	bˠɑɲə	3
bainne	bˠɑnʲə	3
bainne	bˠan̠ʲə	3
baintreach	bˠanʲtʲɾʲəx	1
báire	bˠɑːɾʲə	11
báire	bˠæːɾʲə	11
báis	bˠɑːʃ	21
báis	bˠæːʃ	21
baiste	bˠaʃtʲə	3
báisteach	bˠɑːʃtʲəx	1
báisteach	bˠæːʃtʲah	1
baisteadh	bˠaʃtʲə	2
baisteadh	bˠaʃtʲuː	2
baisteadh	bˠaʃtʲu	2
baisteadh	bˠaʃtʲəɡ	2
baisteadh	bˠaʃtʲəvˠ	2
baisteadh	bˠaʃtʲuː	2
baisteadh	bˠaʃtʲu	2
baisteadh	bˠaʃtʲəx	2
baisteadh	bˠaʃtʲətʲ	2
baisteadh	bˠaʃtʲəx	2
baisteadh	bˠaʃtʲətʲ	2
baisteadh	bˠaʃtʲuː	2
baisteadh	bˠaʃtʲətʲ	2
baisteadh	bˠaʃtʲu	2
ball	bˠəul̪ˠ	46
ball	bˠɑːl̪ˠ	46
ball	bˠal̪ˠ	46
ball	bˠal̪ˠ	46
balla	bˠal̪ˠə	3
balla	fˠɑl̪ˠə	3
banana	bˠən̪ˠan̪ˠə	1
banc	bˠaŋk	5
banda	bˠan̪ˠd̪ˠə	3
bándearg	bˠɑːnˠdʲaɾˠəɡ	8
banna	bˠanˠə	12
banríon	bˠanˠɾˠiːnˠ	2
baoth	bˠeː	1
baoth	bˠiː	1
barda	bˠɑːɾˠdˠə	4
barda	bˠæːɾˠdˠə	4
barr	bˠɑːɾˠ	14
barr	bˠæːɾˠ	14
bas	bˠasˠ	1
bás	bˠɑːsˠ	85
bás	bˠæːsˠ	85
bascais	bˠasˠkəʃ	1
bata	bˠat̪ˠə	4
bé	bʲeː	2
beach	bʲax	1
beacha	bʲaxə	2
beacht	bʲaxt̪ˠ	7
beag	bʲɔɡ	128
beag	bʲɞɡ	128
beag	bʲɛɡ	128
beaga	bʲɞɡə	43
beagán	bʲɞɡɑːnˠ	7
béal	bʲia̯l̪ˠ	24
béal	bʲeːlˠ	24
béal	bʲeːl	24
bealach	bʲəl̪ˠɑx	20
bealach	bʲalˠəx	20
bealach	bʲalˠah	20
bealtaine	bʲal̪ˠt̪ˠənʲə	31
bealtaine	bʲɑːl̪ˠt̪ˠənʲə	31
bean	bʲanˠ	20
bean	bʲæːnˠ	20
béarla	bʲeːɾˠl̪ˠə	145
béarla	bʲeːɾˠl̪ˠə	145
bearna	bʲɑːɾˠn̪ˠə	1
beart	bʲaɾˠt̪ˠ	6
beatha	bʲahə	18
beidh	bʲɛɟ	16
beidh	bʲɛj	16
béim	bʲeːmʲ	9
beireann	bʲɛɾʲən̪ˠ	3
beirt	bʲɛɾˠtʲ	16
beithíoch	bʲɛhiəx	1
beithíoch	bʲɛhiəx	1
beithíoch	bʲɛix	1
beithíoch	bʲɛhiəh	1
beo	bʲoː	30
beo	bʲɔː	30
bhád	vˠɑːd̪ˠ	3
bhád	wɑːd̪ˠ	3
bhád	wæːd̪ˠ	3
bhán	vˠɑːn̪ˠ	8
bhán	wɑːnˠ	8
bhán	wæːnˠ	8
bharr	vˠɑːɾˠ	73
bharr	wˠɑːɾˠ	73
bharr	bˠæːɾˠ	73
bheadh	vʲɛx	77
bheadh	vʲɛtʲ	77
bheadh	vʲɛx	77
bheadh	vʲɛtʲ	77
bheadh	vʲɛfˠ	77
bheadh	vʲɛtʲ	77
bheadh	vʲɛw	77
bheas	vʲɛɪsˠ	2
bheas	vʲɛsˠ	2
bheidh	vʲɛɟ	7
bheidh	vʲɛj	7
bheith	vʲɛ	156
bheo	vʲoː	6
bheo	vʲɔː	6
bhfear	vʲaɾˠ	11
bhfear	vʲæɾˠ	11
bhfir	vʲɪɾʲ	1
bhfuil	vˠɪlʲ	378
bhfuil	wɪlʲ	378
bhí	vʲiː	1408
bhíodh	vʲiːx	58
bhíodh	vʲiːtʲ	58
bhíodh	vʲiːx	58
bhíodh	vʲiːtʲ	58
bhíodh	vʲiːw	58
bhíos	vʲiːsˠ	1
bhíothas	vʲiːhəsˠ	1
bhláthanna	vˠl̪ˠɑːhən̪ˠə	1
bhláthanna	wl̪ˠɑːn̪ˠiː	1
bhláthanna	wl̪ˠɑːhən̪ˠə	1
bhláthanna	wl̪ˠæhən̪ˠə	1
bhrasaíl	vˠɾˠasˠiːlʲ	4
bhríd	vʲɾʲiːdʲ	1
bhris	vʲɾʲɪʃ	7
bhriseadh	vʲɾʲɪʃə	9
bhriseadh	vʲɾʲɪʃuː	9
bhriseadh	vʲɾʲɪʃu	9
bhriseadh	vʲɾʲɪʃəx	9
bhriseadh	vʲɾʲɪʃətʲ	9
bhriseadh	vʲɾʲɪʃəx	9
bhriseadh	vʲɾʲɪʃətʲ	9
bhriseadh	vʲɾʲɪʃuː	9
bhriseadh	vʲɾʲɪʃətʲ	9
bhriseadh	vʲɾʲɪʃu	9
bhuí	vˠiː	4
bhuí	wiː	4
bhun	vˠʊnˠ	19
bhun	wʊnˠ	19
bhun	wʌnˠ	19
bhur	uːɾˠ	1
bhur	ə	1
bhur	mˠəɾˠ	1
bí	bʲiː	3
bia	bʲiə	30
big	bʲɪɟ	2
bille	bʲɪlʲə	1
billiún	bʲil̠ʲuːnˠ	2
binn	bʲɪnʲ	5
binn	bʲiːnʲ	5
binne	bʲɪɲɪ	1
binne	bʲɪnʲə	1
binne	bʲɪn̠ʲə	1
binse	bʲiːnʲʃə	1
bíobla	bʲiːbˠl̪ˠə	2
biseach	bʲɪʃax	1
biseach	bʲɪʃəx	1
biseach	bʲɪʃah	1
bith	bʲɪh	51
bith	bʲɪ	51
blaosc	bˠlˠeːsˠk	1
blaosc	bˠlˠiːsˠk	1
blás	blɔːs	1
blás	blɔːs	1
blás	blaːs	1
blasta	bˠlˠasˠt̪ˠə	1
bláth	bˠl̪ˠɑː	5
bláth	bˠl̪ˠæː	5
bláthach	bˠl̪ˠɑːhəx	4
bláthach	bˠlˠɑːx	4
bláthanna	bˠl̪ˠɑːhən̪ˠə	45
bláthanna	bˠl̪ˠɑːn̪ˠiː	45
bláthanna	bˠl̪ˠæhən̪ˠə	45
bliain	bʲlʲiənʲ	83
blianta	bʲlʲiən̪ˠt̪ˠə	66
bó	bˠoː	6
bocht	bˠɔxt̪ˠ	7
bocht	bˠʌxt̪ˠ	7
bog	bˠɔɡ	6
bog	bˠʌɡ	6
bogach	bˠəɡɑx	3
bogach	bˠɔɡəx	3
bogach	bˠʌɡah	3
bogadh	bˠɔɡə	1
bogadh	bˠɔɡuː	1
bogadh	bˠʌɡu	1
bogadh	bˠɔɡəɡ	1
bogadh	bˠɔɡəvˠ	1
bogadh	bˠɔɡuː	1
bogadh	bˠʌɡu	1
bogadh	bˠɔɡəx	1
bogadh	bˠɔɡətʲ	1
bogadh	bˠɔɡəx	1
bogadh	bˠɔɡətʲ	1
bogadh	bˠɔɡuː	1
bogadh	bˠʌɡətʲ	1
bogadh	bˠʌɡu	1
bogearraí	bˠoɟəɾˠiː	10
bogha	bˠou	3
bogha	bˠau	3
bogha	bˠoː	3
bolg	bˠɔlˠəɡ	2
bolg	bˠɔlək	2
bonnán	bˠun̪ˠɑːn̪ˠ	1
bord	bˠoːɾˠd̪ˠ	14
bord	bˠəuɾˠd̪ˠ	14
both	bˠɔh	3
both	bˠɔ	3
bóthar	bˠoːhəɾˠ	15
bóthar	bˠoːɾˠ	15
bóthar	bˠɔhəɾˠ	15
bpáipéar	bˠaːpʲeːɾˠ	3
bpáipéar	bˠɑːpʲeːɾˠ	3
bpáipéar	bˠæːpʲeɾˠ	3
braith	bˠɾˠa	1
braon	bˠɾˠeːn̪ˠ	3
braon	bˠɾˠiːnˠ	3
brasaíl	bˠɾˠasˠiːlʲ	1
bratach	bˠɾˠat̪ˠəx	8
bratach	bˠɾˠat̪ˠah	8
brath	bˠɾˠa	15
breá	bʲɾʲaː	8
breá	bʲɾʲɑː	8
breá	bʲɾʲæː	8
breac	bʲɾʲak	12
bréag	bʲɾʲeːɡ	1
bréan	bʲɾʲeːnˠ	1
breathnú	bˠɾˠæːn̪ˠuː	3
breatnach	bʲɾʲən̪ˠax	3
breatnach	bʲɾʲan̪ˠəx	3
breatnach	bʲɾʲan̪ˠah	3
breis	bʲɾʲɛʃ	28
breith	bʲɾʲɛ	10
briathar	bʲɾʲiəhəɾˠ	7
brice	bʲɾʲɪcɪ	5
bríd	bʲɾʲiːdʲ	4
brise	bʲɾʲɪʃə	1
briseadh	bʲɾʲɪʃə	9
briseadh	bʲɾʲɪʃuː	9
briseadh	bʲɾʲɪʃu	9
briseadh	bʲɾʲɪʃəɡ	9
briseadh	bʲɾʲɪʃəvˠ	9
briseadh	bʲɾʲɪʃuː	9
briseadh	bʲɾʲɪʃu	9
briseadh	bʲɾʲɪʃəx	9
briseadh	bʲɾʲɪʃətʲ	9
briseadh	bʲɾʲɪʃəx	9
briseadh	bʲɾʲɪʃətʲ	9
briseadh	bʲɾʲɪʃuː	9
briseadh	bʲɾʲɪʃətʲ	9
briseadh	bʲɾʲɪʃu	9
briseann	bʲɾʲɪʃən̪ˠ	1
briste	bʲɾʲɪʃtʲə	1
bróg	bˠɾˠoːɡ	2
bróg	bˠɾˠɔːɡ	2
bromach	bˠɾˠəmˠɑx	2
bromach	bˠɾˠʊmˠəx	2
bromach	bˠɾˠɔmˠəx	2
bromach	bˠɾˠɤmˠax	2
bromach	bˠɾˠɤmˠah	2
brón	bˠɾˠoːnˠ	2
brón	bˠɾˠuːn̪ˠ	2
brú	bˠɾˠuː	25
bruach	bˠɾˠuəx	3
bua	bˠuə	10
buachaill	bˠuəxɪlʲ	6
buail	bˠuəlʲ	1
buail	bˠɔlʲ	1
bualadh	bˠuəlˠə	4
bualadh	bˠuəlˠuː	4
bualadh	bˠuəlˠu	4
bualadh	bˠɔlˠə	4
buan	bˠuənˠ	8
buí	bˠiː	31
buille	bˠɪl̠ʲə	4
buin	bˠɪnʲ	1
buíochas	bˠeːxəsˠ	2
buíochas	bˠiːxəsˠ	2
buíochas	bˠiəxəsˠ	2
buíon	bˠiːnˠ	2
bun	bˠʊnˠ	65
bun	bˠʌnˠ	65
bunscoil	bˠʊnˠsˠkɛlʲ	6
bunús	bən̪ˠuːsˠ	16
bunús	bʊnˠuːsˠ	16
bunús	bɤnusˠ	16
busta	bˠʊsˠt̪ˠə	2
cabáiste	ɡʊbˠɑːʃtʲə	2
cabhlach	kəul̪ˠəx	1
cabhrach	kəuɾˠəx	4
cac	kɑk	1
cac	kak	1
cad	kad̪ˠ	20
caife	kafʲə	1
caife	kafʲeː	1
cáil	kɑːlʲ	22
cáil	kæːlʲ	22
cailín	kalʲiːnʲ	18
cailín	kalʲiːnʲ	18
cailín	kalʲinʲ	18
cáiliúil	kɑːlʲuːlʲ	17
cáiliúil	kɑːlʲuːlʲ	17
cáiliúil	kæːlʲulʲ	17
cailleadh	kal̠ʲə	18
cailleadh	kal̠ʲə	18
cailleadh	kɑːl̠ʲə	18
cailleadh	kal̠ʲuː	18
cailleadh	kal̠ʲu	18
cailleadh	kal̠ʲəɡ	18
cailleadh	kal̠ʲəvˠ	18
cailleadh	kɑːl̠ʲəvˠ	18
cailleadh	kal̠ʲuː	18
cailleadh	kal̠ʲu	18
cailleadh	kal̠ʲəx	18
cailleadh	kal̠ʲətʲ	18
cailleadh	kɑːl̠ʲətʲ	18
cailleadh	kal̠ʲəx	18
cailleadh	kɑːl̠ʲəx	18
cailleadh	kal̠ʲətʲ	18
cailleadh	kal̠ʲuː	18
cailleadh	kal̠ʲətʲ	18
cailleadh	kal̠ʲu	18
caillte	kail̠ʲtʲə	5
caillte	kɑːl̠ʲtʲə	5
caillte	kal̠ʲtʲə	5
cáin	kɑːnʲ	4
cáin	kæːnʲ	4
caint	kan̠ʲtʲ	7
caint	kan̠ʲtʲ	7
caint	kəin̠ʲtʲ	7
cainte	kan̠ʲtʲə	5
cáinte	kɑːn̠ʲtʲə	1
cáinte	kæːn̠ʲtʲə	1
cainteoir	kan̠ʲtʲoːɾʲ	3
caipín	kapʲiːnʲ	4
caipín	kapʲiːnʲ	4
caipín	kapʲinʲ	4
cairde	kɑːɾˠdʲə	6
cairde	kæːɾˠdʲə	6
cairdeas	kɑːɾˠdʲəsˠ	1
cairdeas	kæːɾˠdʲəsˠ	1
cairdiúil	kɑːɾˠdʲuːlʲ	4
cairdiúil	kɑːɾˠdʲuːlʲ	4
cairdiúil	kæːɾˠdʲulʲ	4
cairt	kaɾˠtʲ	5
caisleán	kəʃlʲɑːn̪ˠ	42
caisleán	kaʃl̠ʲɑːnˠ	42
caisleán	kʊʃl̠ʲɑːnˠ	42
caisleán	kaʃl̠ʲænˠ	42
cait	katʲ	1
cait	kɪtʲ	1
cáit	kɑːtʲ	3
cáit	kæːtʲ	3
caite	katʲə	5
caith	kɑh	1
caith	ka	1
caith	kaih	1
caitheamh	ka	3
caithfidh	kahə	14
caithfidh	kaɪhə	14
caithfidh	kahɪɟ	14
caithfidh	kahə	14
caithfidh	kahiː	14
caithfidh	kaɪhi	14
caitliceach	katʲlʲɪcəx	31
caitliceach	katʲlʲɪcah	31
cam	kaumˠ	5
cam	kɑːmˠ	5
cam	kamˠ	5
camall	kamˠəl̪ˠ	1
can	kanˠ	1
cánach	kɑːn̪ˠəx	1
cánach	kɑːnˠəx	1
cánach	kæːnˠah	1
cánacha	kɑːn̪ˠəxə	2
cánacha	kɑːnˠəxə	2
cánacha	kæːnˠahə	2
canadh	kɑn̪ˠə	1
canadh	kanˠə	1
canadh	kanˠuː	1
canadh	kanˠu	1
canadh	kɑn̪ˠəɡ	1
canadh	kanˠəvˠ	1
canadh	kanˠuː	1
canadh	kanˠu	1
canadh	kɑn̪ˠəx	1
canadh	kanˠətʲ	1
canadh	kanˠəx	1
canadh	kanˠətʲ	1
canadh	kanˠuː	1
canadh	kanˠətʲ	1
canadh	kanˠu	1
caoga	keːɡə	4
caoga	kiːɡə	4
caoi	kiː	3
caoimhín	kiːvʲiːnʲ	2
caoimhín	kiːvʲiːnʲ	2
caoimhín	kiːvʲinʲ	2
caoin	kiːnʲ	4
caoineadh	kiːnʲə	3
caoineadh	kiːnʲuː	3
caoineadh	kiːnʲu	3
caoineadh	kiːnʲəɡ	3
caoineadh	kiːnʲəvˠ	3
caoineadh	kiːnʲuː	3
caoineadh	kiːnʲu	3
caoineadh	kiːnʲəx	3
caoineadh	kiːnʲətʲ	3
caoineadh	kiːnʲəx	3
caoineadh	kiːnʲətʲ	3
caoineadh	kiːnʲuː	3
caoineadh	kiːnʲətʲ	3
caoineadh	kiːnʲu	3
caol	keːl̪ˠ	13
caol	kiːlˠ	13
caolas	keːl̪ˠəsˠ	1
caolas	kiːlˠəsˠ	1
caor	keːɾˠ	1
caor	kiːɾˠ	1
caora	keːɾˠə	5
caora	kiːɾˠə	5
capall	kapˠəl̪ˠ	3
captaen	kɑpˠt̪ˠeːn̪ˠ	5
car	karˠ	1
cara	kɑɾˠə	5
cara	kaɾˠə	5
carachtar	kaɾˠəxt̪ˠəɾˠ	6
cárb	kaːɾˠbˠ	1
carghas	kɑɾˠuːsˠ	1
carraig	kɑɾˠɪɟ	5
carraig	kaːɾˠɪɟ	5
carraig	kaɾˠəc	5
cárta	kɑːɾˠt̪ˠə	4
cárta	kæːɾˠt̪ˠə	4
cas	kɑsˠ	3
cas	kasˠ	3
cás	kɑːsˠ	14
cás	kæːsˠ	14
casadh	kɑsˠə	6
casadh	kasˠuː	6
casadh	kasˠu	6
casadh	kɑsˠəɡ	6
casadh	kasˠəvˠ	6
casadh	kasˠuː	6
casadh	kasˠu	6
casadh	kɑsˠəx	6
casadh	kasˠətʲ	6
casadh	kasˠəx	6
casadh	kasˠətʲ	6
casadh	kasˠuː	6
casadh	kasˠətʲ	6
casadh	kasˠu	6
casán	kɑsˠɑnˠ	1
casann	kɑsən̪ˠ	1
casann	kasən̪ˠ	1
cat	kɑt̪ˠ	7
cat	kat̪ˠ	7
cat	kʊt̪ˠ	7
cath	kah	35
cathair	kahɪɾʲ	128
cathair	kaːɾʲ	128
cathal	kahəlˠ	7
cathaoir	kahiːɾʲ	1
cathaoir	kahiːɾʲ	1
cathaoir	kəiɾʲ	1
cathaoir	kəiɾʲ	1
cathaoir	kaihiɾʲ	1
cathaoirleach	kaiɾˠl̠ʲəx	5
cé	ceː	138
ceacht	caxt̪ˠ	1
ceacht	cæxt̪ˠ	1
ceachtar	caxt̪ˠəɾˠ	5
cead	cad̪ˠ	24
cead	cæːd̪ˠ	24
céad	ceːd̪ˠ	52
céadta	ceːt̪ˠə	7
ceanada	canˠəd̪ˠə	1
ceangail	caŋəlʲ	2
ceangail	caŋɡəlʲ	2
ceangal	caŋəlˠ	3
ceangal	caŋɡəlˠ	3
ceann	caun̪ˠ	201
ceann	cɑːn̪ˠ	201
ceann	can̪ˠ	201
ceanna	can̪ˠə	1
ceanna	cæn̪ˠə	1
céanna	ceːn̪ˠə	110
ceannaí	can̪ˠiː	1
ceannasach	can̪ˠəsˠəx	6
ceannasach	can̪ˠəsˠah	6
ceantar	can̪ˠt̪ˠəɾˠ	147
ceap	capˠ	1
ceapadh	capˠə	30
ceapadh	cæpˠə	30
ceapadh	capˠuː	30
ceapadh	capˠu	30
ceapadh	capˠəɡ	30
ceapadh	cæpˠəvˠ	30
ceapadh	capˠuː	30
ceapadh	capˠu	30
ceapadh	capəx	30
ceapadh	cæpˠətʲ	30
ceapadh	cæpˠəx	30
ceapadh	capətʲ	30
ceapadh	capˠuː	30
ceapadh	capətʲ	30
ceapadh	capˠu	30
cearc	caɾˠk	1
cearc	cæːɾˠk	1
céard	ceːɾˠd̪ˠ	5
cearnóg	caːɾˠn̪ˠoːɡ	12
cearnóg	cɑːɾˠn̪ˠoːɡ	12
cearnóg	cæːɾˠn̪ˠɔɡ	12
cearnóga	caːɾˠn̪ˠoːɡə	1
cearnóga	cɑːɾˠn̪ˠoːɡə	1
cearnóga	cæːɾˠn̪ˠɔɡə	1
ceart	caɾˠt̪ˠ	35
ceart	cæɾˠt̪ˠ	35
cearta	caɾˠt̪ˠə	12
ceathair	cahəɾʲ	1
ceathair	cæɾʲ	1
ceathrar	cæːɾˠ	13
ceathrú	cahɾˠuː	15
ceathrú	caɾˠuː	15
ceathrú	caɾˠhuː	15
ceathrú	cahɾˠuː	15
ceathrú	caɾˠuː	15
ceathrú	caɾˠhuː	15
ceathrú	cæɾˠuː	15
ceathrú	cahɾˠu	15
ceathrú	caɾˠu	15
ceathrú	caɾˠhu	15
céile	ceːlʲə	4
ceilte	cɛlʲtʲə	1
céim	ceːmʲ	29
ceimic	cɛmʲɪc	3
ceintiméadar	cɛnʲtʲəmʲeːd̪ˠəɾˠ	3
ceintiméadar	cɛn̠ʲtʲəmʲeːd̪ˠəɾˠ	3
ceintiméadar	cɛn̠ʲtʲəmʲed̪ˠəɾˠ	3
céir	ceːɾʲ	1
ceird	cəiɾˠdʲ	3
ceirnín	cɛɾˠn̠ʲiːnʲ	1
ceist	cɛʃtʲ	14
ceithre	cɛɾʲə	43
ceol	coːlˠ	32
ceol	cɔːlˠ	32
cérbh	ceːɾˠvˠ	2
cha	xa	5
chailín	xalʲiːnʲ	4
chailín	xalʲiːnʲ	4
chailín	xalʲinʲ	4
chaill	xailʲ	9
chaill	xɑːl̠ʲ	9
chaill	xal̠ʲ	9
chairde	xɑːɾˠdʲə	2
chairde	xæːɾˠdʲə	2
chaoi	xiː	4
chaoil	xiːlʲ	1
chapall	xapˠəl̪ˠ	1
chara	xɑɾˠə	3
chara	xaɾˠə	3
chas	xɑsˠ	2
chas	xasˠ	2
chás	xɑːsˠ	15
chás	xæːsˠ	15
chasadh	xɑsˠə	2
chasadh	xasˠuː	2
chasadh	xasˠu	2
chasadh	xɑsˠəx	2
chasadh	xasˠətʲ	2
chasadh	xasˠəx	2
chasadh	xasˠətʲ	2
chasadh	xasˠuː	2
chasadh	xasˠətʲ	2
chasadh	xasˠu	2
chasta	xɑsˠt̪ˠə	5
chasta	xasˠt̪ˠə	5
chat	xat̪ˠ	2
chath	xah	4
chead	çad̪ˠ	2
chead	çæːd̪ˠ	2
chéad	çeːd̪ˠ	251
cheana	hanˠə	25
cheann	çaun̪ˠ	68
cheann	çɑːn̪ˠ	68
cheann	çan̪ˠ	68
cheap	çapˠ	26
chearnóg	çaːɾˠn̪ˠoːɡ	5
chearnóg	çɑːɾˠn̪ˠoːɡ	5
chearnóg	çæːɾˠn̪ˠɔɡ	5
cheart	çaɾˠt̪ˠ	15
cheart	çæɾˠt̪ˠ	15
chéid	çeːdʲ	3
chéile	çeːlʲə	222
cheintiméadar	çɛnʲtʲəmʲeːd̪ˠəɾˠ	1
cheintiméadar	çɛn̠ʲtʲəmʲeːd̪ˠəɾˠ	1
cheintiméadar	çɛn̠ʲtʲəmʲed̪ˠəɾˠ	1
cheist	çɛʃtʲ	10
cheithre	çɛɾʲə	5
chí	çiː	1
chiliméadar	çɪlʲəmʲeːd̪ˠəɾˠ	8
chiliméadar	çɪlʲəmʲeːd̪ˠəɾˠ	8
chiliméadar	çɪlʲəmʲed̪ˠəɾˠ	8
chinn	çəiɲ	22
chinn	çiːnʲ	22
chinn	çiːn̠ʲ	22
chinn	çɪn̠ʲ	22
chloch	xlˠɔx	5
chloch	xlˠʌx	5
chnoc	xn̪ˠɔk	11
chnoc	xnˠɔk	11
chnoc	xɾˠɔk	11
chodlata	kɔl̪ˠət̪ˠə	1
chodlata	kʌl̪ˠət̪ˠə	1
chomh	xoː	224
chomh	xo	224
chomh	xə	224
chonaic	xɔnˠɪc	10
chonaic	xn̪ˠɪc	10
chonaic	xanʲɪc	10
chonaic	hɛnʲɪc	10
chonaic	hanˠɪc	10
chónaithe	xuːn̪ˠiː	1
chonamara	xʊn̪ˠəmaɾˠə	6
chor	xɔɾˠ	6
chos	xɔsˠ	2
chos	xʌsˠ	2
chósta	xoːsˠt̪ˠə	18
chósta	xɔːsˠt̪ˠə	18
chóta	xoːt̪ˠə	2
chóta	xɔːt̪ˠə	2
chrainn	xɾˠaiɲ	3
chrainn	xɾˠiːnʲ	3
chrainn	xɾˠiːn̠ʲ	3
chrainn	xɾˠɪn̠ʲ	3
chrann	xɾˠaun̪ˠ	9
chrann	xɾˠɑːn̪ˠ	9
chrann	xɾˠan̪ˠ	9
chreid	çɾʲɛdʲ	13
chroí	xɾˠiː	12
chruinne	xɾˠɪn̠ʲə	6
chruinne	xɾˠɪɲə	6
chú	xuː	1
chuaigh	xuə	140
chuaigh	xuəɟ	140
chuaigh	xuə	140
chuaigh	fˠuə	140
chuaigh	fˠuəj	140
chuaigh	xuə	140
chuaigh	xuəj	140
chuairt	xuəɾˠtʲ	4
chuala	xuəlˠə	16
chucu	xuːxə	6
chucu	xuːhə	6
chucu	akəbˠ	6
chucu	hʊkəbˠ	6
chugainn	xʊɡən̠ʲ	3
chugainn	xuːnʲ	3
chugainn	hʊɡən̠ʲ	3
chugainn	ʊɡən̠ʲ	3
chuici	xuːhʲə	6
chuici	hɛcɪ	6
chuici	ɛcɪ	6
chuig	xɪɟ	49
chuig	ɛɟ	49
chúig	xuːɟ	2
chuige	xɪɟɪ	35
chuige	ɛɟɪ	35
chuireadh	xɪɾʲəx	8
chuireadh	xɪɾʲətʲ	8
chuireadh	xɪɾʲəx	8
chuireadh	xɪɾʲətʲ	8
chuireadh	xɪɾʲuː	8
chuireadh	xɪɾʲətʲ	8
chuireadh	xɪɾʲu	8
chuirfeadh	xɪɾˠhəx	7
chuirfeadh	xɪɾˠhəx	7
chuirfeadh	xɪɾˠhətʲ	7
chuirfeadh	xɪɾˠhuː	7
chuirfeadh	xɪɾˠhətʲ	7
chuirfeadh	xɪɾˠhu	7
chuirfeadh	xɪɾˠhətʲ	7
chúis	xuːʃ	17
chúl	xuːlˠ	11
chum	xuːmˠ	39
chum	xʊmˠ	39
chum	xʊnˠ	39
chun	xɪnʲ	661
chun	xʊnˠ	661
chur	xʊɾˠ	269
ciall	ciəl̪ˠ	15
ciarraí	ciəɾˠiː	1
cibé	cɪbʲeː	19
ciclipéid	cɪclʲɪpʲeːdʲ	4
ciclipéid	cɪclʲɪpʲeːdʲ	4
cileagram	cɪlʲəɡɾˠamˠ	2
ciliméadar	cɪlʲəmʲeːd̪ˠəɾˠ	15
ciliméadar	cɪlʲəmʲeːd̪ˠəɾˠ	15
ciliméadar	cɪlʲəmʲed̪ˠəɾˠ	15
cime	cɪmʲə	2
cine	cɪnʲə	5
cineál	cɪnʲɑːl̪ˠ	57
cineál	cɪnˠɑːlˠ	57
cineál	cɪnʲælˠ	57
cinn	cəiɲ	96
cinn	ciːnʲ	96
cinn	ciːn̠ʲ	96
cinneadh	cɪɲə	9
cinneadh	cɪn̠ʲə	9
cinneadh	cɪn̠ʲuː	9
cinneadh	cɪn̠ʲu	9
cinneadh	cɪɲəɡ	9
cinneadh	cɪn̠ʲəɡ	9
cinneadh	cɪn̠ʲəvˠ	9
cinneadh	cɪn̠ʲuː	9
cinneadh	cɪn̠ʲu	9
cinneadh	cɪɲəx	9
cinneadh	cɪn̠ʲəx	9
cinneadh	cɪn̠ʲətʲ	9
cinneadh	cɪn̠ʲəx	9
cinneadh	cɪn̠ʲətʲ	9
cinneadh	cɪn̠ʲuː	9
cinneadh	cɪn̠ʲətʲ	9
cinneadh	cɪn̠ʲu	9
cinnte	cəinʲtʲə	15
cinnte	ciːn̠ʲtʲə	15
cinnte	cɪn̠ʲtʲə	15
cíoch	ciːx	1
cion	cʊnˠ	8
cion	cɪnˠ	8
ciorcal	ciɾˠkəlˠ	13
cíos	ciːsˠ	8
cirt	cɪɾˠtʲ	4
cirt	kʲir͈t	4
cirt	kʲir͈ʲtʲ	4
ciseal	cɪʃəlˠ	9
citeal	cɪtʲəlˠ	1
ciú	cuː	1
ciúin	cuːnʲ	5
ciúine	cuːnʲə	1
ciumhaise	cuːʃə	1
claí	klˠiː	2
claí	kləi	2
claí	klˠəi	2
clainne	kl̪ˠanʲə	9
claíomh	klˠiːvˠ	3
claíomh	klˠiːw	3
cláirseach	klˠɑːɾˠʃəx	1
cláirseach	klˠæːɾˠʃah	1
clampar	klˠamˠpˠəɾˠ	1
clann	kl̪ˠaun̪ˠ	13
clann	kl̪ˠɑːn̪ˠ	13
clann	kl̪ˠan̪ˠ	13
clár	klˠɑːɾˠ	44
clár	klˠæːɾˠ	44
cláracha	kl̪ˠɑɾˠəxiː	2
clé	clʲeː	9
clé	clʲiː	9
cleachtadh	clʲaxt̪ˠə	12
cleachtadh	clʲæxt̪ˠə	12
cleachtadh	clʲaxt̪ˠuː	12
cleachtadh	clʲaxt̪ˠu	12
cleachtadh	clʲaxt̪ˠəɡ	12
cleachtadh	clʲæxt̪ˠəvˠ	12
cleachtadh	clʲaxt̪ˠuː	12
cleachtadh	clʲaxt̪ˠu	12
cleachtadh	clʲaxt̪ˠəx	12
cleachtadh	clʲæxt̪ˠətʲ	12
cleachtadh	clʲæxt̪ˠəx	12
cleachtadh	clʲaxt̪ˠətʲ	12
cleachtadh	clʲaxt̪ˠuː	12
cleachtadh	clʲaxt̪ˠətʲ	12
cleachtadh	clʲaxt̪ˠu	12
cleas	clʲasˠ	2
cleite	clʲɛtʲə	10
clí	clʲiː	1
cliath	clʲiə	91
cliste	cʲlʲɪʃtʲə	2
cló	klˠoː	16
cloch	klˠɔx	9
cloch	klˠʌx	9
clocha	kl̪ˠɔxə	10
clocha	klˠʌxə	10
clogad	klˠɔɡəd̪ˠ	1
clogad	klˠʌɡəd̪ˠ	1
clóis	klˠoːʃ	1
cloisteáil	klˠɔʃtʲɑːlʲ	7
clú	klˠuː	16
cluas	klˠuəsˠ	2
cluas	kluəʃ	2
cluas	kluəsˠ	2
cluiche	klˠɪhə	13
cluiche	klˠɪçə	13
cluiche	klˠiː	13
cnaipe	knˠapʲə	1
cnaipe	kɾˠapʲə	1
cnámh	knɑːvʲ	5
cnámh	knaːvʲ	5
cneas	cnʲasˠ	1
cneas	cɾʲasˠ	1
cnoc	kn̪ˠɔk	38
cnoc	kn̪ˠʊk	38
cnoc	knˠɔk	38
cnoc	kɾˠʊk	38
cochall	kɔxəl̪ˠ	1
cochall	kʌxəl̪ˠ	1
codanna	kɔd̪ˠən̪ˠə	10
codladh	kɔl̪ˠə	5
codladh	kɔl̪ˠuː	5
codladh	kʌl̪ˠu	5
cogadh	kɔɡə	85
cogadh	kɔɡuː	85
cogadh	kʌɡu	85
cogadh	kɔɡəɡ	85
cogadh	kɔɡəvˠ	85
cogadh	kɔɡuː	85
cogadh	kʌɡu	85
cogadh	kɔɡəx	85
cogadh	kɔɡətʲ	85
cogadh	kɔɡəx	85
cogadh	kɔɡətʲ	85
cogadh	kɔɡuː	85
cogadh	kʌɡətʲ	85
cogadh	kʌɡu	85
cogar	kɔɡəɾˠ	1
cogar	kʌɡəɾˠ	1
coileach	kəlʲax	1
coileach	kɛlʲəx	1
coileach	kɛlʲax	1
coileach	kɛlʲah	1
coill	kiːlʲ	1
coill	kəil̠ʲ	1
coill	kɞl̠ʲ	1
coill	kʌl̠ʲ	1
coillte	kiːlʲtʲə	3
coillte	kəil̠ʲtʲə	3
coillte	kɞl̠ʲtʲə	3
coillte	kʌl̠ʲtʲə	3
coinne	kɪn̠ʲə	4
coinneáil	kɪn̠ʲɑːlʲ	4
coinneal	kɪnʲəl̪ˠ	1
coir	kɛɾʲ	1
cóir	koːɾʲ	7
cóir	kɔːɾʲ	7
coire	kɛɾʲə	1
cóiriú	koːɾʲuː	1
cóiriú	koːɾʲu	1
coirnéal	koɾˠnʲeːlˠ	1
cóisir	koːʃəɾʲ	1
cóisir	kɔːʃəɾʲ	1
coiste	kɔʃtʲə	8
cóiste	koːʃtʲə	1
cóiste	kɔːʃtʲə	1
coitianta	kətʲiən̪ˠt̪ˠə	53
coitianta	kɪtʲiən̪ˠt̪ˠə	53
coitianta	kʌtʲən̪ˠt̪ˠə	53
colm	kɔl̪ˠəmˠ	4
colm	kʌl̪ˠəmˠ	4
colún	kəl̪ˠuːn̪ˠ	9
colún	kɔlˠuːnˠ	9
colún	kʌlˠunˠ	9
comh	kɔ	8
comhairle	koːɾˠl̠ʲə	39
comhairle	kõːɾˠl̠ʲə	39
comhlacht	koːlˠəxt̪ˠ	18
comhlacht	kɔːlˠaht̪ˠ	18
comhrá	koːɾˠɑː	2
comhrá	koːɾˠɑː	2
comhrá	koːɾˠæ	2
comhréireach	kˠõɾˠeːɾʲəxˠ	3
comhréireach	kˠoːɾˠeːɾʲəxˠ	3
comhrialtas	koːɾˠiəl̪ˠt̪ˠəsˠ	1
comhrialtas	kuːɾˠiəl̪ˠt̪ˠəsˠ	1
comórtas	kəmˠoːɾˠt̪ˠəsˠ	10
comórtas	kɔmˠoːɾˠt̪ˠəsˠ	10
comórtas	kɤmˠɔɾˠt̪ˠəsˠ	10
compordach	kuːmˠpˠoːɾˠd̪ˠəx	1
cónaí	koːn̪ˠiː	24
cónaí	kuːnˠiː	24
cónaí	kɔːnˠi	24
cónaithe	kuːn̪ˠiː	7
conamara	kʊn̪ˠəmaɾˠə	5
conas	kʊnˠəsˠ	11
conas	knɞs	11
cónra	kuːɾˠhə	1
cónra	koːɾˠə	1
cónra	kõːnəɾʲ	1
consan	kʊnˠsˠənˠ	1
contae	kuːndeː	89
copar	kopˠəɾˠ	2
cor	kɔɾˠ	3
cór	koːɾˠ	3
cora	kɔɾˠə	2
córas	koːɾˠəsˠ	87
córas	kɔːɾˠəsˠ	87
corcaigh	kɔɾˠkəɟ	3
corcaigh	kɔɾˠkə	3
corcaigh	kɔɾˠkiː	3
corcaigh	kʌɾˠki	3
corn	koːɾˠn̪ˠ	3
coróin	kəɾˠoːnʲ	5
coróin	kɾˠoːnʲ	5
coróin	kɔɾˠuːnʲ	5
coróin	kɾˠuːnʲ	5
coróin	kɔɾˠænʲ	5
corr	kəuɾˠ	8
cos	kɔsˠ	1
cos	kʌsˠ	1
cosa	kɔsˠə	11
cosa	kʌsˠə	11
cosaint	kɔsˠən̠ʲtʲ	6
cosaint	kʌsˠən̠ʲtʲ	6
cosán	kəsˠɑːn̪ˠ	3
cosán	kɔsˠɑːnˠ	3
cosán	kɑsˠɑnˠ	3
cósta	koːsˠt̪ˠə	6
cósta	kɔːsˠt̪ˠə	6
cóstaí	koːsˠt̪ˠiː	2
cóstaí	koːsˠt̪ˠiː	2
cóstaí	kɔːsˠt̪ˠi	2
costas	kɔsˠt̪ˠəsˠ	5
costas	kʌsˠt̪ˠəsˠ	5
cosúil	kəsˠuːlʲ	120
cosúil	kɔsˠuːlʲ	120
cosúil	kʌsˠulʲ	120
craiceann	kɾˠacən̪ˠ	16
craiceann	kɾˠɪcən̪ˠ	16
craiceann	kɾˠɛcən̪ˠ	16
craiceann	kɾˠæcən̪ˠ	16
crann	kɾˠaun̪ˠ	38
crann	kɾˠɑːn̪ˠ	38
crann	kɾˠan̪ˠ	38
cré	cɾʲeː	9
creid	cɾʲɛdʲ	2
creideamh	cɾʲɛdʲəvˠ	8
creideamh	cɾʲɛdʲuː	8
creideamh	cɾʲɛdʲu	8
críoch	cɾʲiːx	23
críoch	cɾʲiəx	23
críochnaithe	cɾʲiːxn̪ˠɪhɪ	7
crios	cɾʲɪsˠ	4
crios	cɾʲʊsˠ	4
criostal	kɾˠɪsˠt̪ˠəlˠ	3
critic	cɾʲɪtʲɪc	1
critice	cɾʲɪtʲɪcɪ	3
croch	kɾˠɔx	1
croch	kɾˠʌx	1
crochadh	kɾˠɔxə	2
crochadh	kɾˠɔxuː	2
crochadh	kɾˠʌxu	2
crochadh	kɾˠɔxəɡ	2
crochadh	kɾˠɔxəvˠ	2
crochadh	kɾˠɔxuː	2
crochadh	kɾˠʌxu	2
crochadh	kɾˠɔxəx	2
crochadh	kɾˠɔxətʲ	2
crochadh	kɾˠɔxəx	2
crochadh	kɾˠɔxətʲ	2
crochadh	kɾˠɔxuː	2
crochadh	kɾˠʌxətʲ	2
crochadh	kɾˠʌxu	2
crochta	kɾˠɔxt̪ˠə	4
crochta	kɾˠʌxt̪ˠə	4
croí	kɾˠiː	11
crua	kɾˠuə	11
cruach	kɾˠuəx	11
cruan	kɾˠuənˠ	1
cruinn	kɾˠiːnʲ	27
cruinn	kɾˠiːn̠ʲ	27
cruinn	kɾˠɪn̠ʲ	27
cruinne	kɾˠɪn̠ʲə	12
cruinne	kɾˠɪɲə	12
cruinniú	kɾˠɪn̠ʲuː	5
cruithneacht	kɾˠɪnʲəxt̪ˠ	1
cruth	kɾˠʊh	8
cú	kuː	4
cuairt	kuəɾˠtʲ	10
cuan	kuənˠ	7
cuán	kuːɑːn̪ˠ	1
cuán	kuːɑːnˠ	1
cuán	kuːænˠ	1
cuardaigh	kuəɾˠd̪ˠɪɟ	1
cuardaigh	kuəɾˠd̪ˠə	1
cuardaigh	kuəɾˠd̪ˠiː	1
cuardaigh	kuəɾˠd̪ˠi	1
cuid	kɪdʲ	238
cúig	kuːɟ	27
cúige	kuːɟɪ	5
cúigear	kuːɟəɾˠ	6
cuimhne	kiːnʲə	12
cuimhne	kɪmʲnə	12
cuimhne	kɪvʲnə	12
cuimhne	kiːmʲɾʲə	12
cuimhne	kiːvʲɾʲə	12
cuimhne	kɪmʲnʲə	12
cuimhne	kɪ̃vʲnʲə	12
cuimhnigh	kiːnʲɪɟ	1
cuimhnigh	kiːvʲɾʲə	1
cuimhnigh	kiːmʲɾʲə	1
cuimhnigh	kiːmʲɾʲə	1
cuimhnigh	kɪvʲnʲiː	1
cuimhnigh	kɪvʲnʲi	1
cúinge	kuːɲɪ	1
cúinne	kuːn̠ʲə	2
cúinne	kuːɲɪ	2
cuir	kɪɾʲ	5
cuireadh	kɪɾʲəɡ	135
cuireadh	kɪɾʲəvˠ	135
cuireadh	kɪɾʲuː	135
cuireadh	kɪɾʲu	135
cuireadh	kɪɾʲəx	135
cuireadh	kɪɾʲətʲ	135
cuireadh	kɪɾʲəx	135
cuireadh	kɪɾʲətʲ	135
cuireadh	kɪɾʲuː	135
cuireadh	kɪɾʲətʲ	135
cuireadh	kɪɾʲu	135
cuireann	kɪɾʲən̪ˠ	34
cúirt	kuːɾˠtʲ	8
cúis	kuːʃ	21
cuisle	kɪʃl̠ʲə	1
cúl	kuːlˠ	4
cultúr	kʊl̪ˠt̪ˠuːɾˠ	22
cultúr	kʊl̪ˠt̪ˠuːɾˠ	22
cultúr	kʊl̪ˠt̪ˠuɾˠ	22
cuma	kʊmˠə	30
cumann	kʊmˠən̪ˠ	37
cúnamh	kuːn̪ˠəvˠ	3
cúnamh	kuːnˠə	3
cúnamh	koːnˠə	3
cúnamh	kuːnˠuː	3
cúnamh	kuːnˠu	3
cúntóir	kuːnˠt̪ˠoːɾʲ	1
curach	kəɾˠax	3
curach	kʊɾˠəx	3
curach	kɔɾˠəx	3
curach	kɤɾˠax	3
curach	kɤɾˠah	3
curach	kɤɾˠa	3
curacha	kəɾˠaxə	1
curacha	kʊɾˠəxə	1
curacha	kɔɾˠəxə	1
curacha	kɤɾˠaxə	1
curacha	kɤɾˠahə	1
curaí	kɔɾˠiː	2
curaí	kʌɾˠiː	2
curaí	kəɾˠiː	2
curaí	kʊɾˠiː	2
curaí	kɔɾˠiː	2
curaí	kɤɾˠi	2
cúram	kuːɾˠəmˠ	8
cúramach	kuːɾˠəmˠəx	4
cúramach	kuːɾˠəmˠah	4
cúrsa	kuːɾˠsˠə	3
cúthail	kuːhəlʲ	2
cúthail	kuːlʲ	2
daichead	d̪ˠahəd̪ˠ	5
daichead	d̪ˠaçəd̪ˠ	5
dáir	d̪ˠɑːɾʲ	1
dáir	d̪ˠæːɾʲ	1
dáiríre	d̪ˠɑːɾʲiːɾʲə	6
dáiríre	d̪ˠæɾʲiːɾʲə	6
dála	d̪ˠɑːlˠə	33
dála	d̪ˠæːlˠə	33
dall	d̪ˠaul̪ˠ	10
dall	d̪ˠɑːl̪ˠ	10
dall	d̪ˠɑl̪ˠ	10
dalta	d̪ˠalˠt̪ˠə	3
damáiste	d̪ˠəmˠɑːʃtʲə	11
damáiste	d̪ˠamˠɑːʃtʲə	11
damáiste	d̪ˠamˠæʃtʲə	11
damhsa	d̪ˠəusˠə	8
damhsa	d̪ˠə̃ũsˠə	8
dán	d̪ˠɑːn̪ˠ	32
dán	d̪ˠɑːnˠ	32
dán	d̪ˠæːnˠ	32
danmhairgis	d̪ˠanˠwaɾʲɪɟɪʃ	1
daoibh	d̪ˠiːvʲ	2
daoibh	dʲiːbʲ	2
daoibh	d̪ˠiːbʲ	2
daoine	d̪ˠiːnʲə	193
daoirse	d̪ˠiːɾˠʃə	1
daonra	dˠeːn̪ˠɾˠə	79
daonra	dˠiːn̪ˠɾˠə	79
dár	d̪ˠɑːɾˠ	15
dara	d̪ˠɑɾˠə	113
dara	d̪ˠaɾˠə	113
dáréag	d̪ˠɑːɾˠeːɡ	3
dáta	d̪ˠɑːt̪ˠə	14
dáta	d̪ˠæːt̪ˠə	14
dath	d̪ˠah	12
dathúil	d̪ˠahuːlʲ	2
dathúil	d̪ˠauːlʲ	2
dathúil	d̪ˠəulʲ	2
de	dʲɛ	1742
de	dʲə	1742
de	ɡə	1742
de	dʲɛ	1742
dé	dʲeː	11
dé	dʲeː	11
deacair	dʲakəɾʲ	18
deacair	dʲækəɾʲ	18
déag	dʲeːɡ	115
dealbh	dʲalˠəvˠ	9
déanaí	dʲian̪ˠiː	38
déanaí	dʲeːn̪ˠiː	38
déanaí	dʲeːn̪ˠi	38
déanamh	dʲeːn̪ˠə	35
déanamh	dʲiːn̪ˠə	35
déanamh	dʲɪn̪ˠə	35
déanamh	dʲeːnˠuː	35
déanamh	dʲeːnˠu	35
déanta	dʲeːn̪ˠt̪ˠə	52
déanta	dʲiːn̪ˠt̪ˠə	52
déantar	dʲeːn̪ˠt̪ˠəɾˠ	57
déantar	dʲiːn̪ˠt̪ˠəɾˠ	57
déantar	dʲiːn̪ˠt̪ˠəɾˠ	57
déantar	dʲɪn̪ˠt̪ˠəɾˠ	57
déantóir	dʲian̪ˠt̪ˠoːɾʲ	2
déantóir	dʲeːn̪ˠt̪ˠoːɾʲ	2
déantóir	dʲæːn̪ˠt̪ˠɔɾʲ	2
deara	dʲaɾˠə	11
déardaoin	dʲeːɾˠd̪ˠiːnʲ	1
dearg	dʲaɾˠəɡ	44
dearg	dʲæɾˠəɡ	44
deargadh	dʲaɾˠəɡə	1
deargadh	dʲaɾˠəɡuː	1
deargadh	dʲaɾˠəɡu	1
deargadh	dʲaɾˠəɡəɡ	1
deargadh	dʲaɾˠəɡəvˠ	1
deargadh	dʲaɾˠəɡuː	1
deargadh	dʲaɾˠəɡu	1
deargadh	dʲaɾˠəɡəx	1
deargadh	dʲaɾˠəɡətʲ	1
deargadh	dʲaɾˠəɡəx	1
deargadh	dʲaɾˠəɡətʲ	1
deargadh	dʲaɾˠəɡuː	1
deargadh	dʲaɾˠəɡətʲ	1
deargadh	dʲaɾˠəɡu	1
dearmad	dʲaɾˠəmˠəd̪ˠ	2
dearmad	dʲæɾˠəmˠəd̪ˠ	2
deartháir	dʲɾʲəhaːɾʲ	17
deartháir	dʲɾʲɑːhərʲ	17
deartháir	dʲɾʲɑːɾʲ	17
deartháir	dʲɾʲiçaːɾʲ	17
deartháir	dʲaɾˠhaɾʲ	17
deartháir	dʲæːɾˠhaɾʲ	17
deartháir	dʲæːɾˠhəɾʲ	17
deartháireacha	dʲɾʲəhaːɾʲəxə	2
deartháireacha	dʲɾʲɑːhərʲəxə	2
deartháireacha	dʲɾʲiçaːɾʲəxə	2
deartháireacha	dʲaɾˠhaɾʲəxə	2
deartháireacha	dʲæːɾˠhaɾʲaxə	2
deartháireacha	dʲæːɾˠhəɾʲaxə	2
deartháracha	dʲɾʲɑːɾˠəxiː	2
deas	dʲasˠ	8
deas	dʲæsˠ	8
deich	dʲɛç	13
deich	dʲɛh	13
deich	dʲɛ	13
deimhin	dʲəɪnʲ	4
deimhin	dʲɪvʲənʲ	4
deir	dʲɛɾʲ	30
deireadh	dʲɛɾʲə	111
deireadh	dʲɛɾʲuː	111
deireadh	dʲɛɾʲu	111
deireadh	dʲɛɾʲəx	111
deireadh	dʲɛɾʲətʲ	111
deireadh	dʲɛɾʲəx	111
deireadh	dʲɛɾʲətʲ	111
deireadh	dʲɛɾʲuː	111
deireadh	dʲɛɾʲətʲ	111
deireadh	dʲɛɾʲu	111
deireanach	dʲɛɾʲənˠəx	26
deireanach	dʲɛɾʲənˠah	26
deirfiúr	dʲɾʲəfˠuːɾˠ	5
deirfiúr	dʲɾʲəfʲuːɾˠ	5
deirfiúr	dʲɛɾʲəfˠuːɾˠ	5
deirfiúr	dʲɾʲauhəɾˠ	5
deirfiúr	dʲɾʲauɾˠ	5
deirfiúr	dʲɾʲɛhuːɾˠ	5
deirfiúr	dʲɛɾʲəfʲəɾˠ	5
deirfiúr	dʲɛɾʲəhuːɾˠ	5
deirfiúr	dʲɛɾʲəfʲaɾˠ	5
deirfiúr	dʲɛɾʲəfʲəɾˠ	5
deis	dʲɛʃ	5
deisceabal	dʲɛʃcəbˠəlˠ	1
deisceart	dʲɛʃcəɾˠt̪ˠ	6
deise	dʲɛʃə	5
deiseal	dʲɛʃəlˠ	1
déistin	dʲeːʃtʲənʲ	1
den	dʲɛnˠ	615
den	dʲənˠ	615
den	ɡənˠ	615
deoch	dʲɔx	4
desna	dʲɛsˠn̪ˠə	1
dhá	ɣɑː	176
dhá	ɣæː	176
dhá	ɣɑː	176
dhá	ɑː	176
dhá	ɣæː	176
dháiríre	ɣɑːɾʲiːɾʲə	2
dháiríre	ɣæɾʲiːɾʲə	2
dhaoine	ɣiːnʲə	37
dháréag	ɣɑːɾˠeːɡ	2
dhe	jɛ	1
dheacair	jakəɾʲ	2
dheacair	jækəɾʲ	2
dhéag	jeːɡ	3
dhéanfadh	jiːnətʲ	6
dhéanfadh	jiːnəx	6
dheireadh	jɛɾʲə	25
dheireadh	jɛɾʲuː	25
dheireadh	jɛɾʲu	25
dhiaidh	jiə	125
dhícheall	jiːçəl̪ˠ	1
dhícheall	jiːhəl̪ˠ	1
dhó	ɣoː	9
dhó	ɣɔː	9
dhóibh	ɣoːvʲ	1
dhóibh	ɣoːbʲ	1
dhóibh	ɣoːbˠ	1
dhóibh	oːbʲ	1
dhóibh	oːbˠ	1
dhóigh	ɣoːɟ	6
dhóigh	ɣoː	6
dhóthain	ɣoːhənʲ	1
dhóthain	ɣoːnʲ	1
dhóthain	ɣɔhənʲ	1
dhubh	ɣʊvˠ	4
dhubh	ɣʊvˠ	4
dhubh	ɣʊw	4
dhúil	ɣuːlʲ	6
dhuine	ɣɪnʲə	39
dhúinn	ɣuːn̠ʲ	2
dhúinn	uːn̠ʲ	2
dhúinn	ɣɪn̠ʲ	2
dhúinn	ɪn̠ʲ	2
dhul	ɣʊlˠ	6
dhún	ɣuːnˠ	52
di	dʲɪ	53
di	dʲiː	53
di	d̪ˠiː	53
dia	dʲiə	11
dia	dʲiə	11
diabhal	dʲiəl̪ˠ	2
diaidh	dʲiə	5
diamant	dʲiˑəmˠən̪ˠt̪ˠ	1
dian	dʲiənˠ	6
diana	dʲiənˠə	1
diarmaid	dʲiəɾˠmˠədʲ	3
difríocht	dʲɪfʲɾʲiəxt̪ˠ	9
dílis	dʲiːlʲəʃ	6
ding	dʲɪɲ	2
ding	dʲɪɲɟ	2
dínn	dʲiːn̠ʲ	1
dínn	d̪ˠiːn̠ʲ	1
díobh	dʲiːbˠ	49
díobh	d̪ˠiːbˠ	49
díol	dʲiːlˠ	7
díol	dʲiəl̪ˠ	7
díomá	dʲiːmˠvˠɑː	3
díomá	dʲiːmˠɑː	3
díomá	dʲiːmˠæ	3
díon	dʲiːnˠ	3
díreach	dʲiːɾʲəx	48
díreach	dʲiːɾʲah	48
díreacha	dʲiːɾʲəxə	2
díreacha	dʲiːɾʲahə	2
díreacha	dʲiːɾʲaxə	2
diúc	dʲuːk	6
diúl	dʲuːlˠ	1
dlí	dʲlʲiː	61
dlúth	d̪ˠlˠuː	14
do	d̪ˠɔ	550
do	d̪ˠə	550
do	d̪ˠɔ	550
do	d̪ˠə	550
do	ɡə	550
do	d̪ˠə	550
dó	d̪ˠoː	136
dó	d̪ˠɔː	136
dócha	d̪ˠoːxə	40
dócha	d̪ˠɔːxə	40
dochar	d̪ˠɔxəɾˠ	6
dochar	d̪ˠʌxəɾˠ	6
dóchas	d̪ˠoːxəsˠ	3
dóchas	d̪ˠɔːxəsˠ	3
dochreidte	d̪ˠɔçɾʲɛtʲə	3
dochtúir	d̪ˠɔxt̪ˠuːɾʲ	6
dochtúir	d̪ˠɔxt̪ˠuːɾʲ	6
dochtúir	d̪ˠʌxt̪ˠuɾʲ	6
dóibh	d̪ˠoːvʲ	61
dóibh	d̪ˠoːbʲ	61
dóibh	d̪ˠoːbˠ	61
doiciméad	d̪ˠɪcɪmʲeːd̪ˠ	4
doiciméad	d̪ˠɔcɪmʲeːd̪ˠ	4
doiciméad	d̪ˠɔcɪmʲed̪ˠ	4
dóigh	d̪ˠoːɟ	38
dóigh	d̪ˠoː	38
doirse	d̪ˠɔɾˠʃə	1
doirse	d̪ˠʌɾˠʃə	1
dom	d̪ˠɔmˠ	8
dom	d̪ˠəmˠ	8
dom	d̪ˠʊmˠ	8
dom	d̪ˠɔmˠ	8
domhain	d̪ˠəunʲ	77
domhan	d̪ˠaʊən̪ˠ	64
domhan	d̪ˠoːən̪ˠ	64
domhan	d̪ˠaʊn̪ˠ	64
domhnall	d̪ˠoːnˠəl̪ˠ	1
domhnall	d̪ˠuːnˠəl̪ˠ	1
don	d̪ˠənˠ	382
don	ɡənˠ	382
don	d̪ˠɔnˠ	382
don	d̪ˠʌnˠ	382
dona	d̪ˠʊnˠə	10
dona	d̪ˠɔnˠə	10
dónall	d̪ˠoːnˠəl̪ˠ	4
dónall	d̪ˠuːnˠəl̪ˠ	4
donn	d̪ˠɔn̪ˠ	11
donn	d̪ˠuːn̪ˠ	11
donn	d̪ˠəun̪ˠ	11
donna	d̪ˠɔn̪ˠə	1
donna	d̪ˠʊn̪ˠə	1
donncha	d̪ˠɔn̪ˠəxə	3
donncha	d̪ˠʊn̪ˠəxə	3
donncha	d̪ˠʌn̪ˠaxə	3
doras	d̪ˠɔɾˠəsˠ	4
doras	d̪ˠʌɾˠəsˠ	4
dorcha	d̪ˠɔɾˠəxə	16
dorcha	d̪ˠʌɾˠəxə	16
dorn	d̪ˠoːɾˠn̪ˠ	2
dos	d̪ˠɔsˠ	6
dos	d̪ˠʌsˠ	6
dósan	d̪ˠoːsˠənˠ	1
dóthain	d̪ˠoːhənʲ	9
dóthain	d̪ˠoːnʲ	9
dóthain	d̪ˠɔhənʲ	9
dráma	d̪ˠɾˠɑːmˠə	19
dráma	d̪ˠɾˠæːmˠə	19
dream	dˠɾˠaumˠ	12
dream	dˠɾˠoumˠ	12
dream	dʲɾʲɑːmˠ	12
dream	dʲɾʲamˠ	12
dream	dʲɾʲamˠ	12
dréimire	dʲɾʲeːmʲəɾʲə	3
droichead	d̪ˠɾˠɛçəd̪ˠ	26
droichead	d̪ˠɾˠɛhəd̪ˠ	26
droichead	d̪ˠɾˠeːd̪ˠ	26
droichead	d̪ˠɾˠeːd̪ˠ	26
droichead	d̪ˠɾˠəid̪ˠ	26
droichid	d̪ˠɾˠeːdʲ	3
droim	d̪ˠɾˠiːmʲ	15
droim	d̪ˠɾˠɪmʲ	15
droma	d̪ˠɾˠɔmˠə	2
dtaisce	d̪ˠaʃcɪ	4
dtalamh	d̪ˠɑlˠəvˠ	3
dtalamh	d̪ˠalˠə	3
dtalamh	d̪ˠalˠuː	3
dtalamh	d̪ˠalˠu	3
dtiarna	dʲiəɾˠn̪ˠə	2
dtír	dʲiːɾʲ	12
dtosach	d̪ˠəsˠɑx	3
dtosach	d̪ˠɔsˠəx	3
dtosach	d̪ˠʌsˠah	3
dtrí	dʲɾʲiː	7
dtuigeann	d̪ˠɪɟən̪ˠ	1
dua	d̪ˠuə	3
duais	d̪ˠuəʃ	52
dual	d̪ˠuəlˠ	25
dubh	d̪ˠʊvˠ	35
dubh	d̪ˠʊvˠ	35
dubh	d̪ˠʊw	35
dúchas	d̪ˠuːxəsˠ	3
dúigh	d̪ˠuːɟ	2
dúigh	d̪ˠuːj	2
dúil	d̪ˠuːlʲ	26
dúin	d̪ˠuːnʲ	20
duine	d̪ˠɪnʲə	346
dúinn	d̪ˠuːn̠ʲ	14
dúinn	d̪ˠɪn̠ʲ	14
dúirt	d̪ˠuːɾʲtʲ	29
duit	d̪ˠɪtʲ	5
dul	d̪ˠʊlˠ	127
dúlra	d̪ˠuːlˠɾˠə	14
dún	d̪ˠuːnˠ	21
dúnmharú	d̪ˠuːn̪ˠvˠaɾˠuː	4
dúr	d̪ˠuːɾˠ	1
é	eː	3172
é	ə	3172
ea	a	570
each	ax	1
éad	eːd̪ˠ	1
éadach	eːd̪ˠəx	1
éadach	eːd̪ˠax	1
éadach	eːd̪ˠah	1
éadan	eːd̪ˠənˠ	9
éadrom	eːd̪ˠɾˠəmˠ	8
eagar	aɡəɾˠ	24
eagla	aɡlˠə	14
eagla	aɡəlˠə	14
eagla	aːɡlə	14
eaglais	aɡəl̪ˠəʃ	47
eaglais	aːɡlˠəʃ	47
eaglais	ɑːɡlˠəʃ	47
eaglais	aɡlˠəʃ	47
eala	alˠə	1
éalaigh	ial̪ˠɪɟ	1
éalaigh	eːlˠə	1
éalaigh	eːlˠiː	1
éalaigh	eːlˠi	1
ealaín	alˠiːnʲ	7
ealaín	alˠiːnʲ	7
ealaín	æliːn	7
ealaín	ɑlˠɨnʲ	7
eallach	al̪ˠəx	1
éan	eːnˠ	44
earra	aɾˠə	1
earrach	əɾˠax	5
earrach	æɾˠəx	5
earrach	æːɾˠəx	5
earrach	aɾˠəx	5
earrach	aɾˠah	5
éasca	eːsˠkə	7
easóg	æsˠoːɡ	1
easóg	ɑsˠɔɡ	1
easóg	ɑsˠɑɡ	1
easpa	æspə	20
easpag	æsˠpˠəɡ	10
easpag	æsˠpˠoːɡ	10
easpag	ɑsˠpˠək	10
easpaig	asˠpˠɪɟ	1
eastóinis	asˠtˠoːnʲɪʃ	3
eastóinis	asˠtˠoːnʲɪʃ	3
éastras	eːsˠt̪ˠɾˠəsˠ	1
eatarthu	at̪ˠɾˠəbˠ	20
eatarthu	ɑt̪ˠɾˠəpˠ	20
eich	ɛç	1
éigean	eːɟənˠ	13
eile	ɛlʲə	572
éinne	eːnʲə	2
éire	eːɾʲə	9
eireaball	ɾˠɨbˠəl̪ˠ	3
éireannach	eːɾʲən̪ˠəx	72
éireannach	eːɾʲən̪ˠah	72
éireoidh	əiɾʲoː	1
éirí	əiɾʲiː	40
éirí	əiɾʲə	40
éirigh	əiɾʲɪɟ	20
éirigh	əiɾʲiː	20
éirigh	əiɾʲə	20
éirigh	iːɾʲi	20
éirigh	iːɾʲiː	20
éirinn	eːɾʲən̠ʲ	108
éirinn	eːɾʲɪɲ	108
éiríonn	əiɾʲiːn̪ˠ	16
éiríonn	əiɾʲiːn̪ˠ	16
éiríonn	iːɾʲin̪ˠ	16
éis	eːʃ	97
eisceacht	əʃcaxt̪ˠ	3
eisceacht	ɛʃcəxt̪ˠ	3
eisceacht	ɛʃcaht̪ˠ	3
eiscir	ɛʃcəɾʲ	1
eisean	ɛʃənˠ	27
éisteacht	eːʃtʲəxt̪ˠ	3
éisteacht	eːʃtʲaht̪ˠ	3
eite	ɛtʲə	9
eithne	ɛnʲə	2
eithne	ɛhnʲə	2
eitleáin	ɛtʲəlʲɑːnʲ	6
eitleáin	ɛtʲəlʲɑːnʲ	6
eitleáin	ɛtʲəlʲænʲ	6
eitleán	ɛtʲəlʲɑːn̪ˠ	3
eitleán	ɛtʲəlʲɑːnˠ	3
eitleán	ɛtʲəlʲænˠ	3
eo	oː	12
eo	ɔː	12
eochair	ɔxəɾʲ	4
eol	oːlˠ	7
eol	ɔːlˠ	7
eolaíocht	oːlˠiəxt̪ˠ	12
eolas	oːlˠəsˠ	42
eolas	ɔːlˠəsˠ	42
eorna	oːɾˠn̪ˠə	1
eorna	ɔːɾˠn̪ˠə	1
fá	fˠæː	9
fabht	fˠəut̪ˠ	1
fad	fˠɑd̪ˠ	89
fad	fˠad̪ˠ	89
fada	fˠɑd̪ˠə	55
fada	fˠad̪ˠə	55
fadhb	fˠəibˠ	2
fág	fˠɑːɡ	1
fág	fˠæːɡ	1
fágadh	fˠɑːɡəɡ	18
fágadh	fˠɑːɡəvˠ	18
fágadh	fˠɑːɡuː	18
fágadh	fˠæːɡu	18
fágadh	fˠɑːɡəx	18
fágadh	fˠɑːɡətʲ	18
fágadh	fˠɑːɡəx	18
fágadh	fˠɑːɡətʲ	18
fágadh	fˠɑːɡuː	18
fágadh	fˠæːɡətʲ	18
fágadh	fˠæːɡu	18
fágáil	fˠɑːɡɑːlʲ	2
fágáil	fˠɑːɡɑːlʲ	2
fágáil	fˠæːɡælʲ	2
fágann	fˠɑːɡən̪ˠ	5
fágfaidh	fˠɑːkə	1
fágfaidh	fˠæːkə	1
fágfaidh	fˠɑːkɪɟ	1
fágfaidh	fˠɑːkə	1
fágfaidh	fˠɑːkiː	1
fágfaidh	fˠæːki	1
faide	fˠadʲə	21
fail	fˠalʲ	2
fáil	fˠɑːlʲ	136
fáil	fˠæːlʲ	136
fáilte	fˠɑːlʲtʲə	8
fáilte	fˠæːlʲtʲə	8
fáinne	fˠɑːɲə	8
fáinne	fˠɑːn̠ʲə	8
fáinne	fˠæːn̠ʲə	8
fairsing	fˠɑɾˠʃɪɲ	11
fairsing	fˠɑɾˠʃənʲ	11
fairsing	fˠaɾˠʃən̠ʲ	11
faitíos	fˠatʲiəsˠ	1
faitíos	fˠatʲçiːsˠ	1
faitíos	fˠatʲçəsˠ	1
faitíos	fˠaːtʲiəsˠ	1
faitíos	fˠatʲisˠ	1
fán	fˠɑːn̪ˠ	2
fán	fˠæːn̪ˠ	2
fána	fˠæːnˠə	4
fánach	fˠɑːnˠəx	3
fánach	fˠæːnˠah	3
fanacht	fˠɑnˠəxt̪ˠ	14
fanacht	fˠanˠəxt̪ˠ	14
fanacht	fˠanˠaht̪ˠ	14
faoi	fˠiː	381
faoin	fˠiːnʲ	127
faoina	fˠiːnˠə	22
fara	fˠaɾˠə	2
farraige	fˠaɾˠɪɟɪ	21
fás	fˠɑːsˠ	38
fás	fˠæːsˠ	38
fásach	fˠɑːsˠəx	7
fásach	fˠæːsˠah	7
fásta	fˠɑːsˠt̪ˠə	12
fáth	fˠɑː	3
fáth	fˠæː	3
fé	fʲeː	3
feabhas	fʲəusˠ	5
feabhas	fʲoːsˠ	5
feabhra	fʲauɾˠə	25
féach	fʲeːx	17
féach	fʲiax	17
feadh	fʲaɡ	50
feadh	fʲa	50
feadh	fʲæː	50
feadh	fʲaw	50
feamainn	fʲamˠən̠ʲ	1
feamainn	fʲamˠɪɲ	1
fear	fʲaɾˠ	66
fear	fʲæɾˠ	66
féar	fʲeːɾˠ	3
fearg	fʲaɾˠəɡ	4
fearg	fʲæːɾˠəɡ	4
fearr	fʲaːɾˠ	48
fearr	fʲɑːɾˠ	48
fearr	fʲæːɾˠ	48
feiceáil	fʲɛcɑːlʲ	23
feiceáil	fʲɛcælʲ	23
feidhm	fʲəimʲ	67
feidhmeannach	fʲəimʲən̪ˠəx	2
féidir	fʲeːdʲəɾʲ	310
féile	fʲeːlʲə	14
feiliúnach	fʲɛlʲuːnˠəx	1
féin	heːnʲ	510
féin	fʲeːnʲ	510
feirge	fʲɛɾʲɪɟɪ	1
feis	fʲɛʃ	3
feola	fʲoːl̪ˠə	1
feola	fʲoːlˠə	1
feola	fʲɔːlˠə	1
fhada	ɑd̪ˠə	15
fhada	ad̪ˠə	15
fhágaint	ɑːɡənʲtʲ	3
fhaide	adʲə	1
fharraige	aɾˠəɟɪ	8
fhear	aɾˠ	22
fhéin	heːnʲ	4
fhir	ɪɾʲ	7
fhocal	ɔkəlˠ	14
fhocal	ʌkəlˠ	14
fhómhair	oːɾʲ	2
fhómhair	õːɾʲ	2
fhómhair	oːvˠəɾʲ	2
fhómhair	uːwəɾʲ	2
fhómhair	ɔːwəɾʲ	2
fhonn	əun̪ˠ	1
fhonn	uːn̪ˠ	1
fhonn	ʌn̪ˠ	1
fiabhras	fʲiəvˠɾˠəsˠ	8
fiach	fʲiəx	2
fiacha	fʲiəxə	4
fial	fʲiəlˠ	1
fiar	fʲiəɾˠ	3
fiche	fʲɪhə	17
fiche	fʲɪçə	17
fiche	fʲiː	17
fine	fʲɪnʲə	13
finn	fʲiːɲ	1
finn	fʲiːn̠ʲ	1
finn	fʲɪn̠ʲ	1
finne	fʲɪn̠ʲə	2
fíon	fʲiːnˠ	3
fíor	fʲiːɾˠ	12
fíor	fʲiəɾˠ	12
fios	fʲɪsˠ	33
fir	fʲɪɾʲ	13
fireann	fʲɪɾˠən̪ˠ	7
fírinne	fʲiːɾʲɪɲɪ	14
fírinne	fʲiːɾʲənʲə	14
fírinne	fʲiːɾʲən̠ʲə	14
fisic	fʲɪʃɪc	1
fiú	fʲuː	54
fleá	fʲlʲaː	1
fleá	fʲlʲɑː	1
fleá	fʲlʲæː	1
fliuch	fʲlʲʊx	4
fliuch	fʲlʲɔx	4
fliúit	fʲlʲuːtʲ	4
focail	fˠɔkəlʲ	38
focail	fˠʌkəlʲ	38
focal	fˠɔkəlˠ	76
focal	fˠʌkəlˠ	76
focla	fˠɔkl̪ə	2
fód	fˠoːd̪ˠ	1
fód	fˠɔːd̪ˠ	1
foghlaim	fˠoːl̪ˠɪmʲ	7
fógra	fˠoːɡɾˠə	3
fógra	fˠɔːɡɾˠə	3
foireann	fˠɪɾʲən̪ˠ	16
foirgneamh	fˠɔɾʲɪɟənʲəvˠ	17
foirgneamh	fˠɔɾʲɪɟnʲəvˠ	17
foirgneamh	fˠɔɾʲɪɟnʲuː	17
foirgneamh	fˠʌɾʲɪɟnʲu	17
foláir	fʲlʲɑːɾˠ	5
folamh	fˠɔl̪ˠəvˠ	5
folamh	fˠaːl̪ˠə	5
folamh	fˠɔl̪ˠuː	5
folamh	fˠʌl̪ˠu	5
fómhar	fˠoːɾˠ	1
fómhar	fˠõːɾˠ	1
fómhar	fˠoːvˠəɾˠ	1
fómhar	fˠuːwəɾˠ	1
fómhar	fˠɔːwəɾˠ	1
fomhuireán	fɔvˠərʲɑːn̪ˠ	4
fomhuireán	fɔwərʲɑːnˠ	4
fomhuireán	fɔːwərʲænˠ	4
fón	fˠoːnˠ	1
fonn	fˠəun̪ˠ	7
fonn	fˠuːn̪ˠ	7
fonn	fˠʌn̪ˠ	7
fonn	fˠəun̪ˠ	7
foraois	fəɾˠiːʃ	8
foraois	fɔɾˠiːʃ	8
foraois	fʌɾˠiʃ	8
fos	fˠɔsˠ	1
fos	fˠʌsˠ	1
fós	fˠoːsˠ	65
fós	fˠɔːsˠ	65
foscadh	fˠasˠkə	2
fosta	fˠɔsˠt̪ˠə	19
fraincis	fˠɾˠaɲcɪʃ	14
fraincis	fˠɾˠæɲcɪʃ	14
francach	fˠɾˠɑŋkəx	11
francach	fˠɾˠaːŋkəx	11
francach	fˠɾˠaŋkəx	11
francach	fˠɾˠaŋkah	11
francach	fˠɾˠɑŋkəx	11
francach	fˠɾˠaːŋkəx	11
francach	fˠɾˠaŋkəx	11
francach	fˠɾˠaŋkah	11
fraoch	fˠɾˠeːx	1
fraoch	fˠɾˠiːx	1
frása	fˠɾˠɑːsˠə	3
frása	fˠɾˠæːsˠə	3
freagra	fʲɾʲaɡəɾˠə	7
freagra	fʲɾʲaɡɾˠə	7
fréamh	fʲɾʲeːvˠ	3
fréamhacha	fʲɾʲeːwəxə	6
fréamhacha	fʲɾʲeːwəxiː	6
fréamhacha	fʲɾʲeːvˠaxə	6
fréamhacha	fʲɾʲeːvˠahə	6
freastail	fʲɾʲasˠt̪ˠəlʲ	1
freastalaí	fʲɾʲasˠt̪ˠəl̪ˠiː	2
freastalaí	fʲɾʲasˠt̪ˠəlˠiː	2
freastalaí	fʲɾʲasˠt̪ˠəlˠi	2
freisin	fʲɾʲɛʃənʲ	233
freisin	fˠɾˠɔʃənʲ	233
fríd	fʲɾʲiːdʲ	4
fuadar	fˠuəd̪ˠəɾˠ	1
fuadh	fˠuəɡ	1
fuadh	fˠuəvˠ	1
fuadh	fˠuəw	1
fuadh	fˠuəw	1
fuadh	fˠuəx	1
fuadh	fˠuətʲ	1
fuadh	fˠuəx	1
fuadh	fˠuətʲ	1
fuadh	fˠuəw	1
fuadh	fˠuətʲ	1
fuadh	fˠuəw	1
fuaim	fˠuəmʲ	9
fuair	fˠuəɾʲ	157
fual	fˠuəlˠ	1
fuar	fˠuəɾˠ	5
fuath	fˠuə	1
fuil	fˠɪlʲ	3
fuinneog	fʲɪɲuːɡ	2
fuinneog	fˠəɲoːɡ	2
fuinneog	fˠən̠ʲoːɡ	2
fuinneog	fˠɪn̠ʲoːɡ	2
fuinneog	fˠɪn̠ʲɔɡ	2
fuinneog	fˠɪn̠ʲaɡ	2
fuinneoga	fˠɪɲoːɡə	2
fuinneoga	fˠɪn̠ʲoːɡə	2
fuinneoga	fˠɪn̠ʲoːɡə	2
fuinneoga	fˠɪn̠ʲoːɡiː	2
fuinneoga	fˠɪn̠ʲɔɡə	2
fúithi	fˠʊhə	1
fúithi	fˠuː	1
furasta	fˠʊɾ̪ˠəst̪ˠə	8
furasta	fˠɾ̪ˠʊst̪ˠə	8
fusa	fˠʊsˠə	1
fúthu	fˠuːbˠ	7
ga	ɡa	3
gá	ɡɑː	48
gá	ɡæː	48
gabha	ɡəuə	2
gabha	ɡəu	2
gabha	ɡoː	2
gach	ɡax	201
gaeilge	ɡeːlʲɟɪ	176
gael	ɡeːlˠ	15
gafa	ɡafˠə	3
gaillimh	ɡal̠ʲɪvʲ	5
gairdín	ɡɑːɾˠdʲiːnʲ	2
gairdín	ɡɑːɾˠdʲiːnʲ	2
gairdín	ɡæːɾˠdʲinʲ	2
gaire	ɡaɾʲə	5
gairid	ɡaɾʲədʲ	23
gairm	ɡaɾʲəmʲ	4
gairme	ɡaɾʲəmʲə	5
gais	ɡaʃ	2
gaisce	ɡaʃcɪ	1
galar	ɡal̪ˠəɾˠ	39
gall	ɡɑːl̪ˠ	10
gall	ɡɑːl̪ˠ	10
gallúnach	ɡalˠuːnˠəx	2
gan	ɡən̪ˠ	160
gan	ɡɑn̪ˠ	160
gan	ɡan̪ˠ	160
gaol	ɡeːl̪ˠ	19
gaol	ɡiːlˠ	19
gaoth	ɡeːh	2
gaoth	ɡiːh	2
gaothrán	ɡiːɾ̥ˠɑːn̪ˠ	1
garbh	ɡɑɾˠəvˠ	9
garbh	ɡaɾˠəvˠ	9
garbh	ɡaɾˠuː	9
garbh	ɡaɾˠu	9
garda	ɡɑːɾˠd̪ˠə	1
garda	ɡæːɾˠd̪ˠə	1
garda	ɡɑːɾˠd̪ˠə	1
garda	ɡæːɾˠd̪ˠə	1
garraí	ɡɑɾˠiː	1
garraí	ɡaɾˠiː	1
garraí	ɡaɾˠi	1
gasúir	ɡɑsˠuːɾʲ	1
gasúir	ɡasˠuːɾʲ	1
gasúir	ɡasˠuɾʲ	1
gasúr	ɡɑsˠuːɾˠ	3
gasúr	ɡasˠuːɾˠ	3
gasúr	ɡasˠuɾˠ	3
gcairde	ɡɑːɾˠdʲə	1
gcaptaen	ɡɑpˠt̪ˠeːn̪ˠ	2
gcara	ɡaɾˠə	1
gcás	ɡɑːsˠ	28
gcás	ɡæːsˠ	28
gcéad	ɟeːd̪ˠ	10
gcéadta	ɟeːt̪ˠə	4
gceann	ɟaun̪ˠ	26
gceann	ɟɑːn̪ˠ	26
gceann	ɟan̪ˠ	26
gcearnóg	ɟaːɾˠn̪ˠoːɡ	2
gcearnóg	ɟɑːɾˠn̪ˠoːɡ	2
gcearnóg	ɟæːɾˠn̪ˠɔɡ	2
gceist	ɟɛʃtʲ	88
gcodladh	ɡɔl̪ˠə	1
gcodladh	ɡɔl̪ˠuː	1
gcodladh	ɡʌl̪ˠu	1
gcósta	ɡoːsˠt̪ˠə	6
gcósta	ɡɔːsˠt̪ˠə	6
gcrainn	ɡɾˠaiɲ	2
gcrainn	ɡɾˠiːnʲ	2
gcrainn	ɡɾˠiːn̠ʲ	2
gcrainn	ɡɾˠɪn̠ʲ	2
gcroí	ɡɾˠiː	3
gcuan	ɡuənˠ	2
gcurach	ɡəɾˠax	1
gcurach	ɡʊɾˠəx	1
gcurach	ɡɔɾˠəx	1
gcurach	ɡɤɾˠax	1
gcurach	ɡɤɾˠah	1
gcurach	ɡɤɾˠa	1
gé	ɟeː	1
géag	ɟeːɡ	2
géagach	ɟeːɡəx	1
géagach	ɟeːɡah	1
geal	ɟalˠ	16
geala	ɟalˠə	3
gealach	ɟəl̪ˠɑx	4
gealach	ɟalˠəx	4
gealach	ɟæl̪ˠəx	4
gealach	ɟalˠah	4
gealbhan	ɟəlˠuːn̪ˠ	1
geall	ɟaul̪ˠ	1
geall	ɟaːl̪ˠ	1
geall	ɟɑːl̪ˠ	1
geall	ɟal̪ˠ	1
gean	ɟanˠ	2
géar	ɟeːɾˠ	13
gearmáinis	ɟaɾˠəmˠɑːnʲɪʃ	14
gearmáinis	ɟaɾˠəmˠɑːnʲɪʃ	14
gearmáinis	ɟaɾˠəmˠænʲɪʃ	14
gearr	ɟaːɾˠ	9
gearr	ɟɑːɾˠ	9
gearradh	ɟaɾˠə	5
gearradh	ɟaɾˠə	5
gearradh	ɟɑːɾˠə	5
gearradh	ɟaɾˠuː	5
gearradh	ɟaɾˠu	5
gearradh	ɟaɾˠəɡ	5
gearradh	ɟaɾˠəvˠ	5
gearradh	ɟɑːɾˠəvˠ	5
gearradh	ɟaɾˠuː	5
gearradh	ɟaɾˠu	5
gearradh	ɟaɾˠəx	5
gearradh	ɟaɾˠətʲ	5
gearradh	ɟɑːɾˠətʲ	5
gearradh	ɟaɾˠəx	5
gearradh	ɟɑːɾˠəx	5
gearradh	ɟaɾˠətʲ	5
gearradh	ɟaɾˠuː	5
gearradh	ɟaɾˠətʲ	5
gearradh	ɟaɾˠu	5
geasa	ɟasˠə	1
geata	ɟat̪ˠə	2
geata	ɟæt̪ˠə	2
geimhreadh	ɟiːɾʲə	1
geimhreadh	ɟiːvʲɾʲə	1
geimhreadh	ɟɛvʲɾʲuː	1
geimhreadh	ɟɛvʲɾʲu	1
ghairdín	ɣɑːɾˠdʲiːnʲ	2
ghairdín	ɣɑːɾˠdʲiːnʲ	2
ghairdín	ɣæːɾˠdʲinʲ	2
ghall	ɣɑːl̪ˠ	1
ghlan	ɣlˠanˠ	3
ghnách	ɣn̪ˠɑːx	9
ghnách	ɣnˠɑːx	9
ghnách	ɡɾˠɑːx	9
ghnách	ɣɾˠæːx	9
ghníomhaíocht	ɣn̪ˠiːvˠiəxt̪ˠ	1
ghníomhaíocht	ɣɾˠiːwiəxt̪ˠ	1
ghníomhaíocht	ɣɾˠiːwiaht̪ˠ	1
ghoid	ɣɛdʲ	3
ghránaigh	ɣɾˠɑːn̪ˠɪɟ	1
ghránaigh	ɣɾˠɑːnˠə	1
ghránaigh	ɣɾˠɑːnˠiː	1
ghránaigh	ɣɾˠæːnˠi	1
ghrian	jɾʲiənˠ	11
gile	ɟɪlʲə	7
giosta	ɟɪsˠt̪ˠə	1
giúdach	ɟuːd̪ˠəx	8
giúdach	ɟuːd̪ˠah	8
glac	ɡlˠɑk	1
glac	ɡlˠak	1
glan	ɡlˠanˠ	5
glanadh	ɡl̪ˠɑn̪ˠə	2
glanadh	ɡlˠanˠə	2
glanadh	ɡlˠanˠuː	2
glanadh	ɡlˠanˠu	2
glanadh	ɡl̪ˠɑn̪ˠəɡ	2
glanadh	ɡlˠanˠəvˠ	2
glanadh	ɡlˠanˠuː	2
glanadh	ɡlˠanˠu	2
glanadh	ɡl̪ˠɑn̪əx	2
glanadh	ɡlˠanˠətʲ	2
glanadh	ɡlˠanˠəx	2
glanadh	ɡlˠanˠətʲ	2
glanadh	ɡlˠanˠuː	2
glanadh	ɡlˠanˠətʲ	2
glanadh	ɡlˠanˠu	2
glas	ɡlˠasˠ	18
gleann	ɟlʲaːnˠ	17
gléas	ɟlʲeːsˠ	12
gliú	ɟlʲuː	1
gloine	ɡlˠɪnʲə	13
glóir	ɡlˠoːɾʲ	1
glóir	ɡlˠɔːɾʲ	1
glór	ɡlˠoːɾˠ	3
glór	ɡlˠɔːɾˠ	3
gluaisrothar	ɡlˠuəʃɾˠɔhəɾˠ	1
glúin	ɡl̪ˠuːnʲ	7
glúin	ɡluːn	7
glúin	ɡlˠuːnʲ	7
gnách	ɡn̪ˠɑːx	25
gnách	ɡnˠɑːx	25
gnách	ɡɾˠɑːx	25
gnách	ɡɾˠæːx	25
gnáth	ɡn̪ˠɑː	16
gnáth	ɡɾˠɑː	16
gnáth	ɡnˠɑː	16
gnáth	ɡɾˠæː	16
gníomh	ɟnʲiːəvˠ	4
gníomh	ɟɾʲiːəvˠ	4
gníomh	ɟɾʲiːəw	4
gníomhaíocht	ɡn̪ˠiːvˠiəxt̪ˠ	6
gníomhaíocht	ɡɾˠiːwiəxt̪ˠ	6
gníomhaíocht	ɡɾˠiːwiaht̪ˠ	6
gnó	ɡn̪ˠoː	33
gnó	ɡɾˠoː	33
gnó	ɡɾˠɔː	33
gnóthaigh	ɡɾˠuː	1
go	ɡɔ	1932
go	ɡə	1932
gob	ɡɔbˠ	2
goid	ɡɛdʲ	2
goidte	ɡɛtʲə	1
goile	ɡɛlʲə	1
goirt	ɡɔɾˠtʲ	2
goirt	ɡɪɾˠtʲ	2
gol	ɡɔl̪ˠ	1
gol	ɡɔlˠ	1
gol	ɡʌlˠ	1
gorm	ɡɔɾˠəmˠ	15
gort	ɡɔɾˠt̪ˠ	6
gorta	ɡɔɾˠt̪ˠə	6
gortú	ɡoɾˠt̪ˠuː	1
grá	ɡɾˠɑː	14
grá	ɡɾˠæː	14
gráin	ɡɾˠɑːnʲ	3
gráin	ɡɾˠæːnʲ	3
gránna	ɡɾˠɑːn̪ˠə	3
gránna	ɡɾˠæːn̪ˠə	3
greann	ɟɾʲaun̪ˠ	6
greann	ɟɾʲɑːn̪ˠ	6
greann	ɟɾʲan̪ˠ	6
greim	ɟɾʲəɪmʲ	7
greim	ɟɾʲiːmʲ	7
grian	ɟɾʲiənˠ	1
gríos	ɡɾʲɪsˠ	1
grúpa	ɡɾˠuːpˠə	24
grús	ɡɾˠuːsˠ	1
guaillí	ɡuəl̠ʲiː	3
gual	ɡuəlˠ	3
guid	ɡɪdʲ	1
gunna	ɡʊn̪ˠə	2
gunna	ɡɤn̪ˠə	2
gur	ɡʊɾˠ	377
gur	ɡəɾˠ	377
guta	ɡʊt̪ˠə	6
hainmneacha	hanʲəmʲnʲəxə	4
hainmneacha	hanʲəmʲnʲəxiː	4
hainmneacha	hanʲəmʲnʲahə	4
hais	haʃ	3
haithne	hæn̠ʲə	2
haithne	hænə	2
haithne	hæːnʲə	2
halbain	haləbˠənʲ	6
halban	haləbˠənˠ	43
halla	hal̪ˠə	9
hallaí	hal̪ˠiː	2
haon	heːn̪ˠ	15
haon	hiːnˠ	15
har	haɾˠ	1
harm	haɾˠəmˠ	1
hata	hat̪ˠə	1
haváis	hawaːɪʃ	1
haváis	hawaːɪʃ	1
héin	heːnʲ	1
hí	hiː	3
hidrigin	hɪdʲɾʲɪɟɪnʲ	4
hithe	hɪhə	3
hithe	hiːhə	3
hithe	hiːə	3
hithe	hiə	3
hithe	hiː	3
hocht	hɔxt̪ˠ	2
hocht	hʌxt̪ˠ	2
hoibre	hɛbʲrʲə	9
hoibre	hɛbʲərʲə	9
hoibre	həibʲrʲə	9
holc	hɔlˠk	3
holc	hʌlˠk	3
huile	hɪlʲə	1
i	ɪ	3862
í	iː	424
í	iː	424
iad	iəd̪ˠ	518
iadsan	iəd̪ˠsˠənˠ	4
iaguair	iəɡuəɾʲ	1
iaguar	iəɡuəɾˠ	1
iarann	iəɾˠən̪ˠ	3
iarla	iəɾˠl̪ˠə	9
iarr	iəɾˠ	1
iarraidh	iəɾˠɪɟ	50
iarraidh	iəɾˠə	50
iarraidh	iəɾˠiː	50
iarraidh	iəɾˠi	50
iarsmalann	iəɾˠsˠmˠəlˠən̪ˠ	3
iarthar	iˑəɾˠhəɾˠ	31
iasc	iəsˠk	11
iascach	iəskəx	1
iascach	iəskah	1
iascaireacht	iəsˠkəɾʲəxt̪ˠ	3
idir	ɪdʲəɾʲ	257
idir	ɛdʲəɾʲ	257
ifreann	ɪfʲɾʲənˠ	1
im	aimʲ	4
im	iːmʲ	4
im	ɪmʲ	4
im	ɪmˠ	4
imeacht	ɪmʲaxt̪ˠ	14
imeacht	ɪmʲəxt̪ˠ	14
imeacht	ɪmʲaxt̪ˠ	14
imeall	ɪmʲəlˠ	9
imirt	ɪmʲəɾˠtʲ	11
imithe	ɪmʲɪhɪ	8
imní	ɪmʲənʲiː	5
imní	ɪmʲɾʲiː	5
imní	ɪmʲɾʲi	5
imreoir	ɪmʲɾʲoːɾʲ	12
ina	ɪnˠə	1037
inar	ɪnˠəɾˠ	13
inchinn	ɪɲçən̠ʲ	9
india	ɪnʲdʲiə	12
iníon	ɪnʲiːnˠ	20
iníon	ɪnʲiːnʲ	20
iníon	n̠ʲiənˠ	20
inis	ɪnʲɪʃ	20
inneall	ɪn̠ʲəl̪ˠ	15
innealtóir	inʲəlˠt̪ˠoːɾʲ	6
ins	ɪnˠsˠ	16
inse	inʲʃə	1
inste	ɪn̠ʲʃtʲə	2
inti	ɪn̠ʲtʲə	33
inti	iːn̠ʲtʲə	33
intinn	iːn̠ʲtʲən̠ʲ	5
íoc	iːk	8
iodáil	əd̪ˠɑːlʲ	20
iodáil	ɪd̪ˠɑːlʲ	20
iodáil	ɪd̪ˠælʲ	20
iodáilis	ɪdˠaːlʲɪʃ	15
iodáilis	ɪdˠaːlʲɪʃ	15
iomarca	ʊmˠəɾˠkə	9
iompaigh	ʊmˠpˠə	1
iompair	ʊmˠpˠəɾʲ	22
iompar	ʊmˠpˠəɾˠ	23
iompú	ʊmˠpˠuː	3
ionad	ʊn̪ˠəd̪ˠ	53
ionad	ɔnˠəd̪ˠ	53
ionad	ʌnˠəd̪ˠ	53
ionadh	uːn̪ˠə	7
ionadh	iːnˠə	7
ionadh	iːnˠuː	7
ionadh	iːnˠu	7
ionsaí	ʊnˠsˠiː	17
ionsaí	ɔnˠsˠiː	17
ionsaí	ɤnˠsˠi	17
iontach	uːn̪ˠt̪ˠəx	5
iontach	iːn̪ˠt̪ˠəx	5
iontach	iːn̪ˠt̪ˠah	5
iontas	uːn̪ˠt̪ˠəsˠ	2
iontas	iːn̪ˠt̪ˠəsˠ	2
iontas	iːn̪ˠt̪ˠəsˠ	2
iontas	ɤːn̪ˠt̪ˠəsˠ	2
iontas	ʌn̪ˠt̪ˠəsˠ	2
iontráil	ʊn̪ˠt̪ˠɾˠɑːlʲ	2
iontráil	ʊn̪ˠt̪ˠɾˠɑːlʲ	2
iontráil	ɪn̪ˠt̪ˠɾˠælʲ	2
iontu	uːn̪ˠt̪ˠə	43
iorua	ɪɾˠuə	2
iorua	ɪɾˠuə	2
íosa	iːsˠə	18
iris	ɪɾɪʃ	32
is	ɪsˠ	4691
is	sˠ	4691
is	ɪsˠ	4691
is	sˠ	4691
is	ʃ	4691
ise	ɪʃə	1
íseal	iːʃəlˠ	14
isteach	əʃtʲax	166
isteach	əʃtʲæx	166
istigh	əʃtʲɪɟ	43
istigh	əʃtʲɪj	43
ite	ɪtʲə	1
itear	ɪtʲəɾˠ	5
ith	ɪ	1
ith	ɪh	1
ith	iː	1
ithe	ɪhə	9
ithe	iːhə	9
ithe	iːə	9
ithe	iə	9
ithe	iː	9
itheann	ɪhən̪ˠ	13
ithir	ɪhəɾʲ	6
iúr	uːɾˠ	4
lá	l̪ˠɑː	186
lá	l̪ˠæː	186
labhair	l̪ˠəuɾʲ	3
labhairt	l̪ˠəuɾˠtʲ	27
lacha	l̪ˠaxə	5
lae	l̪ˠeː	26
lag	l̪ˠɑɡ	7
lag	l̪ˠaɡ	7
laga	l̪ˠɑɡə	1
laga	l̪ˠaɡə	1
láib	l̪ˠɑːbʲ	1
láib	l̪ˠæːbʲ	1
laidin	l̪ˠadʲɪnʲ	35
láidir	l̪ˠɑːdʲəɾʲ	48
láidre	l̪ˠɑːdʲɾʲə	6
lámh	l̪ˠɑːvˠ	31
lámh	l̪ˠæːw	31
lán	l̪ˠɑːnˠ	107
lán	l̪ˠæːnˠ	107
lann	l̪ˠaun̪ˠ	5
lann	l̪ˠɑːn̪ˠ	5
lann	l̪ˠan̪ˠ	5
laoch	l̪ˠeːx	5
laoch	l̪ˠiːx	5
lár	l̪ˠɑːɾˠ	74
lár	l̪ˠæːɾˠ	74
las	l̪ˠasˠ	2
lasadh	l̪ˠɑsˠə	1
lasadh	l̪ˠasˠə	1
lasadh	l̪ˠasˠuː	1
lasadh	l̪ˠasˠu	1
lasadh	l̪ˠɑsˠəɡ	1
lasadh	l̪ˠasˠəvˠ	1
lasadh	l̪ˠasˠuː	1
lasadh	l̪ˠasˠu	1
lasadh	l̪ˠɑsˠəx	1
lasadh	l̪ˠasətʲ	1
lasadh	l̪ˠasəx	1
lasadh	l̪ˠasətʲ	1
lasadh	l̪ˠasuː	1
lasadh	l̪ˠasətʲ	1
lasair	l̪ˠasˠəɾʲ	3
lasrach	l̪ˠasˠəɾˠəx	3
lasrach	l̪ˠasˠɾˠəx	3
lasrach	l̪ˠasˠɾˠah	3
lasracha	l̪ˠasˠəɾˠəxə	1
lasracha	l̪ˠasˠɾˠəxə	1
lasracha	l̪ˠasˠɾˠahə	1
lasta	l̪ˠasˠt̪ˠə	1
láthair	l̪ˠɑːhəɾʲ	42
láthair	l̪ˠɑːɾʲ	42
láthair	l̪ˠæhəɾʲ	42
le	lʲɛ	2177
leaba	l̠ʲabˠə	3
leaba	l̠ʲæːbˠə	3
leabhair	l̠ʲəurʲ	47
leabhar	l̠ʲəuɾˠ	177
leabhar	l̠ʲoːɾˠ	177
leac	l̠ʲak	5
leac	l̠ʲæk	5
leaca	l̠ʲakə	1
leacht	l̠ʲaxt̪ˠ	17
léacht	l̠ʲeːxt̪ˠ	2
léachtóir	l̠ʲeːxt̪ˠoːɾʲ	6
léachtóir	l̠ʲeːxt̪ˠoːɾʲ	6
léachtóir	l̠ʲeːxt̪ˠɔɾʲ	6
leag	l̠ʲaɡ	6
leagan	l̠ʲaɡənˠ	74
leagan	l̠ʲæɡən̪ˠ	74
leáigh	lʲɑːɟ	1
leáigh	l̠ʲɑː	1
leáigh	l̠ʲæːj	1
lean	lʲan̪ˠ	29
lean	l̠ʲanˠ	29
lean	l̠ʲan̪ˠ	29
leanbh	lʲan̪ˠəvˠ	13
leanbh	lʲan̪ˠə	13
leanbh	l̠ʲanˠəwˠ	13
leanbh	l̠ʲanˠu	13
leapa	lʲapˠə	1
lear	l̠ʲaɾˠ	4
léarscáil	lʲeːɾˠsˠkaːlʲ	14
leas	l̠ʲasˠ	21
leas	l̠ʲæsˠ	21
léas	l̠ʲeːsˠ	11
leat	lʲat̪ˠ	7
leat	lʲæt̪ˠ	7
leath	l̠ʲah	36
leath	lʲæ	36
leath	lʲæx	36
leath	l̠ʲæ	36
leathan	l̠ʲahənˠ	17
leathanach	l̠ʲahənˠəx	12
leathanach	l̠ʲahənˠəx	12
leathanach	l̠ʲɑːnˠəx	12
leathanach	l̠ʲahənˠah	12
leathchéad	l̠ʲæçeːd̪ˠ	2
leathré	lʲahɾʲeː	4
léi	lʲeːi	39
léi	lʲeː	39
léi	lʲeːiː	39
léi	lʲeːhə	39
leice	l̠ʲɛcɪ	2
leictreachas	l̠ʲɛctʲɾʲəxəsˠ	3
leictreachas	l̠ʲɛctʲɾʲahəsˠ	3
léigh	lʲeːɟ	4
léigh	l̠ʲeː	4
léigh	lʲeː	4
léigh	l̠ʲeːj	4
léigh	lʲeːj	4
leigheas	l̠ʲəisˠ	14
leigheas	l̠ʲeːsˠ	14
léim	l̠ʲeːmʲ	3
léir	l̠ʲeːɾʲ	95
leis	l̠ʲɛʃ	982
leis	lʲɛʃ	982
leis	l̠ʲɛʃ	982
léis	l̠ʲeːʃ	2
léise	leːʃə	2
leithead	l̠ʲɛhəd̪ˠ	29
leithead	l̠ʲeːd̪ˠ	29
leithid	l̠ʲɛhədʲ	2
leithid	l̠ʲeːdʲ	2
leithscéal	l̠ʲɛʃceːlˠ	1
lem	lʲɛmˠ	1
lenar	lʲɛnˠəɾˠ	1
lenár	lʲɛnˠɑːɾˠ	3
leo	lʲoː	69
leo	lʲoːbˠ	69
leon	lʲoːn̪ˠ	6
leon	l̠ʲuːnˠ	6
leon	l̠ʲɔːnˠ	6
leor	l̠ʲoːɾˠ	80
leor	l̠ʲɔːɾˠ	80
leosan	lʲoːsˠənˠ	2
leosan	lʲoːpˠsˠənˠ	2
let	lʲɛt̪ˠ	1
lí	l̠ʲiː	1
lia	l̠ʲiə	7
liath	l̠ʲiə	6
liathróid	l̠ʲiəhɾˠoːdʲ	4
liathróid	l̠ʲiəɾhˠoːdʲ	4
liathróid	l̠ʲiəhɾˠoːdʲ	4
liathróid	l̠ʲiəhɾˠɔdʲ	4
libh	lʲɪvʲ	1
libh	lʲɪbʲ	1
lig	l̠ʲɪɟ	7
ligean	l̠ɪɟənˠ	6
ligeann	l̠ʲɪɟən̪ˠ	12
ligthe	l̠ʲɪcɪ	1
linn	l̠ʲiːn̠ʲ	110
linn	l̠ʲɪn̠ʲ	110
linn	lʲɪn̠ʲ	110
linne	l̠ʲɪn̠ʲə	13
linne	lʲɪn̠ʲə	13
liom	lʲʊmˠ	9
liom	lʲəmˠ	9
liom	lʲɔmˠ	9
liom	lʲɞmˠ	9
líoma	l̠ʲiːmˠə	1
liomsa	lɔmˠsˠə	2
liomsa	lɞmˠsˠə	2
líon	lʲiːn̪ˠ	25
líon	l̠ʲiːnˠ	25
líonra	lʲiːn̪ˠɾˠə	16
liopa	lʲɪpˠə	1
lios	l̠ʲɪsˠ	3
lios	l̠ʲʊsˠ	3
liosta	l̠ʲɪsˠt̪ˠə	16
lítear	l̠ʲiːtʲəɾˠ	1
litiam	l̠ʲɪtʲiəmˠ	3
litir	l̠ʲɪtʲəɾʲ	21
loch	l̪ˠɔx	105
loingeas	l̪ˠɪɲɟəsˠ	5
lóistín	l̪ˠoːʃtʲiːnʲ	1
lóistín	l̪ˠoːʃtʲiːnʲ	1
lóistín	l̪ˠɔːʃtʲinʲ	1
long	l̪ˠɔŋ	17
long	l̪ˠuːŋɡ	17
lorg	l̪ˠɔɾˠəɡ	48
lorg	l̪ˠʌɾˠəɡ	48
lú	l̪ˠuː	49
luach	l̪ˠuəx	18
luaidhe	l̪ˠuːiː	11
luail	l̪ˠuəlʲ	1
luan	l̪ˠuənˠ	2
luas	l̪ˠuəsˠ	30
luath	l̪ˠuə	19
lúb	l̪ˠuːbˠ	4
lúba	l̪ˠuːbˠə	1
lúbtha	l̪ˠuːpˠə	1
lucht	l̪ˠʊxt̪ˠ	142
lucht	l̪ˠɔxt̪ˠ	142
lucht	l̪ˠɤxt̪ˠ	142
luí	l̪ˠiː	13
luí	l̪ˠəi	13
lúibe	l̪ˠuːbʲə	1
luigh	l̪ˠɪɟ	2
luigh	l̪ˠɔ	2
luigh	l̪ˠiː	2
luíonn	l̪ˠiːn̪ˠ	7
luíonn	l̪ˠəin̪ˠ	7
lus	l̪ˠʊsˠ	1
lus	l̪ˠɤsˠ	1
lúthchleas	l̪ˠuːçlʲasˠ	1
má	mˠɑː	93
má	mˠæː	93
mac	mˠɑk	111
mac	mˠaːk	111
mac	mˠak	111
macha	mˠaxə	1
madraí	mˠad̪ˠɾˠiː	4
madraí	mˠɑːd̪ˠɾˠiː	4
magadh	mˠaɡə	1
maide	mˠadʲə	1
maidhm	mˠəimʲ	2
maidin	mˠadʲənʲ	2
máilín	mˠɑːlʲiːnʲ	2
máilín	mˠɑːlʲiːnʲ	2
máilín	mˠæːlʲinʲ	2
maíomh	mˠiːvˠ	1
maíomh	mˠiːw	1
maireachtáil	mˠaɾʲəxt̪ˠɑːlʲ	3
mais	mˠaʃ	7
máistir	mˠɑːʃtʲəɾʲ	6
maith	mˠa	186
maith	mˠah	186
maith	mˠaɪ	186
maith	mˠaɪh	186
mála	mˠɑːl̪ˠə	2
mála	mˠæːl̪ˠə	2
malairt	mˠalˠəɾˠtʲ	9
mall	mˠɑul̪ˠ	7
mall	mˠɑːl̪ˠ	7
mall	mˠal̪ˠ	7
mall	mˠal̪ˠ	7
manainnis	mˠanˠən̠ʲɪʃ	1
maoin	mˠiːnʲ	6
maoine	mˠiːnʲə	1
maol	mˠeːl̪ˠ	6
maol	mˠiːlˠ	6
mapa	mˠapˠə	1
mar	mˠɑɾˠ	1345
mar	mˠaɾˠ	1345
marc	mˠaɾˠk	3
margadh	mˠaɾˠəɡə	7
margadh	mˠaɾˠəɡuː	7
margadh	mˠaɾˠəɡu	7
mart	mˠaɾˠtˠ	3
más	mˠɑːsˠ	29
más	mˠɑːʃ	29
más	mˠæːsˠ	29
más	mˠæːʃ	29
más	mˠɑːsˠ	29
más	mˠæːsˠ	29
máthair	mˠɑːhəɾʲ	8
máthair	mˠɑːɾʲ	8
máthair	mˠɑ̃hɪɾʲ	8
máthar	mˠɑːhəɾˠ	6
máthar	mˠɑːɾˠ	6
máthar	mˠæhəɾˠ	6
mbard	mˠɑːɾˠd̪ˠ	1
mbard	mˠæːɾˠd̪ˠ	1
mbláthanna	mˠl̪ˠɑːhən̪ˠə	2
mbláthanna	mˠl̪ˠɑːn̪ˠiː	2
mbláthanna	mˠl̪ˠæhən̪ˠə	2
mbó	moː	3
mbó	mɔː	3
mbriseadh	mʲɾʲɪʃə	1
mbriseadh	mʲɾʲɪʃuː	1
mbriseadh	mʲɾʲɪʃu	1
mbriseadh	mʲɾʲɪʃəx	1
mbriseadh	mʲɾʲɪʃətʲ	1
mbriseadh	mʲɾʲɪʃəx	1
mbriseadh	mʲɾʲɪʃətʲ	1
mbriseadh	mʲɾʲɪʃuː	1
mbriseadh	mʲɾʲɪʃətʲ	1
mbriseadh	mʲɾʲɪʃu	1
mé	mʲeː	17
mé	mʲə	17
mé	mʲeː	17
meáchan	mʲaːxənˠ	9
méadar	mʲeːd̪ˠəɾˠ	7
meaisín	mʲəʃiːnʲ	10
meánscoil	mʲɑːnˠsˠkɛlʲ	4
mear	mʲaɾˠ	2
mearcair	mʲaɾˠkəɾʲ	8
meas	mʲasˠ	16
meas	mʲæːsˠ	16
measa	mʲasˠə	7
measa	mʲæsˠə	7
measc	mʲasˠk	99
méid	mʲeːdʲ	47
meiriceá	mʲɛɾʲəcaː	24
meiriceá	mʲɛɾʲəcɑː	24
meiriceá	mʲɛɾʲəcæ	24
meitheamh	mʲɛhəvˠ	22
meitheamh	mʲɛhuː	22
meitheamh	mʲɛhu	22
meon	mʲuːn̪ˠ	3
mhá	vˠɑː	2
mhá	wɑː	2
mhá	wæː	2
mhac	vˠɑk	22
mhac	wak	22
mhacha	waxə	19
mháire	vˠɑːɾʲə	7
mháire	wɑːɾʲə	7
mháire	wˠæːɾʲə	7
mhalairt	vˠɑlˠəɾˠtʲ	9
mhalairt	walˠəɾˠtʲ	9
mhall	vˠɑul̪ˠ	1
mhall	wɑːl̪ˠ	1
mhall	wal̪ˠ	1
mhall	wal̪ˠ	1
mhaoin	vʷiːnʲ	1
mhaoin	wiːnʲ	1
mháthair	vˠɑːhəɾʲ	16
mháthair	wɑːhəɾʲ	16
mháthair	wɑːɾʲ	16
mháthair	wæhəɾʲ	16
mhéad	vʲeːd̪ˠ	4
mhéadaigh	vʲeːd̪ˠɪɟ	8
mheall	vʲɑːl̪ˠ	3
mheas	vʲasˠ	3
mheas	vʲæːsˠ	3
mhéid	vʲeːdʲ	17
mhí	vʲiː	32
mhná	vˠnˠɑː	4
mhná	vˠɾˠɑː	4
mhná	wɾˠæː	4
mhóir	vˠoːɾʲ	19
mhóir	woːɾʲ	19
mhóir	wɔːɾʲ	19
mhol	vˠɔlˠ	17
mhol	wɔlˠ	17
mhol	wʌlˠ	17
mholadh	vˠɔlˠə	4
mholadh	wɔlˠuː	4
mholadh	wɔlˠu	4
mholadh	vˠɔlˠəx	4
mholadh	wɔlˠətʲ	4
mholadh	wɔlˠəx	4
mholadh	wɔlˠətʲ	4
mholadh	wɔlˠuː	4
mholadh	wɔlˠətʲ	4
mholadh	wɔlˠu	4
mhór	vˠoːɾˠ	129
mhór	woːɾˠ	129
mhór	wɔːɾˠ	129
mhóra	vˠoːɾˠə	16
mhóra	woːɾˠə	16
mhóra	wɔːɾˠə	16
mhuire	vˠɪɾʲə	9
mhuire	wɪɾʲə	9
mí	mʲiː	55
mí	mʲiː	55
mianach	mʲiən̪ˠəx	2
mianach	mʲiənˠəx	2
mianach	mʲiːnˠəx	2
mianach	mʲiənˠah	2
mic	mʲɪc	9
micheál	mʲɪçaːlˠ	2
micheál	mʲiːɑːl̪ˠ	2
mícheál	mʲiːɑːl̪ˠ	10
mícheál	mʲiːhɑːl̪ˠ	10
mil	mʲɪlʲ	1
míle	mʲiːlʲə	25
milis	mʲɪlʲɪʃ	7
milliún	mʲil̠ʲuːnˠ	22
mílte	mʲiːl̠ʲtʲə	5
min	mʲɪnʲ	1
mine	mʲɪnʲə	1
minic	mʲɪnʲɪc	106
minic	mʲnʲɪc	106
minicí	mʲɪnɪciː	2
míol	mʲiːlˠ	3
míol	mʲiːl	3
miongháire	mʲɪnˠɣaːɾʲə	2
míosa	mʲiːsˠə	1
miosúr	mʲɪsˠuːɾˠ	3
miosúr	mʲɪsˠuːɾˠ	3
miosúr	mʲɪsˠuɾˠ	3
miotal	mʲɪt̪ˠəlˠ	20
miotas	mʲɪt̪ˠəsˠ	6
miotas	mʲʊt̪ˠəsˠ	6
mír	mʲiːɾʲ	1
mire	mʲɪɾʲə	2
míreanna	mʲiːɾʲən̪ˠə	3
mise	mʲɪʃə	5
míshásta	mʲiːhɑːsˠt̪ˠə	12
mná	mˠnˠɑː	17
mná	mˠɾˠɑː	17
mná	mˠɾˠæː	17
mnaoi	mˠnˠiː	1
mnaoi	mˠɾˠiː	1
mo	mˠə	16
mó	mˠoː	301
mó	mˠuː	301
mó	mˠɔː	301
mód	mˠoːd̪ˠ	2
mód	mˠɔːd̪ˠ	2
móide	mˠoːdʲə	1
móide	mˠuːdʲə	1
móide	mˠɔːdʲə	1
moill	mˠəil̠ʲ	4
móin	mˠoːnʲ	4
móin	mˠuːnʲ	4
móir	mˠoːɾʲ	1
móir	mˠɔːɾʲ	1
móire	moːɾʲə	26
móire	mɔːɾʲə	26
mol	mˠɔlˠ	3
mol	mˠʌlˠ	3
moladh	mˠɔlˠə	7
moladh	mˠɔlˠuː	7
moladh	mˠʌlˠu	7
moladh	mˠɔlˠəɡ	7
moladh	mˠɔlˠəvˠ	7
moladh	mˠɔlˠuː	7
moladh	mˠʌlˠu	7
moladh	mˠɔlˠəx	7
moladh	mˠɔlˠətʲ	7
moladh	mˠɔlˠəx	7
moladh	mˠɔlˠətʲ	7
moladh	mˠɔlˠuː	7
moladh	mˠʌlˠətʲ	7
moladh	mˠʌlˠu	7
molann	mˠɔlˠən̪ˠ	1
molann	mˠʌlˠən̪ˠ	1
monarcha	mˠɔnˠəɾˠxə	8
monarcha	mˠʊnˠəɾˠxə	8
mór	mˠoːɾˠ	289
mór	mˠɔːɾˠ	289
móra	mˠoːɾˠə	49
móra	mˠɔːɾˠə	49
mothú	muː	1
muc	mˠʊk	6
múchadh	mˠuːxə	1
múchadh	mˠuːxuː	1
múchadh	mˠuːxu	1
múchadh	mˠuːxəɡ	1
múchadh	mˠuːxəvˠ	1
múchadh	mˠuːxuː	1
múchadh	mˠuːxu	1
múchadh	mˠuːxəx	1
múchadh	mˠuːxətʲ	1
múchadh	mˠuːxəx	1
múchadh	mˠuːxətʲ	1
múchadh	mˠuːxuː	1
múchadh	mˠuːxətʲ	1
múchadh	mˠuːxu	1
muid	mˠɪdʲ	9
muine	mˠɪnʲə	2
muinín	mˠɪnʲiːnʲ	9
muinín	mˠɪnʲiːnʲ	9
muinín	mˠɪnʲinʲ	9
múinteoir	mˠuːn̠ʲtʲoːɾʲ	10
múinteoir	mˠuːn̠ʲtʲoːɾʲ	10
múinteoir	mˠuːn̠ʲtʲɔɾʲ	10
múinteoir	mˠuːn̠ʲtʲaɾʲ	10
múinteoirí	mˠuːn̠ʲtʲoːɾʲiː	2
múinteoirí	mˠuːn̠ʲtʲoːɾʲiː	2
múinteoirí	mˠuːn̠ʲtʲɔɾʲi	2
múinteoirí	mˠuːn̠ʲtʲaɾʲi	2
muintir	mˠiːn̠ʲtʲəɾʲ	43
muintir	mˠɪn̠ʲtʲəɾʲ	43
muire	mˠɪɾʲə	5
muiris	mˠɪɾʲəʃ	3
muna	mˠʊnˠə	7
mura	mˠʊɾˠə	12
murab	mˠʊɾˠəbˠ	10
murach	mˠʊɾˠəx	5
murar	mˠʊɾˠəɾˠ	1
murarbh	mˠʊɾˠəɾˠvˠ	1
na	nˠə	5670
ná	n̪ˠɑː	443
ná	n̪ˠæː	443
nach	n̪ˠax	346
nádúr	n̪ˠaːd̪ˠuːɾˠ	13
náire	n̪ˠɑːɾʲə	1
náire	n̪ˠæːɾʲə	1
náisiún	n̪ˠɑːʃuːn̪ˠ	14
náisiún	n̪ˠɑːʃuːnˠ	14
náisiún	n̪ˠæːʃunˠ	14
naofa	n̪ˠeːfˠə	33
naofa	n̪ˠiːfˠə	33
naoi	n̪ˠiː	15
naonúr	n̪ˠeːn̪ˠuːɾˠ	4
naonúr	n̪ˠiːnˠuːɾˠ	4
naonúr	n̪ˠiːnˠuɾˠ	4
nathair	n̪ˠæhəɾʲ	5
nathrach	n͈aθrax	1
ndán	n̪ˠɑːn̪ˠ	9
ndán	n̪ˠɑːnˠ	9
ndán	n̪ˠæːnˠ	9
ndé	n̠ʲeː	1
ndiaidh	n̠ʲiə	134
neach	n̠ʲax	4
nead	nʲad̪ˠ	3
néal	n̠ʲeːlˠ	2
neart	n̠ʲaɾˠt̪ˠ	13
neart	n̠ʲæɾˠt̪ˠ	13
ngall	ŋɑːl̪ˠ	19
ngealach	ɲəl̪ˠɑx	7
ngealach	ɲalˠəx	7
ngealach	ɲæːl̪ˠəx	7
ngealach	ɲalˠah	7
ngeall	ɲaul̪ˠ	9
ngeall	ɲɑːl̪ˠ	9
ngeall	ɲal̪ˠ	9
ngnóthaí	n̪ˠuːiː	2
ní	n̠ʲiː	485
ní	n̠ʲiː	485
nia	n̠ʲiə	2
niamh	n̠ʲiəvˠ	1
niamh	n̠ʲiːvˠ	1
nic	nʲɪc	6
níl	n̠ʲiːlʲ	110
nimh	nʲɪvʲ	2
níos	n̠ʲiːsˠ	253
nó	n̪ˠoː	1062
nó	n̪ˠuː	1062
nocht	n̪ˠɔxt̪ˠ	5
nóiméad	n̪ˠuːmʲeːd̪ˠ	1
nollag	n̪ˠɔl̪ˠəɡ	14
nollag	n̪ˠɔl̪ˠək	14
nollag	n̪ˠʌl̪ˠək	14
nollaig	n̪ˠɔl̪ˠəɟ	32
nollaig	n̪ˠɔl̪ˠəc	32
nollaig	n̪ˠʌl̪ˠəc	32
nóra	n̪ˠoːɾˠə	5
nóra	n̪ˠuːɾˠə	5
nós	n̪ˠoːsˠ	96
nós	n̪ˠuːsˠ	96
nós	n̪ˠɔːsˠ	96
nóta	nˠoːt̪ˠə	7
nua	n̪ˠuə	187
nua	n̪ˠuː	187
nuacht	nˠuˑəxt̪ˠ	2
nuachtán	nˠuˑəxt̪ˠaːnˠ	11
nuair	n̪ˠuəɾʲ	338
nuair	n̪ˠɔɾʲ	338
nuair	n̪ˠɛɾʲ	338
ó	oː	813
obair	ɔbˠəɾʲ	92
obair	ʌbˠəɾʲ	92
ocht	ɔxt̪ˠ	15
ocht	ʌxt̪ˠ	15
ochtó	oxt̪ˠoː	3
ocras	ɔkəɾˠəsˠ	1
ocras	ɔkɾˠəsˠ	1
óg	oːɡ	48
óg	ɔːɡ	48
ógánach	oːɡɑːnˠəx	1
ógánach	oːɡɑːnˠəx	1
ógánach	ɔːɡænˠah	1
oibre	ɛbʲrʲə	93
oibre	ɛbʲərʲə	93
oibre	əibʲrʲə	93
oibreacha	ɛbʲrʲəxə	6
oibreacha	əibʲrʲəxiː	6
oibrí	əibʲɾʲiː	2
oibrithe	əibʲɾʲiː	10
oideachais	ɛdʲəxəʃ	21
oideachas	ɛdʲəxəsˠ	25
oidhre	əiɾʲə	3
oidhreacht	əiɾʲiəxt̪ˠ	13
oifig	ɪfʲɪɟ	24
oifig	ɛfʲɪc	24
oifig	ɔfʲɪc	24
oifige	ɛfʲɪɟɪ	1
oifigiúil	ɪfʲɪɟuːlʲ	34
oifigiúil	ɛfʲɪɟuːlʲ	34
oifigiúil	ɔfʲɪɟulʲ	34
oigheann	əiən	2
oileáin	əlʲɑːnʲ	32
oileáin	ɪlʲɑːnʲ	32
oileáin	ɛlʲænʲ	32
oileán	əlʲɑːnˠ	74
oileán	ɪlʲɑːnˠ	74
oileán	ɛlʲænˠ	74
oird	əuɾˠdʲ	4
oirthear	eɾʲhəɾˠ	30
oisín	əʃiːnʲ	5
oisín	ɔʃiːnʲ	5
oisín	ʌʃinʲ	5
oisín	əʃiːnʲ	5
oisín	ɔʃiːnʲ	5
oisín	ʌʃinʲ	5
ola	ɔlˠə	23
olc	ɔlˠk	5
olc	ʌlˠk	5
ollainnis	ɔl̪ˠən̠ʲəʃ	4
ollscoil	ɔl̪ˠsˠkɛlʲ	51
ón	oːnˠ	315
oraibh	ɔɾˠəvʲ	1
oraibh	ɔɾˠiː	1
oraibh	ɞɾˠiː	1
oraibh	əɾˠiː	1
orainn	ɔɾˠən̠ʲ	1
orainn	əɾˠən̠ʲ	1
ord	əuɾˠd̪ˠ	30
ordú	oːɾˠd̪ˠuː	9
ordú	əuɾˠd̪ˠuː	9
ordú	oːɾˠd̪ˠuː	9
ordú	oːɾˠd̪ˠu	9
órga	oːɾˠɡə	1
órga	ɔːɾˠɡə	1
orlach	əuɾˠl̪ˠəx	3
orm	ɔɾˠəmˠ	6
orm	əɾˠmˠ	6
ort	ɔɾˠt̪ˠ	7
orthu	ɔɾˠhə	147
orthu	ɔɾˠə	147
orthu	ɔɾˠəbˠ	147
orthu	ɞɾˠəbˠ	147
orthu	əɾˠəbˠ	147
orthusan	ɔɾˠəpˠsˠən	1
orthusan	ɞɾˠəpˠsˠən	1
ós	oːsˠ	47
ós	oːʃ	47
ós	ɔːsˠ	47
ós	ɔːʃ	47
oscail	ɔsˠkəlʲ	1
oscailt	ɔsˠkəl̠ʲtʲ	6
oscailt	ʌsˠkəl̠ʲtʲ	6
ospidéal	ɔsˠpʲədʲeːl̪ˠ	3
ospidéal	ɔsˠpʲədʲeːlˠ	3
ospidéal	ʌsˠpʲədʲælˠ	3
ospidéil	ɔspʲədʲeːlʲ	1
ospidéil	ʌspʲədʲælʲ	1
óstach	oːsˠt̪ˠəx	3
óstach	ɔːsˠt̪ˠah	3
ostair	ɔsˠt̪ˠəɾʲ	1
óstán	oːsˠt̪ˠɑːn̪ˠ	1
óstán	oːsˠt̪ˠɑːnˠ	1
óstán	ɔːsˠt̪ˠænˠ	1
othar	ɔhəɾˠ	10
pá	pˠɑː	6
pá	pˠæː	6
páidín	pˠɑːdʲiːnʲ	2
páidín	pˠɑːdʲiːnʲ	2
páidín	pˠæːdʲinʲ	2
paidir	pˠadʲəɾʲ	2
páipéar	pˠaːpʲeːɾˠ	6
páipéar	pˠɑːpʲeːɾˠ	6
páipéar	pˠæːpʲeɾˠ	6
páirc	pˠaːɾʲc	10
páirt	pˠɑːɾˠtʲ	26
páirtí	pˠɑːɾˠtʲiː	44
páirtí	pˠɑːɾˠtʲiː	44
páirtí	pˠæːɾˠtʲi	44
páiste	pˠɑːʃtʲə	7
páiste	pˠæːʃtʲə	7
paiteanta	pˠatʲən̪ˠt̪ˠə	4
páras	pˠɑːɾˠəsˠ	2
páras	pˠæːɾˠəsˠ	2
patrún	pˠɑt̪ˠɾˠuːnˠ	3
peaca	pʲakə	1
peadar	pʲad̪ˠəɾˠ	13
peann	pʲaun̪ˠ	3
peann	pʲɑːn̪ˠ	3
peann	pʲan̪ˠ	3
pearsa	pʲaɾˠsˠə	3
pearsana	pʲaɾˠsˠənˠə	1
péas	pʲeːsˠ	3
peile	pʲɛlʲə	9
péine	pʲeːnʲə	1
péint	pʲeːnʲtʲ	1
péinteáilte	pʲeːnʲtʲɑːl̠ʲtʲə	1
péire	pʲeːɾʲə	2
pháirc	fˠaːɾʲc	3
pháirt	fˠɑːɾˠtʲ	10
pheadair	fʲad̪ˠəɾʲ	12
pheann	fʲaun̪ˠ	14
pheann	fʲɑːn̪ˠ	14
pheann	fʲan̪ˠ	14
phearsana	fʲaɾˠsˠənˠə	1
phioc	fʲʊk	2
phóca	pˠoːkə	1
phóca	pˠɔːkə	1
pholainn	fˠɔl̪ˠɪɲ	4
pholainn	fˠɔlˠən̠ʲ	4
pholainn	fˠʌlˠən̠ʲ	4
phonc	fˠʊŋk	2
phósadh	fˠoːsˠə	13
phósadh	fˠoːsˠuː	13
phósadh	fˠɔːsˠu	13
phósadh	fˠoːsˠəx	13
phósadh	fˠoːsˠətʲ	13
phósadh	fˠoːsˠəx	13
phósadh	fˠoːsˠətʲ	13
phósadh	fˠoːsˠuː	13
phósadh	fˠɔːsˠətʲ	13
phósadh	fˠɔːsˠu	13
pian	pʲiənˠ	6
pictiúr	pʲɪctʲuːɾˠ	7
pictiúr	pʲɪctʲuːɾˠ	7
pictiúr	pʲɪctʲuɾˠ	7
pinc	pʲɪɲc	1
pingine	pʲɪɲənʲə	1
pingine	pʲɪɲənʲə	1
pingine	pʲɪɲɟənʲə	1
pingine	pʲiːn̠ʲə	1
pinn	pʲəiɲ	2
pinn	pʲəinʲ	2
pinn	pʲiːn̠ʲ	2
pinn	pʲɪn̠ʲ	2
píob	pʲiːbˠ	1
píoba	pʲiːbˠə	2
píobaire	pʲiːbˠəɾʲə	2
piocadh	pʲʊkə	1
piocadh	pʲʊkuː	1
piocadh	pʲɪku	1
piocadh	pʲʊkəɡ	1
piocadh	pʲʊkəvˠ	1
piocadh	pʲʊkuː	1
piocadh	pʲɪku	1
piocadh	pʲʊkəx	1
piocadh	pʲʊkətʲ	1
piocadh	pʲʊkəx	1
piocadh	pʲʊkətʲ	1
piocadh	pʲʊkuː	1
piocadh	pʲɪkətʲ	1
piocadh	pʲɪku	1
píosa	pʲiːsˠə	3
pite	pʲɪtʲə	1
plaic	pˠlˠac	2
pláinéad	pˠl̪ˠɑːnʲeːd̪ˠ	9
pláinéad	pˠl̪ˠɑːnʲeːd̪ˠ	9
pláinéad	pˠl̪ˠæːnʲed̪ˠ	9
plaisteach	pˠlˠaʃtʲəx	3
pláta	pˠlˠɑːt̪ˠə	2
pláta	pˠlˠæːt̪ˠə	2
plé	pʲlʲeː	8
plúr	pˠlˠuːɾˠ	1
pobail	pˠɔbˠəlʲ	15
pobail	pˠʌbˠəlʲ	15
pobal	pˠɔbˠəlˠ	24
pobal	pˠʌbˠəlˠ	24
póg	pˠoːɡ	1
póg	pˠɔːɡ	1
pógadh	pˠoːɡə	1
pógadh	pˠoːɡuː	1
pógadh	pˠɔːɡu	1
pógadh	pˠoːɡəɡ	1
pógadh	pˠoːɡəvˠ	1
pógadh	pˠoːɡuː	1
pógadh	pˠɔːɡu	1
pógadh	pˠoːɡəx	1
pógadh	pˠoːɡətʲ	1
pógadh	pˠoːɡəx	1
pógadh	pˠoːɡətʲ	1
pógadh	pˠoːɡuː	1
pógadh	pˠɔːɡətʲ	1
pógadh	pˠɔːɡu	1
poill	pˠəil̠ʲ	3
póirse	pˠoːɾˠʃə	1
póirse	pˠɔːɾˠʃə	1
polainnis	pˠɔl̪ˠən̠ʲɪʃ	3
polaitíocht	pˠɔlˠətʲiəxt̪ˠ	9
poll	pˠəul̪ˠ	12
ponc	pˠʊŋk	3
pósadh	pˠoːsˠə	3
pósadh	pˠoːsˠuː	3
pósadh	pˠɔːsˠu	3
pósadh	pˠoːsˠəɡ	3
pósadh	pˠoːsˠəvˠ	3
pósadh	pˠoːsˠuː	3
pósadh	pˠɔːsˠu	3
pósadh	pˠoːsˠəx	3
pósadh	pˠoːsˠətʲ	3
pósadh	pˠoːsˠəx	3
pósadh	pˠoːsˠətʲ	3
pósadh	pˠoːsˠuː	3
pósadh	pˠɔːsˠətʲ	3
pósadh	pˠɔːsˠu	3
potaisiam	pˠɔt̪ˠaʃiəmˠ	1
preab	pʲɾʲabˠ	1
príomhchathair	pˠɾˠiːvˠxahɪɾʲ	15
príomhchathair	pˠɾˠiːvˠxaːɾʲ	15
príomhchathair	pˠɾˠiːwxahɪɾʲ	15
príosún	pʲɾʲiːsˠuːn̪ˠ	1
próis	pˠɾˠoːʃ	2
protastúnach	pˠɾˠɔt̪ˠəsˠt̪ˠuːn̪ˠəx	9
protastúnach	pˠɾˠɔt̪ˠəsˠt̪ˠuːn̪ˠəx	9
protastúnach	pˠɾˠʌt̪ˠəsˠt̪ˠun̪ˠah	9
púdar	pˠuːd̪ˠəɾˠ	5
punt	pˠuːn̪ˠt̪ˠ	1
punt	pˠʊn̪ˠt̪ˠ	1
punt	pˠʊnˠt̪ˠ	1
rá	ɾˠɑː	57
raibh	ɾˠɛvʲ	604
raibh	ɾˠo	604
raidió	ɾˠadʲiːoː	28
raidió	ɾˠadʲiːoː	28
raidió	ɾˠadʲiɔ	28
ráite	ɾˠɑːtʲə	4
ramhar	ɾˠəʊɾˠ	1
rang	ɾˠɑŋɡ	16
rang	ɾˠaːŋɡ	16
rang	ɾˠaŋ	16
raon	ɾˠeːn̪ˠ	19
raon	ɾˠiːnˠ	19
rath	ɾˠa	11
ráth	ɾˠɑː	16
ráth	ɾˠæː	16
ré	rˠeː	31
réad	ɾˠeːd̪ˠ	13
réalta	ɾˠeːl̪ˠt̪ˠə	18
réaltra	ɾˠeːl̪ˠt̪ˠɾˠə	6
réasúnta	ɾˠeːsˠuːn̪ˠt̪ˠə	21
réasúnta	ɾˠeːsˠuːn̪ˠt̪ˠə	21
réasúnta	ɾˠeːsˠun̪ˠt̪ˠə	21
reicteam	ɾˠɛctʲəmˠ	1
réidh	ɾˠeːɟ	7
réidh	ɾˠeː	7
reilig	ɾˠɛlʲɪɟ	8
reilig	ɾˠɛlʲɪc	8
reilig	ɾˠəliːc	8
reilig	ɾˠɪlʲɪɟ	8
reiligiún	ɾˠɛlʲɪɟuːnˠ	8
reiligiún	ɾˠɛlʲɪɟuːnˠ	8
reiligiún	ɾˠɛlʲɪɟunˠ	8
réim	ɾˠeːmʲ	6
réiteach	ɾˠeːtʲəx	9
réiteach	ɾˠeːtʲah	9
réitigh	ɾˠeːtʲɪɟ	3
réitigh	ɾˠeːtʲə	3
réitigh	ɾˠeːtʲiː	3
réitigh	ɾˠeːtʲi	3
rí	ɾˠiː	120
rialta	ɾˠiəl̪ˠt̪ˠə	11
rialtais	ɾˠiəl̪ˠt̪ˠəʃ	41
rialtas	ɾˠiəl̪ˠt̪ˠəsˠ	106
rinn	ɾˠəiɲ	13
rinn	ɾˠiːnʲ	13
rinn	ɾˠiːn̠ʲ	13
rinn	ɾˠɪn̠ʲ	13
rinne	ɾˠɪn̠ʲə	158
rinne	ɾˠɪn̠ʲə	158
rinneadh	ɾˠɪnʲəvˠ	82
rinneadh	ɾˠɪnʲuː	82
rinneadh	ɾˠɪnʲu	82
riocht	ɾˠʊxt̪ˠ	13
ríomh	ɾˠiːvˠ	3
ríomh	ɾˠiːw	3
ríomhaire	ɾˠiːvˠəɾʲə	50
ríomhchláraitheoir	ɾˠiːvˠxlˠaːɾˠəhoːɾʲ	1
rís	ɾˠiːʃ	1
risteard	ɾˠɪʃtʲɑːɾˠd̪ˠ	4
rite	ɾˠɪtʲə	1
rith	ɾˠɪh	83
rith	ɾˠʊ	83
roc	ɾˠɔk	1
rochtain	ɾˠɔxt̪ˠənʲ	7
rochtain	ɾˠʌxt̪ˠənʲ	7
roimh	ɾˠɛvʲ	112
roimhe	ɾˠɪvʲə	44
roinn	ɾˠaiɲ	47
roinn	ɾˠiːɲ	47
roinn	ɾˠiːn̠ʲ	47
roinn	ɾˠɪn̠ʲ	47
romhat	ɾˠuːt̪ˠ	2
ros	ɾˠɔsˠ	21
roth	ɾˠɔh	5
rua	ɾˠuə	10
rud	ɾˠʊd̪ˠ	201
ruda	ɾˠʊd̪ˠə	2
rúin	ɾˠuːnʲ	1
rúis	ɾˠuːʃ	34
rúisis	ɾˠuːʃəʃ	17
rún	ɾˠuːnˠ	9
rúnaí	ɾˠuːn̪ˠiː	13
rúnaí	ɾˠuːnˠiː	13
rúnaí	ɾˠuːnˠi	13
sa	sˠə	1700
sách	sˠɑːx	19
sách	sˠæːx	19
sagairt	sˠaɡəɾˠtʲ	3
sagairt	sˠæɡəɾˠtʲ	3
sagart	sˠaɡəɾˠt̪ˠ	11
sagart	sˠæɡəɾˠt̪ˠ	11
saibhir	sˠɛvʲəɾʲ	11
saibhreas	sˠɛvʲəɾʲəsˠ	7
saibhris	sˠɛvʲəɾʲəʃ	2
saighdiúir	sˠaidʲuːɾʲ	4
sail	salʲ	2
sáil	sˠɑːlʲ	1
sáil	sˠæːlʲ	1
sáile	sˠɑːlʲə	3
salach	sˠəl̪ˠax	5
salach	sˠalˠəx	5
salach	sˠalˠax	5
salach	sˠalˠah	5
salainn	salˠən̠ʲ	3
salann	salˠən̪ˠ	2
salm	sˠɑl̪ˠəmˠ	1
salm	sˠal̪ˠəmˠ	1
samhain	sˠaunʲ	20
samhain	sˠounʲ	20
samhain	sˠəunʲ	20
samhain	sˠɑvˠən	20
samhain	sˠauwənʲ	20
samhradh	sˠəuɾˠə	4
samhradh	sˠəuɾˠuː	4
samhradh	sˠəuɾˠu	4
san	sˠənˠ	449
san	sˠənʲ	449
saoi	sˠiː	1
saoil	sˠiːlʲ	12
saoil	sˠeːlʲ	12
saoil	sˠiːlʲ	12
saoire	sˠiːɾʲə	4
saoirse	sˠiːɾˠʃə	20
saoirse	sˠiːɾˠʃə	20
saolta	sˠeːl̪ˠt̪ˠə	13
saolta	sˠiːl̪ˠt̪ˠə	13
saor	sˠeːɾˠ	29
saor	sˠiːɾˠ	29
saothrú	sˠiːɾˠuː	25
sár	sˠɑːɾˠ	1
sár	sˠæːɾˠ	1
sara	sˠaɾˠə	1
sasana	sˠasˠənˠə	34
sásta	sˠɑːsˠt̪ˠə	38
sásta	sˠæːsˠt̪ˠə	38
scáileán	sˠkɑːlʲɑːnˠ	6
scairt	sˠkaɾˠtʲ	3
scaití	sˠkatʲiː	1
scamall	sˠkamˠəl̪ˠ	9
scannán	sˠkən̪ˠaːn̪ˠ	51
scaoilte	sˠkiːlʲtʲə	6
scar	skaɾˠ	4
scaradh	sˠkɑɾˠə	7
scaradh	sˠkaɾˠə	7
scaradh	sˠkaɾˠuː	7
scaradh	sˠkaɾˠu	7
scaradh	sˠkɑɾˠəɡ	7
scaradh	sˠkaɾˠəvˠ	7
scaradh	sˠkaɾˠuː	7
scaradh	sˠkaɾˠu	7
scaradh	sˠkɑɾˠəx	7
scaradh	sˠkaɾˠətʲ	7
scaradh	sˠkaɾˠəx	7
scaradh	sˠkaɾˠətʲ	7
scaradh	sˠkaɾˠuː	7
scaradh	sˠkaɾˠətʲ	7
scaradh	sˠkaɾˠu	7
scarúint	sˠkɑɾˠuːnʲtʲ	1
scáth	sˠkɑː	4
scáth	sˠkæː	4
scátháin	sˠkɑːhɑːnʲ	2
scátháin	sˠkɑːhɑːnʲ	2
scátháin	sˠkɑːnʲ	2
scátháin	sˠkæhænʲ	2
scáthán	sˠkɑːhɑːn̪ˠ	4
scáthán	sˠkɑːhɑːnˠ	4
scáthán	sˠkɑːn̪ˠ	4
scáthán	sˠkæhænˠ	4
scéal	ʃcialˠ	96
scéal	ʃceːlˠ	96
scéala	ʃceːlˠə	2
sceideal	ʃcɛdʲəlˠ	1
sceitimíní	sˠcɛtʲəmʲiːnʲiː	2
sceitimíní	ʃcɛtʲəmʲiːnʲiː	2
sceitimíní	ʃcɛtʲəmʲinʲi	2
scian	ʃciənˠ	1
scian	ʃciːn̪ˠ	1
sciath	ʃciə	3
sciobtha	ʃcʊpˠiː	1
scíth	ʃciː	1
scoil	sˠkɔlʲ	69
scoileanna	sˠkɛlʲən̪ˠə	19
scoileanna	sˠkɛlʲən̪ˠiː	19
scoláireacht	sˠkəlˠɑːɾʲəxt̪ˠ	4
scoláireacht	sˠkɔlˠɑːɾʲəxt̪ˠ	4
scoláireacht	sˠkʌlˠæɾʲaht̪ˠ	4
scór	sˠkoːɾˠ	11
scórtha	sˠkoːɾˠə	3
scoth	skɔh	6
scríobh	ʃcɾʲiːvˠ	115
scríobh	ʃcɾʲiːw	115
scríofa	ʃcɾʲiːfˠə	55
scriúta	ʃcɾʲuːt̪ˠə	1
scuabadh	sˠkuəbˠə	1
scuabadh	sˠkuəbˠuː	1
scuabadh	sˠkuəbˠu	1
scuabadh	sˠkuəbˠəɡ	1
scuabadh	sˠkuəbˠəvˠ	1
scuabadh	sˠkuəbˠuː	1
scuabadh	sˠkuəbˠu	1
scuabadh	sˠkuəbˠəx	1
scuabadh	sˠkuəbˠətʲ	1
scuabadh	sˠkuəbˠəx	1
scuabadh	sˠkuəbˠətʲ	1
scuabadh	sˠkuəbˠuː	1
scuabadh	sˠkuəbˠətʲ	1
scuabadh	sˠkuəbˠu	1
sé	ʃeː	1496
sé	ʃə	1496
sé	ʃɛ	1496
seach	ʃax	5
seachas	ʃaxəsˠ	34
seachas	ʃɔxəsˠ	34
seachas	ʃæxəsˠ	34
seacht	ʃaxt̪ˠ	20
seacht	ʃæxt̪ˠ	20
seachtain	ʃaxt̪ˠənʲ	7
seachtar	ʃaxt̪ˠəɾˠ	4
seachtar	ʃæːxt̪ˠəɾˠ	4
seachtó	ʃaxt̪ˠoː	3
seal	ʃalˠ	15
sealadach	ʃalˠəd̪ˠəx	11
sean	ʃanˠ	15
sean	ʃæːnˠ	15
seán	ʃɑːn̪ˠ	29
seán	ʃæːn̪ˠ	29
séan	ʃeːnˠ	1
seanchas	ʃanəxəsˠ	2
seanchas	ʃanəxəsˠk	2
seanduine	ʃan̪ˠd̪ˠɪnʲə	1
seanduine	ʃæn̪ˠɪnʲə	1
seánra	ʃɑːn̪ˠɾˠə	2
seánra	ʃæːn̪ˠɾˠə	2
seans	ʃan̪ˠsˠ	13
seasamh	ʃasˠəvˠ	7
seasamh	ʃasˠəvˠ	7
seasamh	ʃasˠə	7
seasamh	ʃasˠuː	7
seasamh	ʃæsˠə	7
seasamh	ʃasˠu	7
seasca	ʃasˠkə	1
séasúr	ʃeːsˠuːɾˠ	3
seic	ʃɛc	1
seilbh	ʃɛlʲəvʲ	23
seile	ʃɛlʲə	3
seilg	ʃɛlʲɪɟ	1
séipéal	ʃeːpʲeːl̪ˠ	14
séipéal	ʃeːpʲal̪ˠ	14
seisean	ʃɛʃənˠ	16
seisear	ʃɛʃəɾˠ	2
seisiún	ʃɛʃuːn̪ˠ	1
seisiún	ʃɛʃuːnˠ	1
seisiún	ʃɛʃunˠ	1
seo	ʃɔ	859
seoirse	ʃoːɾˠʃə	2
seol	ʃoːl̪ˠ	6
seol	ʃoːl	6
seol	ʃɔːlˠ	6
seomra	ʃoːmˠɾˠə	12
seomra	ʃuːmˠɾˠə	12
shábháil	hɑːvˠɑːlʲ	1
shábháil	hɑːwɑːlʲ	1
shábháil	hæːwælʲ	1
sheáin	çɑːnʲ	3
sheáin	çæːnʲ	3
shínigh	hiːnʲɪɟ	6
shínigh	hiːnʲə	6
shínigh	hiːnʲiː	6
shínigh	hiːnʲi	6
shínigh	hiːnʲɪɟ	6
shínigh	hiːnʲə	6
shínigh	hiːnʲiː	6
shínigh	hiːnʲi	6
shinsir	hiːn̠ʲsʲəɾʲ	1
shinsir	hɪn̠ʲsʲəɾʲ	1
sholas	hɔlˠəsˠ	6
sholas	hʌlˠəsˠ	6
sí	ʃiː	245
siad	ʃiəd̪ˠ	380
siad	ʃiəd̪ˠ	380
siad	ʃeːd̪ˠ	380
siad	ʃiəd̪ˠ	380
siad	ʃəd̪ˠ	380
siadsan	ʃiəd̪ˠsənˠ	4
siar	ʃiəɾˠ	38
síle	ʃiːlʲə	1
síle	ʃiːlʲə	1
sileacan	ʃɪlʲəkənˠ	1
sin	ʃɪnʲ	1083
sín	ʃiːnʲ	2
sine	ʃinʲə	19
síneadh	ʃiːnʲə	3
síneadh	ʃiːnʲuː	3
síneadh	ʃiːnʲu	3
síneadh	ʃiːnʲəɡ	3
síneadh	ʃiːnʲəvˠ	3
síneadh	ʃiːnʲuː	3
síneadh	ʃiːnʲu	3
síneadh	ʃiːnʲəx	3
síneadh	ʃiːnʲətʲ	3
síneadh	ʃiːnʲəx	3
síneadh	ʃiːnʲətʲ	3
síneadh	ʃiːnʲuː	3
síneadh	ʃiːnʲətʲ	3
síneadh	ʃiːnʲu	3
sínigh	ʃiːnʲɪɟ	2
sínigh	ʃiːnʲə	2
sínigh	ʃiːnʲiː	2
sínigh	ʃiːnʲi	2
sínigh	ʃiːnʲɪɟ	2
sínigh	ʃiːnʲə	2
sínigh	ʃiːnʲiː	2
sínigh	ʃiːnʲi	2
sinn	ʃɪn̠ʲ	10
sinn	ʃɪnʲ	10
sinne	ʃɪn̠ʲə	2
sinne	ʃɪɲɪ	2
sinsear	ʃiːn̠ʲsʲəɾˠ	4
sinsear	ʃɪn̠ʲsʲəɾˠ	4
sinsir	ʃiːn̠ʲsʲəɾʲ	3
sinsir	ʃɪn̠ʲsʲəɾʲ	3
siobhán	ʃʊwaːn̪ˠ	2
síocháin	ʃiəxaːnʲ	4
síoda	ʃiːd̪ˠə	2
síofra	ʃiːfˠɾˠə	2
sionnach	ʃɪn̪ˠəx	2
sionnach	ʃɪn̪ˠɑx	2
sionnach	ʃɪn̪ˠax	2
sionnach	ʃɪn̪ˠah	2
siopa	ʃɔpˠə	5
siopa	ʃʊpˠə	5
siopadóireacht	ʃʊpˠəd̪ˠoːɾʲəxt̪ˠ	1
síos	ʃiːsˠ	116
sise	ʃɪʃə	1
siúcra	ʃuːkɾˠə	2
siúd	ʃuːd̪ˠ	68
siúil	ʃuːlʲ	3
siúinéir	ʃuːnʲeːɾʲ	1
siúl	ʃuːl̪ˠ	38
siúlóid	ʃuːlˠoːdʲ	1
siúlta	ʃuːl̪ˠt̪ˠə	2
sláinte	sˠl̪ˠɑːn̠ʲtʲə	13
sláinte	sˠl̪ˠan̠ʲtʲə	13
sláinte	sˠl̪ˠəin̠ʲtʲə	13
slán	sˠl̪ˠɑːn̪ˠ	16
slán	sˠlˠæːnˠ	16
slat	sˠl̪ˠat̪ˠ	3
sliabh	ʃlʲiəvˠ	27
sliabh	ʃl̠ʲiəvˠ	27
sliabh	ʃl̠ʲiəw	27
slisne	ʃl̠ʲɪʃn̠ʲə	1
sloinne	sˠl̪ˠɪn̠ʲə	6
sloinne	sˠl̪ˠɪɲɪ	6
slua	sˠl̪ˠuə	3
smacht	sˠmˠɑxt̪ˠ	21
smacht	sˠmˠaxt̪ˠ	21
sna	sˠnˠə	273
snag	sˠn̪ˠaɡ	2
snagcheol	sˠn̪aɡçoːlˠ	1
snámh	sˠn̪ˠɑːvˠ	3
snámh	sˠn̪ˠæːw	3
so	sˠɔ	4
socair	sˠɔkəɾʲ	5
socraigh	sˠɔkɾˠɪɟ	1
socraigh	sˠɔkɾˠə	1
socraigh	sˠɔkɾˠiː	1
socraigh	sˠʌkɾˠi	1
socrú	sˠəkɾˠuː	5
socrú	sˠɔkɾˠuː	5
socrú	sˠʌkɾˠu	5
soiléir	sˠəlʲeːɾʲ	6
soiléir	sˠɛlʲeːɾʲ	6
soiléir	sˠʌlʲeɾʲ	6
soir	sˠɛɾʲ	7
soirbis	sˠɔɾʲəbʲɪʃ	2
soitheach	sˠeːx	5
soitheach	sˠəix	5
soithí	sˠeː	1
soithí	sˠəi	1
sona	sˠʊn̪ˠə	4
spáin	spˠɑːnʲ	1
spáinn	sˠpˠɑːɲ	16
spáinn	sˠpˠɑːn̠ʲ	16
spáinn	sˠpˠæːn̠ʲ	16
spáinne	sˠpˠɑːɲɪ	18
spáinne	sˠpˠɑːn̠ʲə	18
spáinne	sˠpˠæːn̠ʲə	18
spáinnis	sˠpˠɑːn̠ʲəʃ	48
spás	sˠpˠɑːsˠ	15
spás	sˠpˠæːsˠ	15
spéir	spʲeːɾʲ	6
spéis	sˠpʲeːʃ	11
speisialta	sˠpʲɛʃiəl̪ˠt̪ˠə	27
spúnóg	sˠpˠuːn̪ˠoːɡ	2
sráid	sˠɾˠɑːdʲ	33
sráid	sˠɾˠæːdʲ	33
sráidbhaile	sˠɾˠɑːdʲwalʲə	90
sráide	sˠɾˠaːdʲə	5
srón	sˠɾˠoːnˠ	2
srón	sˠɾˠoːn	2
srón	sˠɾˠuːn	2
srón	sˠɾˠuːn̪ˠ	2
sruth	sˠɾˠʊh	22
sruthán	sˠɾˠɑːn̪ˠ	3
stad	sˠt̪ˠad̪ˠ	4
stáisiún	sˠt̪ˠaːʃuːn̪ˠ	29
stéig	ʃdʲeːɟ	5
stiall	ʃtʲiəl̪ˠ	2
stiofán	ʃtʲəfˠɑːn̪ˠ	1
stiofán	ʃtʲʊfˠɑːnˠ	1
stiofán	ʃtʲʊfˠænˠ	1
stoc	sˠt̪ˠɔk	8
stoc	sˠt̪ˠʌk	8
stop	sˠt̪ˠɔpˠ	5
stopadh	sˠt̪ˠɔpˠə	3
stopadh	sˠt̪ˠɔpˠuː	3
stopadh	sˠt̪ˠʌpˠu	3
stopadh	sˠt̪ˠɔpˠəɡ	3
stopadh	sˠt̪ˠɔpˠəvˠ	3
stopadh	sˠt̪ˠɔpˠuː	3
stopadh	sˠt̪ˠʌpˠu	3
stopadh	sˠt̪ˠɔpˠəx	3
stopadh	sˠt̪ˠɔpˠətʲ	3
stopadh	sˠt̪ˠɔpˠəx	3
stopadh	sˠt̪ˠɔpˠətʲ	3
stopadh	sˠt̪ˠɔpˠuː	3
stopadh	sˠt̪ˠʌpˠətʲ	3
stopadh	sˠt̪ˠʌpˠu	3
stoptha	sˠt̪ˠɔpˠə	2
sú	sˠuː	2
suaimhneas	sˠuˑəvʲnʲəsˠ	2
suarach	sˠuˑəɾˠəx	1
suas	sˠuəsˠ	60
suí	sˠiː	5
súil	sˠuːlʲ	15
súil	sˠuːl	15
súile	sˠuːlʲə	16
suim	sˠaimʲ	15
suim	sˠiːmʲ	15
suim	sˠɪmʲ	15
suíochán	sˠiːxɑːnˠ	9
suíomh	sˠiːvˠ	21
suíomh	sˠiːw	21
suíonn	sˠiːn̪ˠ	1
suite	sˠɪtʲə	854
sula	sˠʊlˠə	20
tá	t̪ˠɑː	987
tá	t̪ˠæː	987
tabhair	t̪ˠuːɾʲ	5
tabhair	t̪ˠoːɾʲ	5
tabhairt	t̪ˠoːɾˠtʲ	26
tadhg	t̪ˠəiɡ	2
tae	t̪ˠeː	5
tagann	t̪ˠaɡən̪ˠ	32
taidhleoir	t̪ˠailʲoːɾʲ	2
taidhleoir	t̪ˠailʲoːɾʲ	2
taidhleoir	t̪ˠeːlʲɔɾʲ	2
taidhleoir	t̪ˠeːlʲaɾʲ	2
taifead	t̪ˠafʲəd̪ˠ	9
táin	t̪ˠɑːnʲ	1
táin	t̪ˠæːnʲ	1
tairbhe	t̪ˠaɾʲəvʲə	3
taisce	t̪ˠaʃcɪ	1
taispeáin	t̪ˠəspˠɑːnʲ	1
taispeáin	spˠɑːnʲ	1
taithí	t̪ˠahiː	6
taithí	t̪ˠahiː	6
taithí	t̪ˠahi	6
talamh	t̪ˠɑlˠəvˠ	35
talamh	t̪ˠalˠə	35
talamh	t̪ˠalˠuː	35
talamh	t̪ˠalˠu	35
tamall	t̪ˠɑmˠəl̪ˠ	15
tamall	t̪ˠamˠəl̪ˠ	15
tanaí	t̪ˠɑniː	4
tanaí	t̪ˠan̪ˠiː	4
taobh	t̪ˠeːvˠ	130
taobh	t̪ˠiːvˠ	130
taobh	t̪ˠiːw	130
tapa	t̪ˠapˠə	17
tar	t̪ˠaɾˠ	97
tarbh	t̪ˠaɾˠuː	3
tarbh	t̪ˠaɾˠu	3
tarlú	t̪ˠɑːɾˠl̪ˠuː	5
tarra	t̪ˠaɾˠə	3
tarraingt	t̪ˠaɾˠən̠ʲtʲ	6
tart	t̪ˠaɾˠt̪ˠ	1
te	tʲɛ	18
té	tʲeː	9
teach	tʲax	71
teach	tʲæːx	71
teacht	tʲaxt̪ˠ	77
teacht	tʲæːxt̪ˠ	77
teachtaire	tʲaxt̪ˠəɾʲə	2
téad	tʲiad̪ˠ	1
téad	tʲeːd̪ˠ	1
teaghlach	tʲəiɫ̪əx	18
teann	tʲaun̪ˠ	1
teann	tʲɑːn̪ˠ	1
teann	tʲan̪ˠ	1
téann	tʲeːn̪ˠ	24
téarma	tʲeːɾˠmˠə	56
teas	tʲasˠ	10
teas	tʲæsˠ	10
teastáil	t̪ˠasˠt̪ˠɑːlʲ	8
teastas	tʲasˠt̪ˠəsˠ	2
téigh	tʲeːɟ	2
téigh	tʲeːj	2
téigh	tʲeː	2
teilifís	tʲɛlʲɪfʲiːʃ	5
teilifíse	tʲɛlʲəfʲiːʃə	14
teo	tʲoː	6
teo	tʲɔː	6
teocht	tʲoːxt̪ˠ	22
thabharfadh	hoːɾˠətʲ	3
thabharfadh	hoːɾˠəx	3
tháinig	hɑːnʲɪɟ	267
tháinig	hɑːnʲɪc	267
tháinig	hæːnʲɪc	267
thair	haɾʲ	1
thall	hɑːl̪ˠ	8
thapa	hapˠə	3
thar	haɾˠ	99
tharlódh	hɑːɾˠl̪ˠoːtʲ	1
tharlódh	hɑːɾˠl̪ˠoːx	1
theach	hax	7
theas	hasˠ	76
theas	hæsˠ	76
thiar	hiəɾˠ	71
thig	hɪɟ	3
thiocfadh	hʊkətʲ	8
thiocfadh	hʊkəx	8
thíos	hiːsˠ	17
thit	hɪtʲ	16
thógaint	hoːɡənʲtʲ	1
thoir	hɛɾʲ	40
thóir	hoːɾʲ	1
thóir	hɔːɾʲ	1
thú	huː	3
thuaidh	huəɟ	81
thuaidh	huə	81
thuaidh	huəj	81
thuas	huəsˠ	13
thug	hʊɡ	144
thugadh	hʊɡəx	8
thugadh	hʊɡətʲ	8
thugadh	hʊɡəx	8
thugadh	hʊɡətʲ	8
thugadh	hʊɡuː	8
thugadh	hʊɡətʲ	8
thugadh	hʊɡu	8
thuiscint	hɪʃcɪn̠ʲtʲ	16
tí	tʲiː	16
tiarna	tʲiəɾˠn̪ˠə	26
tigh	tʲɪɟ	8
tigh	tʲiː	8
timpeall	tʲiːmˠpˠəl̪ˠ	124
timpeall	tʲiːmʲpʲəl̪ˠ	124
timpeall	tʲɪmʲpʲəl̪ˠ	124
timpiste	tʲɪmˠpˠəʃtʲə	2
timpiste	tʲiːmˠpˠəʃtʲə	2
tine	tʲɪnʲə	20
tinn	tʲəiɲ	1
tinn	tʲəinʲ	1
tinn	tʲiːn̠ʲ	1
tinn	tʲɪn̠ʲ	1
tinneas	tʲɪn̠ʲəsˠ	9
tinte	tʲɪn̠ʲtʲə	1
tiomáint	tʲɪmɑːn̠ʲtʲ	5
tiomáint	tʲɪmɑːn̠ʲtʲ	5
tiomáint	tʲɪmæn̠ʲtʲ	5
tionchar	tʲʊŋxəɾˠ	29
tionchar	tʲɤŋxəɾˠ	29
tír	tʲiːɾʲ	75
tíre	tʲiːɾʲə	94
tirim	tʲɪɾʲəmʲ	5
tirim	tʲɾʲɪmʲ	5
tirim	tʲɛɾʲəmʲ	5
tithe	tʲɪhə	20
tithe	tʲiː	20
titim	tʲɪtʲəmʲ	9
tiubh	tʲuː	5
tiubh	tʲʊw	5
tiús	tʲuːsˠ	6
tobac	t̪ˠəbˠak	3
tobar	t̪ˠɔbˠəɾˠ	6
tobar	t̪ˠʌbˠəɾˠ	6
tóg	t̪ˠoːɡ	1
tóg	t̪ˠɔːɡ	1
tógáil	t̪ˠoːɡɑːlʲ	15
tógáil	t̪ˠoːɡɑːlʲ	15
tógáil	t̪ˠɔːɡælʲ	15
tógaint	t̪ˠoːɡənʲtʲ	1
tógann	t̪ˠoːɡən̪ˠ	4
tógann	t̪ˠɔːɡən̪ˠ	4
toghchán	t̪ˠəuxɑːn̪ˠ	9
toil	t̪ˠɪlʲ	4
tóir	t̪ˠoːɾʲ	5
tóir	t̪ˠɔːɾʲ	5
tom	t̪ˠuːmˠ	10
tomhais	t̪ˠuːʃ	4
tomhais	t̪ˠɞʃ	4
tomhais	t̪ˠɛʃ	4
tonn	t̪ˠaun̪ˠ	4
tonn	t̪ˠɔn̪ˠ	4
tonn	t̪ˠuːn̪ˠ	4
tonn	t̪ˠʌn̪ˠ	4
toradh	t̪ˠɔɾˠə	27
toradh	t̪ˠɔɾˠuː	27
toradh	t̪ˠʌɾˠu	27
torann	t̪ˠɔɾˠən̪ˠ	1
torann	t̪ˠʌɾˠən̪ˠ	1
torthaí	t̪ˠɔɾˠiː	23
tosach	t̪ˠəsˠɑx	6
tosach	t̪ˠɔsˠəx	6
tosach	t̪ˠʌsˠah	6
tosaí	t̪ˠəsˠiː	2
tosaí	t̪ˠɔsˠiː	2
tosaí	t̪ˠʌsˠi	2
tosaigh	t̪ˠɔsˠɪɟ	21
tosaigh	t̪ˠɔsˠə	21
tosaigh	t̪ˠɔsˠiː	21
tosaigh	t̪ˠʌsˠi	21
tosú	t̪ˠəsˠuː	8
tosú	t̪ˠɔsˠuː	8
tosú	t̪ˠʌsˠu	8
traein	t̪ˠɾˠeːnʲ	2
traidisiún	t̪ˠɾˠadʲəʃuːn̪ˠ	9
traidisiún	t̪ˠɾˠədʲɪʃuːnˠ	9
traidisiún	t̪ˠɾˠədʲɪʃunˠ	9
tráth	t̪ˠɾˠɑː	23
tráth	t̪ˠɾˠæː	23
tráthnóna	t̪ˠɾˠɑːhoːn̪ˠə	1
tráthnóna	t̪ˠɾˠɑːn̪ˠuːn̪ˠə	1
tráthnóna	t̪ˠɾˠænˠoːnˠə	1
trealamh	tʲɾʲalˠəvˠ	2
trealamh	tʲɾʲalˠuː	2
trealamh	tʲɾʲalˠu	2
tréith	tʲɾʲeː	3
tréithe	tʲɾʲeːhə	15
treo	tʲɾʲoː	12
treo	tʲɾʲɔː	12
trí	tʲɾʲiː	263
tríd	tʲɾʲiːdʲ	64
trína	tʲɾʲiːnˠə	3
triomach	tʲɾʲʊməx	1
triomach	tʲɾʲɪməx	1
triomach	tʲɾʲɪmah	1
tríú	tʲɾʲiːuː	45
triúr	tʲɾʲuːɾˠ	14
troid	t̪ˠɾˠɪdʲ	14
troigh	t̪ˠɾˠɪɟ	1
troigh	t̪ˠɾˠɔ	1
troigh	t̪ˠɾˠiː	1
trom	t̪ˠɾˠuːmˠ	17
trua	t̪ˠɾˠuə	5
trua	t̪ˠɾˠuəj	5
tseilg	tʲɛlʲɪɟ	1
tsín	tʲiːnʲ	6
tsín	tʲiːnʲ	6
tú	t̪ˠuː	14
tuairim	t̪ˠuəɾʲəmʲ	30
tuairisc	t̪ˠuˑəɾʲɪʃc	6
tuaisceart	t̪ˠuəʃcəɾˠt̪ˠ	17
tuaithe	t̪ˠuəj	18
tuama	t̪ˠuəmˠə	5
tuath	t̪ˠuə	13
tugann	tˠʊɡən̪ˠ	47
tuí	t̪ˠiː	1
tuigeann	t̪ˠɪɟən̪ˠ	2
tuile	t̪ˠɪlʲə	1
tuilleadh	t̪ˠɪlʲə	24
tuilleadh	t̪ˠɪl̠ʲə	24
tuilleadh	tʲɪl̠ʲə	24
tuilleadh	t̪ˠɪl̠ʲuː	24
tuilleadh	t̪ˠɪl̠ʲu	24
tuircis	t̪ˠʊɾʲcɪʃ	4
tuirne	t̪ˠuːɾˠn̠ʲə	1
tuirse	t̪ˠʊɾˠʃə	1
túisce	t̪ˠuːʃcɪ	9
tuiscint	t̪ˠɪʃcɪn̠ʲtʲ	37
túr	t̪ˠuːɾˠ	8
turtar	t̪ˠʊɾˠt̪ˠəɾˠ	4
turtar	t̪ˠʌɾˠt̪ˠəɾˠ	4
tús	t̪ˠuːsˠ	64
tusa	t̪ˠʊsˠə	2
uachtar	uəxt̪ˠəɾˠ	4
uachtarán	uˑəxt̪ˠəɾˠaːn̻ˠ	30
uafás	uːhɑːsˠ	1
uafás	uːɑːsˠ	1
uafás	uhæsˠ	1
uafásach	uːhɑːsˠəx	2
uafásach	uːɑːsˠəx	2
uafásach	uhæsˠah	2
uaidh	uəɟ	29
uaidh	wəi	29
uaidhsean	wəisən	1
uaigh	uəɟ	2
uaigh	uə	2
uaighe	uəj	1
uaim	wæmʲ	1
uaim	wɛmʲ	1
uaine	uənʲə	3
uaine	wɛnʲə	3
uainn	wæn̠ʲ	2
uainn	wɛn̠ʲ	2
uair	uəɾʲ	61
uaire	uəɾʲə	1
uaireanta	uəɾʲən̪ˠt̪ˠə	63
uaireanta	uəɾʲən̪ˠt̪ˠiː	63
uaisle	uəʃl̠ʲə	5
uaithi	woː	1
uaithi	woːhə	1
ualach	uəlˠəx	3
uathu	woːbˠ	11
uathusan	woːpsən	1
ubh	uː	1
ubh	uvˠ	1
ubh	ɔvˠ	1
úd	uːd̪ˠ	55
údar	uːd̪ˠəɾˠ	16
uí	iː	56
uí	iː	56
uíbh	iːvʲ	2
uibhe	ɪvʲə	1
uile	ɪlʲə	23
uilig	əlʲɪɟ	9
uilig	əlʲʊɡ	9
uimhir	ɪvʲəɾʲ	49
úinéara	uːnʲeːɾˠə	1
uirthi	ɛɾʲhə	104
uirthi	ɔɾˠə	104
uirthi	ɞɾˠə	104
uisce	ɪʃcɪ	78
ullmhaigh	ʊl̪ˠəvˠɪɟ	1
ullmhaigh	ʊl̪ˠwə	1
ullmhaigh	ʊl̪ˠwiː	1
ullmhaigh	ʌl̪ˠwi	1
um	ʊmˠ	18
úna	uːnˠə	5
ungáiris	ʊŋˠɡaːrʲɪʃ	2
ungáiris	ʊŋˠɡaːrʲɪʃ	2
úr	uːɾˠ	16
urlár	uːɾˠl̪ˠɑːɾˠ	4
urlár	əuɾˠl̪ˠɑːɾˠ	4
urlár	ʊɾˠl̪ˠæɾˠ	4
urraim	ɪɾʲəmʲ	5
urú	ʊɾˠuː	2
úsáideach	uːsˠɑːdʲəx	8
úsáideach	uːsˠɑːdʲəx	8
úsáideach	uːsˠædʲah	8
vicipéid	vʲɪcɪpʲeːdʲ	10
vóta	vˠoːt̪ˠə	18
vóta	woːt̪ˠə	18
vóta	wɔːt̪ˠə	18
